Churn,Tenure,CityTier,WarehouseToHome,HourSpendOnApp,NumberOfDeviceRegistered,SatisfactionScore,NumberOfAddress,Complain,OrderAmountHikeFromlastYear,CouponUsed,OrderCount,DaySinceLastOrder,CashbackAmount,PreferredLoginDevice_Mobile Phone,PreferredLoginDevice_Phone,PreferredPaymentMode_COD,PreferredPaymentMode_Cash on Delivery,PreferredPaymentMode_Credit Card,PreferredPaymentMode_Debit Card,PreferredPaymentMode_E wallet,PreferredPaymentMode_UPI,Gender_Male,PreferedOrderCat_Grocery,PreferedOrderCat_Laptop & Accessory,PreferedOrderCat_Mobile,PreferedOrderCat_Mobile Phone,PreferedOrderCat_Others,MaritalStatus_Married,MaritalStatus_Single
1,0.0,0.0,0.21311475409836064,0.4,0.6,0.75,0.19047619047619047,1.0,0.6,0.0625,0.06666666666666667,0.043478260869565216,0.37887319609834147,False,True,False,False,False,False,False,False,True,False,False,True,False,False,False,True
0,0.14754098360655737,0.0,0.02459016393442623,0.6,0.6,0.5,0.047619047619047616,0.0,0.2,0.0625,0.0,0.0,0.37767315917412847,False,True,False,False,False,True,False,False,False,False,False,True,False,False,False,True
1,0.0,0.0,0.05737704918032787,0.6,0.6,0.25,0.047619047619047616,1.0,0.4666666666666667,0.0625,0.0,0.0,0.39773531493276715,False,False,False,False,False,True,False,False,False,False,False,True,False,False,False,True
1,0.0,0.0,0.2459016393442623,0.4,0.6,0.5,0.047619047619047616,0.0,0.7333333333333333,0.125,0.13333333333333333,0.17391304347826086,0.44641373580725563,False,False,False,False,True,False,False,False,False,False,True,False,False,False,False,True
0,0.0,0.0,0.00819672131147541,0.4,0.6,1.0,0.047619047619047616,0.0,0.3333333333333333,0.0625,0.0,0.06521739130434782,0.4293978276254654,False,True,False,False,True,False,False,False,True,False,False,False,True,False,True,False
1,0.0,1.0,0.00819672131147541,0.4,0.6,0.5,0.23809523809523808,0.0,0.0,0.0625,0.6666666666666666,0.15217391304347827,0.6341425890027385,True,False,False,False,False,True,False,False,True,False,False,False,False,False,False,False
0,0.2786885245901639,0.0,0.06557377049180328,0.8,0.8,0.5,0.09523809523809523,1.0,0.26666666666666666,0.0625,0.06666666666666667,0.1956521739130435,0.510200313855811,True,False,False,False,True,False,False,False,False,False,True,False,False,False,False,True
1,0.01639344262295082,0.0,0.09836065573770492,0.8,0.8,1.0,0.3333333333333333,1.0,0.6666666666666666,0.125,0.06666666666666667,0.021739130434782608,0.45859872611464964,False,True,False,False,False,True,False,False,False,False,False,False,True,False,False,True
0,0.5081967213114754,1.0,0.01639344262295082,0.6,0.8,0.5,0.38095238095238093,0.0,0.06666666666666667,0.125,0.06666666666666667,0.08695652173913043,0.5530324009969537,False,False,False,False,False,True,False,False,False,False,True,False,False,False,False,True
0,0.04918032786885246,0.0,0.18032786885245902,0.6,0.6,0.0,0.09523809523809523,0.0,0.2,0.125,0.2,0.2391304347826087,0.5019231360964953,False,False,False,False,True,False,False,False,True,False,False,False,True,False,True,False
1,0.01639344262295082,0.0,0.09016393442622951,0.6,0.6,1.0,0.14285714285714285,1.0,0.06666666666666667,0.0625,0.06666666666666667,0.021739130434782608,0.48223022246838365,False,False,False,False,True,False,False,False,True,False,False,False,True,False,False,True
1,0.0,0.0,0.06557377049180328,0.4,0.4,0.5,0.14285714285714285,1.0,0.13333333333333333,0.25,0.4,0.15217391304347827,0.4104433982584079,False,True,True,False,False,False,False,False,False,False,False,True,False,False,True,False
0,0.19672131147540983,0.0,0.13934426229508196,0.8,0.8,0.25,0.047619047619047616,1.0,0.26666666666666666,0.125,0.06666666666666667,0.21739130434782608,0.7387919628296256,True,False,False,False,False,True,False,False,True,False,False,False,False,False,True,False
0,0.14754098360655737,0.0,0.06557377049180328,0.4,0.6,0.75,0.047619047619047616,0.0,0.06666666666666667,0.0625,0.0,0.021739130434782608,0.3735807255607865,False,True,False,False,False,False,False,False,True,False,False,True,False,False,True,False
0,0.18032786885245902,0.0,0.00819672131147541,0.4,0.0,0.0,0.0,0.0,0.13333333333333333,0.0,0.0,0.17391304347826086,0.542324379211668,True,False,False,False,False,True,False,False,False,False,True,False,False,False,False,True
0,0.2459016393442623,0.0,0.22131147540983606,0.4,0.4,1.0,0.14285714285714285,1.0,0.4,0.0,0.06666666666666667,0.0,0.7135911874211515,False,False,False,False,True,False,False,False,False,False,False,False,False,False,True,False
0,0.13114754098360656,0.0,0.06557377049180328,0.4,0.4,0.5,0.14285714285714285,0.0,0.6666666666666666,0.0,0.0,0.13043478260869565,0.6222037601156959,True,False,False,False,False,False,False,True,True,False,False,False,False,False,False,True
1,0.0,0.0,0.06557377049180328,0.6,0.8,0.5,0.047619047619047616,1.0,0.8666666666666667,0.0625,0.0,0.13043478260869565,0.4945998338410413,False,False,False,False,False,True,False,False,True,False,True,False,False,False,False,True
0,0.32786885245901637,0.5,0.22131147540983606,0.6,0.4,0.5,0.14285714285714285,0.0,0.26666666666666666,0.0625,0.0,0.0,0.9125819255977107,True,False,False,False,False,True,False,False,False,False,False,False,False,True,True,False
1,0.01639344262295082,0.0,0.08196721311475409,0.6,0.8,0.75,0.09523809523809523,0.0,0.13333333333333333,0.0625,0.06666666666666667,0.021739130434782608,0.4234284131819441,False,True,False,False,False,True,False,False,False,False,False,False,True,False,False,True
1,0.01639344262295082,1.0,0.05737704918032787,0.6,0.6,0.5,0.09523809523809523,1.0,0.2,0.125,0.06666666666666667,0.021739130434782608,0.47235299547678383,True,False,False,False,False,False,True,False,False,False,False,False,True,False,False,True
0,0.08196721311475409,1.0,0.07377049180327869,0.6,0.6,0.75,0.047619047619047616,1.0,0.0,0.6875,0.6666666666666666,0.1956521739130435,0.4685682636388812,True,False,True,False,False,False,False,False,False,False,True,False,False,False,True,False
0,0.14754098360655737,0.0,0.14754098360655737,0.6,0.6,0.75,0.047619047619047616,0.0,0.6666666666666666,0.0625,0.0,0.0,0.3731499430751716,False,True,False,False,False,False,False,True,True,False,False,True,False,False,True,False
1,0.01639344262295082,0.5,0.19672131147540983,0.6,0.8,0.75,0.09523809523809523,0.0,0.13333333333333333,0.125,0.06666666666666667,0.021739130434782608,0.47272223760731097,False,False,False,False,False,False,False,True,False,False,False,False,True,False,True,False
1,0.01639344262295082,1.0,0.21311475409836064,0.6,0.8,0.75,0.047619047619047616,1.0,0.8666666666666667,0.1875,0.6666666666666666,0.2391304347826087,0.5261392658235639,True,False,False,False,True,False,False,False,False,False,True,False,False,False,False,True
0,0.09836065573770492,1.0,0.1885245901639344,0.6,0.4,0.75,0.0,0.0,0.13333333333333333,0.0,0.0,0.15217391304347827,0.4968152866242038,False,False,False,False,False,False,True,False,True,False,True,False,False,False,True,False
0,0.13114754098360656,0.0,0.09016393442622951,0.4,0.4,0.0,0.047619047619047616,0.0,0.6,0.0,0.0,0.043478260869565216,0.42822856087879624,False,True,False,False,False,False,False,True,True,False,False,False,True,False,True,False
1,0.01639344262295082,1.0,0.22950819672131148,0.6,0.8,1.0,0.2857142857142857,0.0,0.3333333333333333,0.0625,0.06666666666666667,0.043478260869565216,0.5906643281331734,False,False,False,False,False,False,True,False,False,False,True,False,False,False,False,True
0,0.0,0.0,0.00819672131147541,0.4,0.4,0.75,0.047619047619047616,0.0,0.6,0.0,0.0,0.08695652173913043,0.5045386011877289,False,False,False,False,False,True,False,False,False,False,True,False,False,False,True,False
1,0.0,0.0,0.07377049180327869,0.4,0.4,0.75,0.047619047619047616,1.0,0.4,0.0,0.0,0.0,0.38179636296501435,False,True,False,False,False,False,False,False,True,False,False,True,False,False,True,False
0,0.14754098360655737,0.0,0.01639344262295082,0.6,0.6,0.5,0.047619047619047616,0.0,0.2,0.0,0.0,0.0,0.35579556294039816,True,False,False,False,False,True,False,False,True,False,False,False,True,False,True,False
1,0.0,0.0,0.02459016393442623,0.6,0.4,0.0,0.2857142857142857,1.0,0.13333333333333333,0.0,0.06666666666666667,0.043478260869565216,0.42222837625773096,False,False,False,False,False,True,False,False,True,False,False,False,True,False,True,False
0,0.4262295081967213,0.0,0.01639344262295082,0.8,0.8,0.5,0.047619047619047616,0.0,0.26666666666666666,0.125,0.7333333333333333,0.21739130434782608,1.0,True,False,False,False,False,True,False,False,True,False,False,False,False,True,False,False
1,0.0,1.0,0.16393442622950818,0.6,0.0,0.0,0.38095238095238093,1.0,0.13333333333333333,0.0,0.0,0.08695652173913043,0.4709067971322194,False,False,False,False,False,False,True,False,True,False,True,False,False,False,False,True
0,0.32786885245901637,1.0,0.01639344262295082,0.8,0.6,1.0,0.09523809523809523,0.0,1.0,0.5625,1.0,0.06521739130434782,0.7062678851656974,True,False,False,False,False,False,True,False,False,False,False,False,False,False,True,False
0,0.03278688524590164,0.0,0.00819672131147541,0.6,0.4,0.25,0.047619047619047616,0.0,0.26666666666666666,0.0,0.0,0.043478260869565216,0.4233976430044001,False,True,False,False,False,True,False,False,False,False,False,False,True,False,True,False
1,0.01639344262295082,0.5,0.19672131147540983,0.6,1.0,0.5,0.09523809523809523,0.0,0.06666666666666667,0.0625,0.06666666666666667,0.021739130434782608,0.43247484537985786,False,True,False,False,False,False,False,True,True,False,False,False,True,False,True,False
0,0.03278688524590164,1.0,0.22950819672131148,0.6,0.8,1.0,0.09523809523809523,0.0,0.06666666666666667,0.125,0.06666666666666667,0.10869565217391304,0.5299855380165543,True,False,False,False,False,True,False,False,True,False,True,False,False,False,False,False
0,0.09836065573770492,1.0,0.07377049180327869,0.8,0.6,0.0,0.23809523809523808,0.0,0.13333333333333333,0.0625,0.06666666666666667,0.06521739130434782,0.6678359334133358,True,False,False,False,False,False,True,False,True,False,True,False,False,False,True,False
0,0.4426229508196721,0.0,0.20491803278688525,0.8,0.6,0.0,0.3333333333333333,0.0,0.5333333333333333,0.0625,0.2,0.1956521739130435,0.8238715037385765,True,False,False,False,False,True,False,False,False,True,False,False,False,False,False,True
1,0.01639344262295082,1.0,0.19672131147540983,0.6,0.6,0.5,0.09523809523809523,1.0,0.6,0.0625,0.06666666666666667,0.021739130434782608,0.4361672666851288,False,True,False,False,False,False,True,False,True,False,False,False,True,False,False,True
1,0.0,0.0,0.05737704918032787,0.6,0.4,1.0,0.09523809523809523,0.0,0.0,0.0,0.0,0.06521739130434782,0.39878150096926057,False,True,False,False,False,False,False,False,True,False,False,True,False,False,False,True
1,0.01639344262295082,0.0,0.2459016393442623,0.6,0.4,1.0,0.3333333333333333,1.0,0.5333333333333333,0.0,0.0,0.0,0.513031170189852,True,False,False,False,True,False,False,False,True,False,True,False,False,False,False,False
1,0.3442622950819672,0.0,0.03278688524590164,0.6,0.6,0.75,0.38095238095238093,1.0,0.26666666666666666,0.5,0.8666666666666667,0.1956521739130435,0.9768300563094248,True,False,False,False,False,True,False,False,True,False,False,False,False,True,False,True
1,0.09836065573770492,1.0,0.08196721311475409,0.4,0.8,0.5,0.38095238095238093,0.0,0.13333333333333333,0.0,0.0,0.06521739130434782,0.4721991445890643,True,False,False,False,False,False,True,False,False,False,True,False,False,False,False,True
1,0.01639344262295082,0.0,0.03278688524590164,0.6,0.6,1.0,0.38095238095238093,0.0,0.6666666666666666,0.125,0.06666666666666667,0.17391304347826086,0.46792208991045875,True,False,False,False,False,True,False,False,False,False,False,False,True,False,False,False
1,0.0,0.0,0.21311475409836064,0.6,0.4,0.0,0.047619047619047616,1.0,0.8666666666666667,0.0,0.0,0.021739130434782608,0.393704421674513,False,True,False,False,False,True,False,False,True,False,False,True,False,False,False,True
0,0.04918032786885246,0.5,0.06557377049180328,0.6,0.8,0.75,0.09523809523809523,0.0,0.06666666666666667,0.125,0.06666666666666667,0.021739130434782608,0.4709067971322194,True,False,False,False,True,False,False,False,True,False,False,False,True,False,True,False
0,0.06557377049180328,1.0,0.1721311475409836,0.6,0.0,0.25,0.0,0.0,0.06666666666666667,0.0625,0.06666666666666667,0.043478260869565216,0.39358134096433733,False,False,False,False,False,True,False,False,True,False,False,True,False,False,False,False
1,0.14754098360655737,1.0,0.18032786885245902,0.4,0.6,0.75,0.047619047619047616,1.0,0.13333333333333333,0.0,0.0,0.0,0.372965322009908,False,True,False,False,False,False,False,True,True,False,False,True,False,False,False,True
1,0.14754098360655737,1.0,0.08196721311475409,0.4,0.4,0.0,0.19047619047619047,0.0,0.0,0.0,0.2,0.06521739130434782,0.6183574879227053,True,False,False,False,False,False,True,False,True,False,False,False,False,False,True,False
1,0.01639344262295082,0.5,0.19672131147540983,0.6,1.0,0.5,0.09523809523809523,0.0,0.06666666666666667,0.0625,0.06666666666666667,0.021739130434782608,0.43247484537985786,False,True,False,False,False,False,False,True,True,False,False,False,True,False,True,False
0,0.14754098360655737,0.0,0.00819672131147541,0.4,0.4,0.75,0.0,0.0,0.26666666666666666,0.0,0.0,0.10869565217391304,0.4685682636388812,True,False,False,False,False,False,False,True,False,False,True,False,False,False,False,False
0,0.08196721311475409,1.0,0.07377049180327869,0.4,0.0,0.25,0.047619047619047616,0.0,0.26666666666666666,0.0,0.0,0.17391304347826086,0.49875380780947104,True,False,False,False,True,False,False,False,True,False,True,False,False,False,False,False
0,0.14754098360655737,0.0,0.22950819672131148,0.6,0.4,0.5,0.2857142857142857,0.0,0.13333333333333333,0.0,0.4,0.15217391304347827,0.46884519523677654,True,False,False,False,True,False,False,False,True,False,True,False,False,False,True,False
1,0.0,0.0,0.1885245901639344,0.6,0.4,0.5,0.047619047619047616,1.0,0.26666666666666666,0.3125,0.3333333333333333,0.15217391304347827,0.4978307024831533,True,False,False,False,True,False,False,False,True,False,True,False,False,False,True,False
0,0.18032786885245902,0.0,0.09016393442622951,0.4,0.8,0.5,0.14285714285714285,0.0,0.06666666666666667,0.0625,0.06666666666666667,0.2391304347826087,0.7140527400843103,True,False,False,False,True,False,False,False,False,False,False,False,False,False,True,False
1,0.0,1.0,0.07377049180327869,0.4,0.4,0.0,0.047619047619047616,1.0,0.2,0.0625,0.0,0.043478260869565216,0.3791808978737807,False,False,False,False,False,False,True,False,False,False,False,True,False,False,False,True
0,0.0,0.0,0.22131147540983606,0.6,0.4,0.25,0.047619047619047616,0.0,0.06666666666666667,0.0625,0.0,0.043478260869565216,0.3970583710268008,False,True,False,False,False,True,False,False,True,False,False,True,False,False,True,False
1,0.19672131147540983,0.0,0.01639344262295082,0.8,0.8,0.5,0.47619047619047616,1.0,0.2,0.0625,0.06666666666666667,0.021739130434782608,0.5502015446629127,True,False,False,False,False,True,False,False,True,False,False,False,False,False,False,True
0,0.14754098360655737,0.5,0.05737704918032787,0.4,0.4,0.5,0.38095238095238093,0.0,0.4,0.125,0.06666666666666667,0.043478260869565216,0.3774577679313209,False,True,False,False,False,False,False,False,True,False,False,True,False,False,False,False
1,0.0,0.0,0.00819672131147541,0.6,0.6,0.5,0.0,1.0,0.2,0.0625,0.0,0.043478260869565216,0.4224745376780824,False,True,False,False,False,True,False,False,True,False,False,False,True,False,False,True
1,0.0,1.0,0.04918032786885246,0.4,0.6,0.5,0.047619047619047616,1.0,0.0,0.0625,0.0,0.06521739130434782,0.4844456752515462,True,False,False,False,False,False,True,False,True,False,True,False,False,False,False,True
0,0.19672131147540983,0.0,0.02459016393442623,0.6,0.6,0.5,0.047619047619047616,0.0,0.0,0.0625,0.6666666666666666,0.21739130434782608,0.4477983937967322,False,True,True,False,False,False,False,False,False,False,True,False,False,False,False,True
0,0.21311475409836064,0.0,0.13114754098360656,0.6,0.6,0.5,0.047619047619047616,0.0,0.13333333333333333,0.375,0.8666666666666667,0.2608695652173913,0.6287885781100957,True,False,False,False,False,True,False,False,False,False,False,False,False,False,True,False
0,0.3114754098360656,0.0,0.22131147540983606,0.8,0.8,0.0,0.047619047619047616,0.0,0.2,0.0625,0.2,0.1956521739130435,0.566355887873473,True,False,False,False,False,True,False,False,False,False,True,False,False,False,True,False
0,0.2459016393442623,0.0,0.11475409836065574,0.6,0.6,0.0,0.19047619047619047,1.0,0.06666666666666667,0.125,0.06666666666666667,0.021739130434782608,0.5312778854733992,True,False,False,False,False,True,False,False,True,False,False,False,True,False,True,False
0,0.5081967213114754,0.0,0.03278688524590164,0.8,0.8,0.25,0.19047619047619047,1.0,0.2,0.0625,0.26666666666666666,0.08695652173913043,0.806978676266962,True,False,False,False,False,True,False,False,False,True,False,False,False,False,False,True
0,0.13114754098360656,0.0,0.1721311475409836,0.6,0.8,0.0,0.09523809523809523,0.0,0.13333333333333333,0.125,0.5333333333333333,0.17391304347826086,0.47475306932520994,True,False,False,False,False,True,False,False,False,False,False,False,True,False,True,False
1,0.14754098360655737,0.0,0.00819672131147541,0.4,0.4,0.5,0.0,0.0,0.2,0.0,0.0,0.10869565217391304,0.3710268008246408,False,True,False,True,False,False,False,False,True,False,False,True,False,False,False,True
0,0.0,0.0,0.02459016393442623,0.4,0.4,0.0,0.0,0.0,0.4666666666666667,0.125,0.06666666666666667,0.043478260869565216,0.43776731591741286,False,True,False,False,False,True,False,False,False,False,True,False,False,False,True,False
0,0.36065573770491804,0.0,0.04918032786885246,0.6,0.4,0.5,0.09523809523809523,0.0,0.2,0.0,0.0,0.043478260869565216,0.5123542262838856,True,False,True,False,False,False,False,False,True,False,True,False,False,False,False,False
0,0.0,0.0,0.04918032786885246,0.6,0.4,0.0,0.047619047619047616,0.0,0.26666666666666666,0.0,0.0,0.0,0.3400412320379088,False,False,False,False,False,True,False,False,True,False,False,False,True,False,False,True
0,0.03278688524590164,1.0,0.02459016393442623,0.4,0.4,0.25,0.047619047619047616,0.0,0.4666666666666667,0.0,0.0,0.1956521739130435,0.4478291639742761,False,False,False,False,False,True,False,False,True,False,True,False,False,False,False,True
0,0.03278688524590164,0.0,0.03278688524590164,0.8,0.8,0.75,0.047619047619047616,0.0,0.4666666666666667,0.0625,0.06666666666666667,0.10869565217391304,0.4831225576171574,True,False,False,False,False,True,False,False,True,False,False,False,True,False,False,False
0,0.09836065573770492,1.0,0.03278688524590164,0.6,0.6,0.75,0.047619047619047616,1.0,0.2,0.0625,0.06666666666666667,0.06521739130434782,0.5101080033231792,True,False,False,False,False,False,True,False,True,False,True,False,False,False,False,False
1,0.01639344262295082,0.0,0.13934426229508196,0.6,0.6,0.5,0.38095238095238093,1.0,0.13333333333333333,0.0625,0.4666666666666667,0.17391304347826086,0.8034093356718669,True,False,False,False,True,False,False,False,True,False,False,False,False,False,False,False
0,0.26229508196721313,0.0,0.03278688524590164,0.6,0.6,0.5,0.047619047619047616,1.0,0.26666666666666666,0.0625,0.13333333333333333,0.2391304347826087,0.9342133604110896,False,False,False,False,False,True,False,False,True,True,False,False,False,False,True,False
1,0.01639344262295082,0.0,0.03278688524590164,0.6,1.0,0.0,0.2857142857142857,1.0,0.2,0.125,0.13333333333333333,0.06521739130434782,0.4912151143112095,True,False,False,False,True,False,False,False,True,False,False,False,True,False,True,False
1,0.3442622950819672,0.0,0.03278688524590164,0.6,0.6,0.75,0.38095238095238093,1.0,0.26666666666666666,0.375,0.8666666666666667,0.1956521739130435,0.9768300563094248,True,False,False,False,False,True,False,False,True,False,False,False,False,True,False,True
1,0.0,0.0,0.09016393442622951,0.4,0.8,0.0,0.3333333333333333,0.0,0.13333333333333333,0.0,0.0,0.06521739130434782,0.41256654050893876,False,True,False,False,False,False,False,False,True,False,False,True,False,False,True,False
0,0.14754098360655737,0.0,0.00819672131147541,0.6,0.6,1.0,0.047619047619047616,0.0,0.06666666666666667,0.0,0.13333333333333333,0.043478260869565216,0.3759500292316687,False,True,False,False,False,True,False,False,True,False,False,True,False,False,False,False
0,0.2786885245901639,0.0,0.04918032786885246,0.4,0.6,0.5,0.14285714285714285,0.0,0.2,0.0,0.0,0.06521739130434782,0.40499707683313335,False,False,False,False,False,True,False,False,True,False,False,True,False,False,False,True
0,0.09836065573770492,0.0,0.05737704918032787,0.6,0.2,0.0,0.19047619047619047,0.0,0.4666666666666667,0.125,0.06666666666666667,0.06521739130434782,0.48653804732453304,True,False,False,False,False,False,False,True,False,False,False,False,True,False,True,False
0,0.26229508196721313,0.0,0.22950819672131148,0.6,0.6,1.0,0.19047619047619047,1.0,0.4666666666666667,0.0625,0.06666666666666667,0.021739130434782608,0.7905166312809625,False,False,False,False,True,False,False,False,False,False,False,False,False,False,False,False
0,0.01639344262295082,0.0,0.09016393442622951,0.4,0.4,0.5,0.14285714285714285,0.0,0.13333333333333333,0.0625,0.0,0.15217391304347827,0.4203206252500077,False,True,False,False,False,False,False,True,False,False,True,False,False,False,False,True
1,0.04918032786885246,1.0,0.1885245901639344,0.6,0.6,0.5,0.09523809523809523,1.0,0.06666666666666667,0.0625,0.0,0.0,0.5040155081694822,True,False,False,False,False,False,True,False,True,False,True,False,False,False,True,False
1,0.01639344262295082,0.0,0.2540983606557377,0.6,0.8,0.5,0.09523809523809523,0.0,0.8,0.1875,0.2,0.1956521739130435,0.5233391796670667,False,False,False,False,True,False,False,False,False,False,True,False,False,False,False,True
1,0.0,1.0,0.08196721311475409,0.6,0.4,1.0,0.14285714285714285,1.0,0.4,0.0,0.0,0.06521739130434782,0.5607557155604788,True,False,False,False,False,False,True,False,False,False,True,False,False,False,False,True
1,0.14754098360655737,1.0,0.03278688524590164,0.8,1.0,0.75,0.14285714285714285,1.0,0.26666666666666666,0.0625,0.06666666666666667,0.2608695652173913,0.9638450413858888,True,False,False,False,False,False,True,False,False,False,False,False,False,True,False,True
1,0.01639344262295082,0.0,0.09016393442622951,0.6,0.8,1.0,0.047619047619047616,1.0,0.8,0.125,0.06666666666666667,0.06521739130434782,0.45604480137850395,False,False,False,False,True,False,False,False,True,False,False,False,True,False,False,True
0,0.4262295081967213,0.0,0.20491803278688525,0.4,0.0,0.0,0.14285714285714285,0.0,0.26666666666666666,0.0,0.0,0.043478260869565216,0.523246869134435,True,False,False,False,True,False,False,False,True,False,False,False,False,False,True,False
0,0.09836065573770492,0.0,0.23770491803278687,0.6,0.4,0.5,0.047619047619047616,1.0,0.06666666666666667,0.25,0.26666666666666666,0.15217391304347827,0.46792208991045875,True,False,False,False,False,True,False,False,True,False,True,False,False,False,True,False
0,0.26229508196721313,0.0,0.03278688524590164,0.6,0.6,0.25,0.09523809523809523,0.0,0.2,0.1875,0.13333333333333333,0.06521739130434782,0.5104464752761623,True,False,False,False,False,True,False,False,False,False,True,False,False,False,False,False
0,0.16393442622950818,0.5,0.07377049180327869,0.4,0.4,0.75,0.09523809523809523,0.0,0.13333333333333333,0.1875,0.2,0.15217391304347827,0.43296716822056064,False,True,False,False,False,False,False,True,True,False,True,False,False,False,True,False
1,0.3114754098360656,1.0,0.03278688524590164,0.6,0.6,0.0,0.23809523809523808,0.0,0.4,0.125,0.4666666666666667,0.08695652173913043,0.5434013354257053,True,False,False,False,True,False,False,False,True,False,True,False,False,False,False,True
0,0.39344262295081966,0.0,0.00819672131147541,0.2,0.6,1.0,0.14285714285714285,0.0,0.6,0.25,0.7333333333333333,0.17391304347826086,0.5379857841779747,False,False,False,False,True,False,False,False,False,False,False,False,False,False,False,True
1,0.01639344262295082,1.0,0.02459016393442623,0.6,0.6,0.75,0.09523809523809523,1.0,0.06666666666666667,0.1875,0.13333333333333333,0.06521739130434782,0.4554601680051694,False,False,False,False,False,True,False,False,False,False,False,False,True,False,False,True
1,0.0,0.0,0.06557377049180328,0.6,0.4,0.5,0.047619047619047616,0.0,0.4666666666666667,0.0625,0.0,0.021739130434782608,0.4579525523862273,False,True,False,False,False,True,False,False,True,False,True,False,False,False,False,False
1,0.01639344262295082,1.0,0.01639344262295082,0.6,1.0,0.5,0.09523809523809523,0.0,0.13333333333333333,0.125,0.06666666666666667,0.021739130434782608,0.42644389058124865,False,False,False,False,False,True,False,False,False,False,False,False,True,False,False,True
0,0.19672131147540983,0.0,0.20491803278688525,0.4,0.4,0.0,0.3333333333333333,0.0,0.13333333333333333,0.0,0.0,0.15217391304347827,0.4341056647896859,False,True,False,False,False,True,False,False,True,False,True,False,False,False,False,True
0,0.21311475409836064,0.0,0.13934426229508196,0.6,0.4,0.5,0.42857142857142855,0.0,0.3333333333333333,0.0625,0.0,0.0,0.41675128465491246,False,False,False,False,False,True,False,False,True,False,False,True,False,False,True,False
1,0.13114754098360656,1.0,0.22131147540983606,0.6,0.4,1.0,0.09523809523809523,0.0,0.2,0.0,0.0,0.0,0.43958275639250444,False,False,False,False,False,True,False,False,False,False,True,False,False,False,True,False
1,0.0,1.0,0.22950819672131148,0.4,0.4,0.0,0.047619047619047616,1.0,0.4666666666666667,0.0,0.4,0.15217391304347827,0.486568817502077,True,False,False,False,False,True,False,False,True,False,True,False,False,False,False,True
0,0.14754098360655737,0.0,0.22950819672131148,0.6,0.4,0.75,0.09523809523809523,0.0,0.26666666666666666,0.0,0.0,0.043478260869565216,0.37881165574325365,False,True,False,False,False,False,False,False,False,False,False,True,False,False,False,True
1,0.01639344262295082,1.0,0.02459016393442623,0.6,1.0,0.5,0.09523809523809523,0.0,0.13333333333333333,0.0625,0.06666666666666667,0.021739130434782608,0.42644389058124865,False,False,False,False,False,True,False,False,False,False,False,False,True,False,False,True
1,0.14754098360655737,0.0,0.08196721311475409,0.4,0.4,1.0,0.14285714285714285,0.0,0.2,0.0625,0.0,0.0,0.3697959937228838,True,False,False,False,False,True,False,False,True,False,False,True,False,False,False,True
0,0.45901639344262296,0.0,0.1557377049180328,0.6,0.6,0.5,0.42857142857142855,0.0,0.06666666666666667,0.125,0.06666666666666667,0.1956521739130435,0.7150681559432597,True,False,False,True,False,False,False,False,False,False,False,False,False,False,False,False
1,0.01639344262295082,0.0,0.21311475409836064,0.6,0.8,0.5,0.2857142857142857,1.0,0.26666666666666666,0.0625,0.06666666666666667,0.08695652173913043,0.4470291393581341,False,True,False,False,False,True,False,False,True,False,False,False,True,False,False,True
0,0.14754098360655737,0.0,0.03278688524590164,0.6,0.4,0.75,0.047619047619047616,0.0,0.2,0.0625,0.0,0.0,0.35333394873688423,True,False,False,False,True,False,False,False,False,False,False,False,True,False,False,True
0,0.18032786885245902,0.0,0.09836065573770492,0.8,0.6,0.75,0.09523809523809523,0.0,0.06666666666666667,0.125,0.4666666666666667,0.17391304347826086,0.505738638111942,True,False,False,False,True,False,False,False,False,False,False,False,True,False,True,False
1,0.0,0.0,0.1885245901639344,0.6,0.4,0.5,0.047619047619047616,1.0,0.26666666666666666,0.1875,0.3333333333333333,0.15217391304347827,0.4978307024831533,True,False,False,False,True,False,False,False,True,False,True,False,False,False,False,False
1,0.0,1.0,0.22131147540983606,0.6,0.4,0.0,0.047619047619047616,1.0,0.0,0.0,0.0,0.17391304347826086,0.48053786270346777,False,False,False,False,False,False,True,False,True,False,True,False,False,False,True,False
1,0.14754098360655737,0.0,0.07377049180327869,0.4,0.6,0.75,0.047619047619047616,0.0,0.06666666666666667,0.0,0.0,0.0,0.34650296932213304,True,False,False,False,False,True,False,False,False,False,False,False,True,False,False,True
1,0.0,1.0,0.07377049180327869,0.6,0.8,1.0,0.0,0.0,0.6666666666666666,0.0625,0.0,0.0,0.37924243822886855,False,False,True,False,False,False,False,False,False,False,False,True,False,False,False,True
0,0.45901639344262296,0.5,0.22131147540983606,0.6,0.0,0.75,0.19047619047619047,1.0,0.26666666666666666,0.0625,0.0,0.08695652173913043,0.9119049816917444,True,False,False,False,False,False,False,True,True,False,False,False,False,True,True,False
1,0.14754098360655737,0.0,0.09016393442622951,0.4,0.6,1.0,0.047619047619047616,0.0,0.13333333333333333,0.0625,0.0,0.0,0.35127234684144126,True,False,False,False,False,True,False,False,False,False,False,False,True,False,False,True
0,0.19672131147540983,0.0,0.09016393442622951,0.8,0.6,0.0,0.09523809523809523,0.0,0.13333333333333333,0.125,0.13333333333333333,0.043478260869565216,0.4550293855195544,False,True,False,False,False,True,False,False,False,False,False,False,True,False,False,True
1,0.04918032786885246,1.0,0.05737704918032787,0.6,0.6,0.25,0.19047619047619047,0.0,0.26666666666666666,0.0625,0.06666666666666667,0.021739130434782608,0.44881380965568174,False,True,True,False,False,False,False,False,True,False,True,False,False,False,False,False
1,0.0,0.0,0.07377049180327869,0.4,0.4,0.75,0.047619047619047616,1.0,0.4,0.0,0.0,0.0,0.38179636296501435,False,True,False,False,False,False,False,False,True,False,False,True,False,False,True,False
1,0.0,1.0,0.1557377049180328,0.6,0.4,0.5,0.0,1.0,0.4666666666666667,0.1875,0.13333333333333333,0.043478260869565216,0.44967537462691154,False,False,False,False,False,False,True,False,False,False,True,False,False,False,False,False
0,0.03278688524590164,0.0,0.09836065573770492,0.6,0.6,0.5,0.19047619047619047,0.0,0.2,0.0625,0.06666666666666667,0.17391304347826086,0.4972460691098187,True,False,False,False,False,False,False,True,False,False,True,False,False,False,False,True
0,0.08196721311475409,0.0,0.08196721311475409,0.6,0.4,0.25,0.047619047619047616,1.0,0.06666666666666667,0.0625,0.0,0.10869565217391304,0.5022308378719345,True,False,False,False,False,True,False,False,False,False,True,False,False,False,False,False
0,0.3114754098360656,0.0,0.09836065573770492,0.8,0.6,0.25,0.19047619047619047,0.0,0.7333333333333333,0.125,0.06666666666666667,0.06521739130434782,0.46629127050063074,True,False,False,False,False,True,False,False,True,False,False,False,True,False,False,False
1,0.13114754098360656,1.0,0.22131147540983606,0.6,0.4,1.0,0.09523809523809523,0.0,0.2,0.0,0.0,0.0,0.43958275639250444,False,False,False,False,False,True,False,False,False,False,True,False,False,False,False,False
0,0.36065573770491804,0.0,0.06557377049180328,0.4,0.6,0.5,0.38095238095238093,0.0,0.8666666666666667,0.0625,0.0,0.06521739130434782,0.6450967722083756,True,False,False,False,False,False,False,True,True,False,False,False,False,False,False,True
0,0.5081967213114754,0.0,0.05737704918032787,0.6,0.8,0.75,0.14285714285714285,1.0,0.2,0.125,0.06666666666666667,0.06521739130434782,0.709314132742546,True,False,False,True,False,False,False,False,False,False,False,False,False,False,True,False
0,0.39344262295081966,0.0,0.03278688524590164,0.8,0.6,1.0,0.09523809523809523,0.0,0.26666666666666666,0.875,0.9333333333333333,0.17391304347826086,0.9361518815963568,False,False,False,False,False,True,False,False,True,True,False,False,False,False,True,False
0,0.0,0.0,0.02459016393442623,0.4,0.4,0.5,0.2857142857142857,1.0,0.5333333333333333,0.0,0.0,0.043478260869565216,0.43007477153143175,False,True,False,False,False,False,False,True,True,False,False,False,True,False,True,False
0,0.09836065573770492,1.0,0.09016393442622951,0.4,0.6,0.25,0.14285714285714285,0.0,0.2,0.0625,0.0,0.021739130434782608,0.45176774669989844,False,False,False,False,False,False,True,False,True,False,True,False,False,False,False,True
1,0.0,1.0,0.02459016393442623,0.6,0.4,1.0,0.0,0.0,0.0,0.0625,0.0,0.043478260869565216,0.40127388535031844,False,True,False,False,False,False,True,False,True,False,False,True,False,False,True,False
1,0.0,1.0,0.05737704918032787,0.6,0.8,0.5,0.19047619047619047,1.0,0.4666666666666667,0.375,0.4,0.15217391304347827,0.49761531124034586,True,False,False,False,False,True,False,False,True,False,True,False,False,False,False,False
0,0.14754098360655737,0.5,0.08196721311475409,0.8,0.6,0.5,0.09523809523809523,0.0,0.4666666666666667,0.0625,0.06666666666666667,0.10869565217391304,0.5176466968214406,True,False,True,False,False,False,False,False,True,False,False,False,True,False,False,True
0,0.09836065573770492,1.0,0.21311475409836064,0.4,0.4,0.5,0.047619047619047616,0.0,0.06666666666666667,0.0,0.0,0.021739130434782608,0.4473676113111172,False,False,False,False,True,False,False,False,False,False,True,False,False,False,False,False
1,0.01639344262295082,0.0,0.05737704918032787,0.6,0.2,0.5,0.19047619047619047,1.0,0.26666666666666666,0.0625,0.06666666666666667,0.08695652173913043,0.45946029108587955,False,False,False,False,False,True,False,False,False,False,False,False,True,False,False,True
0,0.16393442622950818,0.0,0.07377049180327869,0.4,0.4,0.25,0.047619047619047616,1.0,0.06666666666666667,0.0,0.0,0.043478260869565216,0.3792732084064125,False,False,False,False,False,False,False,False,True,False,False,True,False,False,False,False
0,0.01639344262295082,1.0,0.09836065573770492,0.8,0.8,0.5,0.09523809523809523,0.0,0.13333333333333333,0.0625,0.06666666666666667,0.021739130434782608,0.4215514323517647,False,True,False,False,True,False,False,False,False,False,False,False,True,False,False,True
1,0.0,0.0,0.07377049180327869,0.4,0.0,0.5,0.14285714285714285,1.0,0.2,0.0,0.0,0.06521739130434782,0.38253484722606845,False,False,False,False,False,True,False,False,False,False,False,True,False,False,False,True
1,0.3114754098360656,0.0,0.12295081967213115,0.6,0.4,0.75,0.42857142857142855,1.0,0.4666666666666667,0.1875,0.2,0.06521739130434782,0.4604141665897412,True,False,False,False,False,True,False,False,False,False,False,False,True,False,True,False
1,0.13114754098360656,0.0,0.09836065573770492,0.8,0.6,0.5,0.09523809523809523,1.0,0.06666666666666667,0.125,0.06666666666666667,0.06521739130434782,0.4749684605680175,True,False,False,False,False,True,False,False,True,False,False,False,True,False,False,True
0,0.29508196721311475,0.0,0.01639344262295082,0.6,0.4,0.75,0.047619047619047616,0.0,0.06666666666666667,0.1875,0.4,0.15217391304347827,0.536662666543586,True,False,True,False,False,False,False,False,True,False,False,False,False,False,True,False
0,0.13114754098360656,0.0,0.08196721311475409,0.6,0.2,0.5,0.14285714285714285,0.0,0.13333333333333333,0.125,0.06666666666666667,0.06521739130434782,0.5201390812024985,True,False,False,False,True,False,False,False,True,False,True,False,False,False,True,False
1,0.0,0.0,0.07377049180327869,0.4,0.4,0.75,0.09523809523809523,1.0,0.13333333333333333,0.0625,0.0,0.043478260869565216,0.38071940675097693,False,True,False,False,False,False,False,False,True,False,False,True,False,False,True,False
0,0.3114754098360656,0.0,0.2540983606557377,0.6,0.6,0.0,0.23809523809523808,1.0,0.5333333333333333,0.125,0.06666666666666667,0.06521739130434782,0.6732514846610665,True,False,False,True,False,False,False,False,True,False,False,False,False,False,False,False
1,0.0,0.0,0.03278688524590164,0.6,0.4,1.0,0.047619047619047616,1.0,0.0,0.3125,0.5333333333333333,0.15217391304347827,0.41072032985630325,False,False,False,False,False,True,False,False,True,False,False,True,False,False,False,True
1,0.01639344262295082,1.0,0.03278688524590164,0.6,0.8,0.75,0.38095238095238093,1.0,0.13333333333333333,0.125,0.13333333333333333,0.06521739130434782,0.6894673682267146,True,False,False,False,False,False,True,False,True,False,True,False,False,False,False,True
0,0.01639344262295082,0.0,0.08196721311475409,0.6,0.2,0.5,0.38095238095238093,0.0,0.4666666666666667,0.0625,0.06666666666666667,0.06521739130434782,0.4928459337210375,True,False,False,False,True,False,False,False,False,False,False,False,True,False,True,False
1,0.0,0.0,0.07377049180327869,0.4,0.6,0.0,0.047619047619047616,1.0,0.13333333333333333,0.0,0.0,0.021739130434782608,0.3812117295916797,False,True,False,False,False,False,False,False,True,False,False,True,False,False,False,True
0,0.13114754098360656,0.0,0.00819672131147541,0.6,0.6,0.5,0.047619047619047616,0.0,0.4666666666666667,0.0625,0.0,0.08695652173913043,0.39567371303732424,False,True,False,False,False,False,False,False,True,False,False,True,False,False,False,True
0,0.06557377049180328,1.0,0.19672131147540983,0.8,0.6,1.0,0.047619047619047616,0.0,0.06666666666666667,0.25,0.4666666666666667,0.1956521739130435,0.6434659527985477,False,False,False,False,False,False,False,True,False,False,False,False,False,False,True,False
1,0.01639344262295082,1.0,0.12295081967213115,0.6,0.6,0.75,0.2857142857142857,0.0,0.06666666666666667,0.125,0.06666666666666667,0.021739130434782608,0.5620172928397796,False,False,True,False,False,False,False,False,False,False,True,False,False,False,False,True
0,0.0,0.0,0.07377049180327869,0.4,0.6,0.5,0.047619047619047616,0.0,0.13333333333333333,0.125,0.06666666666666667,0.043478260869565216,0.38582725622326836,False,True,False,False,False,True,False,False,True,False,False,True,False,False,False,False
0,0.26229508196721313,1.0,0.22950819672131148,0.8,0.6,0.75,0.2857142857142857,0.0,0.26666666666666666,0.1875,0.06666666666666667,0.1956521739130435,0.8007938705806332,False,False,False,False,False,False,True,False,False,True,False,False,False,False,False,False
1,0.14754098360655737,0.0,0.07377049180327869,0.4,0.6,0.75,0.047619047619047616,0.0,0.06666666666666667,0.0,0.0,0.0,0.34650296932213304,True,False,False,False,False,True,False,False,False,False,False,False,True,False,False,True
0,0.26229508196721313,0.0,0.03278688524590164,0.6,0.6,0.5,0.2857142857142857,0.0,0.26666666666666666,0.0625,0.26666666666666666,0.32608695652173914,0.9655681713283486,True,False,False,False,False,True,False,False,True,False,False,False,False,True,True,False
0,0.08196721311475409,1.0,0.06557377049180328,0.6,0.4,0.0,0.19047619047619047,0.0,0.06666666666666667,0.0,0.0,0.06521739130434782,0.5909104895535247,True,False,False,False,False,False,True,False,True,False,True,False,False,False,True,False
0,0.39344262295081966,0.0,0.06557377049180328,0.4,0.6,0.5,0.09523809523809523,0.0,0.4,0.0625,0.0,0.0,0.49638450413858887,True,False,False,False,True,False,False,False,True,False,True,False,False,False,True,False
1,0.14754098360655737,0.0,0.08196721311475409,0.4,0.4,1.0,0.14285714285714285,0.0,0.2,0.0625,0.0,0.0,0.3697959937228838,True,False,False,False,False,True,False,False,True,False,False,True,False,False,False,True
1,0.21311475409836064,1.0,0.23770491803278687,0.4,0.6,1.0,0.19047619047619047,1.0,0.13333333333333333,0.125,0.06666666666666667,0.0,0.6416812825010001,True,False,False,False,False,False,True,False,True,False,False,False,False,False,True,False
1,0.01639344262295082,0.0,0.03278688524590164,0.6,0.6,1.0,0.38095238095238093,0.0,0.6666666666666666,0.125,0.06666666666666667,0.17391304347826086,0.46792208991045875,True,False,False,False,False,True,False,False,False,False,False,False,True,False,True,False
1,0.03278688524590164,0.0,0.07377049180327869,0.6,0.4,1.0,0.3333333333333333,1.0,0.6666666666666666,0.0625,0.06666666666666667,0.043478260869565216,0.3816732822548386,False,True,False,False,False,False,False,False,True,False,False,True,False,False,True,False
0,0.4918032786885246,1.0,0.06557377049180328,0.4,0.0,0.25,0.0,1.0,0.4666666666666667,0.0,0.0,0.1956521739130435,0.46832210221852977,True,False,False,False,False,False,True,False,True,False,True,False,False,False,True,False
0,0.18032786885245902,1.0,0.06557377049180328,0.8,0.6,0.25,0.23809523809523808,0.0,0.26666666666666666,0.0625,0.06666666666666667,0.043478260869565216,0.584694913689652,True,False,False,False,True,False,False,False,True,False,True,False,False,False,False,False
1,0.29508196721311475,1.0,0.11475409836065574,0.4,0.0,0.5,0.2857142857142857,1.0,0.4,0.125,0.06666666666666667,0.17391304347826086,0.7290993569032893,True,False,False,False,False,False,True,False,True,True,False,False,False,False,False,True
0,0.3442622950819672,0.0,0.07377049180327869,0.6,0.4,1.0,0.38095238095238093,0.0,0.06666666666666667,0.4375,0.4,0.13043478260869565,0.38053478568571336,False,True,False,False,False,False,False,True,False,False,False,True,False,False,True,False
1,0.01639344262295082,1.0,0.02459016393442623,0.8,0.6,0.5,0.19047619047619047,0.0,0.3333333333333333,0.125,0.06666666666666667,0.06521739130434782,0.47413766577433153,False,False,True,False,False,False,False,False,True,False,False,False,True,False,True,False
1,0.14754098360655737,0.5,0.05737704918032787,0.6,0.4,1.0,0.19047619047619047,1.0,0.7333333333333333,0.0,0.0,0.043478260869565216,0.37148835348779957,False,True,False,False,False,False,False,True,True,False,False,True,False,False,True,False
1,0.0,0.0,0.08196721311475409,0.4,0.4,1.0,0.3333333333333333,0.0,0.7333333333333333,0.0625,0.0,0.08695652173913043,0.4369365211237269,False,True,False,False,True,False,False,False,False,False,False,False,True,False,False,True
0,0.26229508196721313,1.0,0.11475409836065574,0.8,0.6,0.0,0.19047619047619047,1.0,0.13333333333333333,0.125,0.06666666666666667,0.021739130434782608,0.5411551124649989,True,False,False,False,False,False,True,False,True,False,True,False,False,False,True,False
0,0.0,0.0,0.09016393442622951,0.6,0.4,1.0,0.047619047619047616,1.0,0.2,0.0625,0.6666666666666666,0.21739130434782608,0.8328871657589464,True,False,False,False,True,False,False,False,True,True,False,False,False,False,True,False
1,0.13114754098360656,0.5,0.01639344262295082,0.8,0.8,1.0,0.47619047619047616,0.0,0.26666666666666666,0.1875,0.2,0.06521739130434782,0.7071602203144711,True,False,False,False,True,False,False,False,True,False,False,False,False,False,True,False
0,0.4918032786885246,0.5,0.02459016393442623,0.4,0.6,0.0,0.42857142857142855,0.0,0.6666666666666666,0.0625,0.06666666666666667,0.043478260869565216,0.8875350010769562,False,False,False,False,False,False,False,True,False,False,False,False,False,True,True,False
1,0.0,1.0,0.07377049180327869,0.4,0.4,0.25,0.047619047619047616,1.0,0.2,0.0,0.0,0.043478260869565216,0.3791808978737807,False,False,False,False,False,False,True,False,False,False,False,True,False,False,False,True
1,0.06557377049180328,1.0,0.00819672131147541,0.6,0.4,0.0,0.38095238095238093,1.0,0.0,0.0,0.0,0.10869565217391304,0.4921074494599834,True,False,False,False,False,True,False,False,False,False,True,False,False,False,False,True
0,0.19672131147540983,0.0,0.040983606557377046,0.4,0.4,0.5,0.0,0.0,0.13333333333333333,0.1875,0.13333333333333333,0.17391304347826086,0.4628450106157112,False,False,False,False,True,False,False,False,False,False,True,False,False,False,False,True
1,0.0,1.0,0.08196721311475409,0.6,0.8,0.75,0.047619047619047616,0.0,0.13333333333333333,0.125,0.06666666666666667,0.043478260869565216,0.39262746546047567,False,True,False,False,False,False,True,False,False,False,False,True,False,False,False,True
0,0.26229508196721313,0.0,0.12295081967213115,0.8,0.2,1.0,0.2857142857142857,0.0,0.5333333333333333,0.125,0.06666666666666667,0.021739130434782608,0.5550324625373088,True,False,False,False,True,False,False,False,True,False,True,False,False,False,True,False
1,0.32786885245901637,0.0,0.19672131147540983,0.6,0.4,0.0,0.047619047619047616,0.0,0.06666666666666667,0.4375,0.9333333333333333,0.13043478260869565,0.625003846272193,True,False,False,False,True,False,False,False,False,False,False,False,False,False,True,False
0,0.4262295081967213,0.0,0.03278688524590164,0.4,0.4,0.5,0.14285714285714285,1.0,0.3333333333333333,0.0625,0.0,0.06521739130434782,0.8487645773716114,True,False,False,False,True,False,False,False,True,True,False,False,False,False,False,False
0,0.2459016393442623,1.0,0.04918032786885246,0.4,0.4,0.5,0.2857142857142857,0.0,0.13333333333333333,0.0625,0.0,0.0,0.870888335025693,True,False,False,False,False,False,True,False,True,False,False,False,False,True,False,False
0,0.3770491803278688,0.0,0.02459016393442623,0.6,0.4,1.0,0.047619047619047616,0.0,0.0,0.0625,0.8666666666666667,0.15217391304347827,0.8592264377365457,False,False,False,False,False,True,False,False,True,True,False,False,False,False,True,False
1,0.01639344262295082,0.0,0.09016393442622951,0.6,0.6,1.0,0.38095238095238093,0.0,0.8,0.125,0.06666666666666667,0.10869565217391304,0.513861964983538,True,False,False,False,True,False,False,False,False,False,False,False,True,False,False,True
0,0.14754098360655737,0.0,0.09836065573770492,0.4,0.4,0.75,0.047619047619047616,0.0,0.13333333333333333,0.0625,0.0,0.043478260869565216,0.3767500538478107,False,True,False,False,False,False,False,False,False,False,False,True,False,False,True,False
0,0.09836065573770492,0.0,0.01639344262295082,0.8,0.6,0.25,0.047619047619047616,0.0,0.13333333333333333,0.0625,0.06666666666666667,0.06521739130434782,0.45582941013569644,False,False,False,False,False,True,False,False,True,False,False,False,True,False,True,False
0,0.3114754098360656,0.0,0.20491803278688525,0.6,0.6,1.0,0.09523809523809523,1.0,0.3333333333333333,0.125,0.06666666666666667,0.1956521739130435,0.4964152743161328,False,False,False,False,False,True,False,False,True,False,True,False,False,False,False,False
0,0.08196721311475409,0.0,0.07377049180327869,0.6,0.6,1.0,0.09523809523809523,0.0,0.13333333333333333,0.25,0.2,0.2826086956521739,0.5171236038031939,True,False,False,False,True,False,False,False,False,False,True,False,False,False,False,False
1,0.0,0.0,0.07377049180327869,0.6,0.4,0.75,0.047619047619047616,1.0,0.8,0.0625,0.0,0.0,0.38376565432782545,False,True,False,False,False,True,False,False,True,False,False,True,False,False,False,True
1,0.0,0.5,0.07377049180327869,0.4,0.6,0.0,0.047619047619047616,0.0,0.06666666666666667,0.0,0.0,0.0,0.38659651066186645,False,True,True,False,False,False,False,False,True,False,False,True,False,False,False,True
0,0.5081967213114754,0.0,0.02459016393442623,0.8,0.2,0.5,0.047619047619047616,0.0,0.9333333333333333,0.125,0.13333333333333333,0.1956521739130435,0.5354010892642851,True,False,False,False,False,True,False,False,True,False,True,False,False,False,True,False
1,0.14754098360655737,1.0,0.03278688524590164,0.8,1.0,0.75,0.14285714285714285,1.0,0.26666666666666666,0.125,0.06666666666666667,0.2608695652173913,0.9638450413858888,True,False,False,False,False,False,True,False,False,False,False,False,False,True,False,True
1,0.0,1.0,0.20491803278688525,0.4,0.0,1.0,0.047619047619047616,0.0,0.4,0.0625,0.0,0.0,0.3412720391396658,False,False,False,True,False,False,False,False,True,False,False,False,True,False,False,True
1,0.14754098360655737,0.0,0.18032786885245902,0.6,0.4,0.75,0.19047619047619047,0.0,0.7333333333333333,0.0625,0.13333333333333333,0.15217391304347827,0.5823563801963136,True,False,False,False,True,False,False,False,False,False,True,False,False,False,True,False
1,0.01639344262295082,0.0,0.040983606557377046,0.8,0.6,1.0,0.047619047619047616,0.0,0.8,0.0625,0.06666666666666667,0.10869565217391304,0.48007631004030893,False,False,True,False,False,False,False,False,True,False,False,False,True,False,False,True
0,0.45901639344262296,0.0,0.12295081967213115,0.6,0.2,0.75,0.38095238095238093,0.0,0.0,0.0625,0.06666666666666667,0.32608695652173914,0.8837810394165975,True,False,False,False,True,False,False,False,True,False,False,False,False,True,False,True
1,0.01639344262295082,0.0,0.04918032786885246,0.8,0.8,0.5,0.2857142857142857,0.0,0.4,0.0625,0.06666666666666667,0.06521739130434782,0.504446290655097,False,False,True,False,False,False,False,False,True,False,False,False,True,False,False,True
0,0.14754098360655737,0.0,0.2459016393442623,0.6,0.2,0.5,0.09523809523809523,0.0,0.4666666666666667,0.4375,0.4,0.1956521739130435,0.48946121419120586,True,False,False,False,False,True,False,False,True,False,True,False,False,False,True,False
0,0.4918032786885246,1.0,0.2459016393442623,0.4,0.6,0.0,0.14285714285714285,0.0,0.06666666666666667,0.0625,0.06666666666666667,0.0,0.7421151420043693,True,False,False,False,False,False,True,False,True,True,False,False,False,False,True,False
0,0.21311475409836064,0.0,0.21311475409836064,0.6,0.6,0.0,0.38095238095238093,0.0,0.2,0.125,0.06666666666666667,0.17391304347826086,0.511031108649497,True,False,False,False,False,True,False,False,True,False,True,False,False,False,False,True
0,0.0,0.0,0.05737704918032787,0.6,0.4,0.0,0.047619047619047616,1.0,0.13333333333333333,0.0,0.0,0.043478260869565216,0.1723129942459768,True,False,False,False,False,True,False,False,False,False,False,False,True,False,True,False
0,0.21311475409836064,0.0,0.13934426229508196,0.4,0.6,0.5,0.2857142857142857,0.0,0.2,0.0,0.0,0.0,0.4644450598479953,False,False,False,False,True,False,False,False,True,False,True,False,False,False,False,True
1,0.14754098360655737,1.0,0.06557377049180328,0.6,0.4,0.0,0.047619047619047616,1.0,0.6666666666666666,0.0625,0.0,0.043478260869565216,0.37770392935167235,False,True,False,False,False,True,False,False,True,False,False,True,False,False,True,False
0,0.18032786885245902,0.0,0.05737704918032787,0.6,0.6,0.5,0.09523809523809523,0.0,0.0,0.125,0.4,0.15217391304347827,0.47142989015046616,False,False,False,False,False,True,False,False,True,False,True,False,False,False,True,False
1,0.32786885245901637,0.0,0.21311475409836064,0.8,0.6,0.0,0.09523809523809523,0.0,0.4,0.0625,0.06666666666666667,0.021739130434782608,0.46422966860518783,True,False,False,False,False,True,False,False,True,False,False,False,True,False,False,True
1,0.0,0.0,0.19672131147540983,0.4,0.6,0.5,0.14285714285714285,1.0,0.13333333333333333,0.0625,0.0,0.021739130434782608,0.4897381457891012,True,False,False,False,False,True,False,False,True,False,True,False,False,False,True,False
0,0.19672131147540983,0.0,0.11475409836065574,0.6,0.6,0.75,0.2857142857142857,1.0,0.13333333333333333,0.0625,0.9333333333333333,0.043478260869565216,0.8345795255238623,True,False,False,False,True,False,False,False,False,True,False,False,False,False,True,False
1,0.01639344262295082,1.0,0.09016393442622951,0.8,0.8,1.0,0.19047619047619047,0.0,0.13333333333333333,0.1875,0.13333333333333333,0.06521739130434782,0.5200160004923228,True,False,False,False,False,True,False,False,True,False,False,False,True,False,True,False
1,0.01639344262295082,0.0,0.040983606557377046,0.6,0.6,1.0,0.2857142857142857,1.0,0.06666666666666667,0.0625,0.06666666666666667,0.10869565217391304,0.46638358103326255,True,False,True,False,False,False,False,False,False,False,False,False,True,False,False,True
1,0.01639344262295082,1.0,0.19672131147540983,0.6,0.6,0.5,0.09523809523809523,1.0,0.6,0.125,0.06666666666666667,0.021739130434782608,0.4361672666851288,False,True,False,False,False,False,True,False,True,False,False,False,True,False,False,True
1,0.14754098360655737,0.0,0.00819672131147541,0.6,0.8,0.75,0.3333333333333333,1.0,0.13333333333333333,0.0625,0.13333333333333333,0.15217391304347827,0.3758884888765808,False,True,False,False,False,True,False,False,False,False,False,True,False,False,False,True
1,0.0,0.0,0.09836065573770492,0.6,0.8,0.75,0.23809523809523808,0.0,0.26666666666666666,0.0625,0.0,0.0,0.4546909135665713,False,True,False,False,True,False,False,False,False,False,True,False,False,False,False,False
0,0.19672131147540983,0.0,0.08196721311475409,0.4,0.4,1.0,0.047619047619047616,0.0,0.9333333333333333,0.25,0.4,0.1956521739130435,0.466198959967999,True,False,False,False,True,False,False,False,True,False,True,False,False,False,True,False
1,0.01639344262295082,1.0,0.23770491803278687,0.6,0.6,0.0,0.09523809523809523,1.0,0.5333333333333333,0.25,0.4666666666666667,0.17391304347826086,0.5634942613618881,True,False,False,False,False,True,False,False,True,False,True,False,False,False,False,True
1,0.01639344262295082,0.0,0.09016393442622951,0.8,0.8,0.5,0.047619047619047616,1.0,0.4666666666666667,0.0625,0.06666666666666667,0.021739130434782608,0.4888765808178713,True,False,False,False,True,False,False,False,True,False,False,False,True,False,False,False
0,0.29508196721311475,0.0,0.06557377049180328,0.4,0.4,0.5,0.19047619047619047,1.0,0.5333333333333333,0.0625,0.0,0.043478260869565216,0.44545986030339396,False,True,False,False,True,False,False,False,False,False,False,False,True,False,False,False
1,0.04918032786885246,0.0,0.03278688524590164,0.6,0.8,1.0,0.14285714285714285,1.0,0.8666666666666667,0.0625,0.06666666666666667,0.021739130434782608,0.4968152866242038,False,False,False,False,False,True,False,False,False,False,False,False,True,False,False,True
1,0.16393442622950818,1.0,0.09016393442622951,0.8,0.8,0.25,0.09523809523809523,0.0,0.4,0.0625,0.26666666666666666,0.06521739130434782,0.6806055570940645,True,False,False,False,True,False,False,False,True,False,False,False,False,False,False,True
0,0.0,1.0,0.19672131147540983,0.4,0.6,0.5,0.047619047619047616,0.0,0.6666666666666666,0.1875,0.26666666666666666,0.17391304347826086,0.41662820394473676,False,True,False,False,True,False,False,False,False,False,True,False,False,False,True,False
1,0.01639344262295082,0.0,0.19672131147540983,0.6,0.6,0.5,0.23809523809523808,1.0,0.06666666666666667,0.0625,0.06666666666666667,0.043478260869565216,0.4502292378227022,False,True,False,False,False,True,False,False,False,False,False,False,True,False,False,False
0,0.14754098360655737,1.0,0.00819672131147541,0.4,0.4,0.25,0.19047619047619047,0.0,0.26666666666666666,0.0625,0.0,0.0,0.5124157666389735,False,False,False,False,True,False,False,False,False,False,True,False,False,False,False,True
1,0.01639344262295082,1.0,0.02459016393442623,0.6,1.0,0.75,0.3333333333333333,0.0,0.3333333333333333,0.0625,0.06666666666666667,0.021739130434782608,0.5918643650573864,True,False,False,False,False,True,False,False,True,False,True,False,False,False,False,True
1,0.01639344262295082,0.5,0.08196721311475409,0.8,0.8,0.0,0.3333333333333333,0.0,0.06666666666666667,0.125,0.06666666666666667,0.06521739130434782,0.4517062063448106,False,False,False,False,False,False,False,True,False,False,False,False,True,False,True,False
0,0.29508196721311475,0.0,0.1721311475409836,0.6,0.8,1.0,0.09523809523809523,1.0,0.4666666666666667,0.0625,0.0,0.15217391304347827,0.6415889719683682,True,False,False,False,True,False,False,False,True,False,False,False,False,False,True,False
0,0.5081967213114754,0.0,0.07377049180327869,0.6,0.6,1.0,0.2857142857142857,0.0,0.26666666666666666,0.125,0.7333333333333333,0.2391304347826087,0.9866765131234808,True,False,False,False,False,True,False,False,False,False,False,False,False,True,True,False
0,0.14754098360655737,0.0,0.02459016393442623,0.6,0.4,0.5,0.09523809523809523,0.0,0.2,0.0,0.0,0.043478260869565216,0.36927290070463703,True,False,False,False,False,False,False,False,False,False,False,True,False,False,True,False
0,0.3114754098360656,0.0,0.03278688524590164,0.8,0.8,0.0,0.47619047619047616,0.0,0.26666666666666666,0.125,0.7333333333333333,0.1956521739130435,0.9013200406166344,False,False,False,False,True,False,False,False,True,True,False,False,False,False,True,False
1,0.13114754098360656,0.0,0.21311475409836064,0.6,0.6,0.5,0.19047619047619047,1.0,0.8,0.0625,0.06666666666666667,0.021739130434782608,0.4818917505154005,False,False,False,False,False,True,False,False,True,False,False,False,True,False,True,False
0,0.13114754098360656,0.0,0.08196721311475409,0.8,0.6,0.5,0.19047619047619047,0.0,0.06666666666666667,0.125,0.26666666666666666,0.08695652173913043,0.5736176497738391,True,False,False,False,True,False,False,False,False,False,True,False,False,False,False,True
0,0.19672131147540983,1.0,0.040983606557377046,0.4,0.6,0.5,0.19047619047619047,0.0,0.2,0.3125,0.26666666666666666,0.1956521739130435,0.4893073633034863,True,False,False,False,False,True,False,False,False,False,True,False,False,False,True,False
1,0.0,0.0,0.06557377049180328,0.6,0.4,0.5,0.047619047619047616,0.0,0.4666666666666667,0.0,0.0,0.021739130434782608,0.4579525523862273,False,True,False,False,False,True,False,False,True,False,True,False,False,False,True,False
0,0.19672131147540983,0.0,0.1557377049180328,0.4,0.4,0.5,0.0,0.0,0.0,0.0625,0.0,0.15217391304347827,0.44721376042339767,False,True,False,False,False,True,False,False,True,False,True,False,False,False,False,True
0,0.14754098360655737,1.0,0.08196721311475409,0.8,0.6,0.0,0.09523809523809523,0.0,0.4,0.125,0.06666666666666667,0.06521739130434782,0.463768115942029,True,False,False,False,False,True,False,False,False,False,False,False,True,False,True,False
0,0.47540983606557374,0.0,0.19672131147540983,0.8,0.8,0.75,0.2857142857142857,0.0,0.13333333333333333,0.125,0.06666666666666667,0.06521739130434782,0.49346133727191605,True,False,True,False,False,False,False,False,True,False,False,False,True,False,True,False
0,0.09836065573770492,0.0,0.01639344262295082,0.8,0.8,0.75,0.3333333333333333,0.0,0.6666666666666666,0.125,0.06666666666666667,0.06521739130434782,0.4563832733314871,False,False,False,False,False,True,False,False,False,False,False,False,True,False,False,False
1,0.0,1.0,0.1721311475409836,0.6,0.8,0.5,0.14285714285714285,1.0,0.0,0.0,0.06666666666666667,0.043478260869565216,0.44798301486199577,False,True,False,False,False,True,False,False,False,False,True,False,False,False,True,False
1,0.0,0.0,0.07377049180327869,0.4,0.4,0.25,0.23809523809523808,1.0,0.13333333333333333,0.0,0.0,0.08695652173913043,0.3826579279362442,False,True,False,False,False,False,False,False,True,False,False,True,False,False,False,False
1,0.0,1.0,0.040983606557377046,0.4,0.4,1.0,0.0,1.0,0.7333333333333333,0.125,0.2,0.15217391304347827,0.6025416166651281,True,False,False,True,False,False,False,False,True,False,False,False,False,False,False,True
1,0.01639344262295082,1.0,0.01639344262295082,0.6,0.8,0.5,0.2857142857142857,0.0,0.06666666666666667,0.125,0.7333333333333333,0.06521739130434782,0.7110680328625495,True,False,False,False,False,True,False,False,True,False,False,False,False,False,False,False
1,0.01639344262295082,0.0,0.1557377049180328,0.6,0.6,0.5,0.09523809523809523,1.0,0.2,0.3125,0.4666666666666667,0.17391304347826086,0.45829102433921043,False,True,False,False,False,True,False,False,False,False,False,False,True,False,False,True
1,0.01639344262295082,1.0,0.22950819672131148,0.6,0.8,1.0,0.2857142857142857,0.0,0.3333333333333333,0.125,0.06666666666666667,0.043478260869565216,0.5906643281331734,False,False,False,False,False,False,True,False,False,False,True,False,False,False,False,True
0,0.01639344262295082,0.0,0.040983606557377046,0.6,0.2,0.0,0.09523809523809523,0.0,0.8,0.125,0.06666666666666667,0.17391304347826086,0.5206314040432013,True,False,False,False,True,False,False,False,True,False,False,False,True,False,True,False
1,0.14754098360655737,0.5,0.05737704918032787,0.6,0.4,1.0,0.19047619047619047,1.0,0.7333333333333333,0.0625,0.0,0.043478260869565216,0.37148835348779957,False,True,False,False,False,False,False,True,True,False,False,True,False,False,True,False
0,0.04918032786885246,0.0,0.07377049180327869,0.6,0.8,0.5,0.047619047619047616,0.0,0.9333333333333333,0.0,0.0,0.1956521739130435,0.38810424936151877,False,False,False,False,False,True,False,False,True,False,False,True,False,False,True,False
0,0.01639344262295082,1.0,0.19672131147540983,0.6,0.6,0.5,0.09523809523809523,0.0,0.06666666666666667,0.0625,0.06666666666666667,0.06521739130434782,0.49069202129296285,True,False,True,False,False,False,False,False,True,False,False,False,True,False,False,True
0,0.47540983606557374,0.0,0.08196721311475409,0.6,0.6,0.5,0.14285714285714285,1.0,0.26666666666666666,0.0625,0.06666666666666667,0.06521739130434782,0.8386719591372042,True,False,False,False,True,False,False,False,False,True,False,False,False,False,True,False
0,0.01639344262295082,1.0,0.04918032786885246,0.4,0.4,1.0,0.0,0.0,0.4666666666666667,0.0,0.0,0.06521739130434782,0.5681097879934767,True,False,False,False,True,False,False,False,True,False,True,False,False,False,False,True
1,0.0,0.0,0.08196721311475409,0.4,0.4,1.0,0.3333333333333333,0.0,0.7333333333333333,0.0625,0.0,0.08695652173913043,0.4369365211237269,False,True,False,False,True,False,False,False,False,False,False,False,True,False,False,True
1,0.01639344262295082,1.0,0.11475409836065574,0.8,0.8,1.0,0.09523809523809523,0.0,0.5333333333333333,0.125,0.06666666666666667,0.021739130434782608,0.44718299024585373,False,False,False,False,False,True,False,False,True,False,False,False,True,False,True,False
1,0.14754098360655737,1.0,0.10655737704918032,0.6,0.6,1.0,0.047619047619047616,0.0,0.4666666666666667,0.0625,0.0,0.0,0.3702575463860427,False,False,False,False,False,True,False,False,True,False,False,True,False,False,False,False
1,0.01639344262295082,0.0,0.13114754098360656,0.6,0.8,0.75,0.09523809523809523,1.0,0.9333333333333333,0.125,0.06666666666666667,0.06521739130434782,0.4997999938459645,True,False,False,False,False,False,False,True,True,False,False,False,True,False,True,False
0,0.32786885245901637,0.0,0.07377049180327869,0.4,0.6,0.5,0.14285714285714285,0.0,0.26666666666666666,0.0625,0.06666666666666667,0.021739130434782608,0.54641681282501,False,False,False,False,True,False,False,False,False,False,True,False,False,False,False,False
0,0.45901639344262296,0.0,0.040983606557377046,0.2,0.4,0.5,0.0,1.0,0.3333333333333333,0.0625,0.0,0.043478260869565216,0.43185944182897934,False,True,False,False,False,True,False,False,True,False,True,False,False,False,True,False
1,0.01639344262295082,0.0,0.07377049180327869,0.8,0.6,0.5,0.09523809523809523,0.0,0.5333333333333333,0.0625,0.06666666666666667,0.043478260869565216,0.5348779962460384,True,False,False,False,False,True,False,False,True,False,True,False,False,False,True,False
1,0.13114754098360656,0.0,0.13934426229508196,0.8,0.6,0.0,0.09523809523809523,0.0,0.06666666666666667,0.0625,0.06666666666666667,0.13043478260869565,0.6301116957444844,True,False,False,False,True,False,False,False,False,False,False,False,False,False,True,False
0,0.0,0.0,0.00819672131147541,0.6,0.4,0.5,0.0,0.0,0.06666666666666667,0.0625,0.0,0.043478260869565216,0.45841410504938607,False,True,False,False,False,True,False,False,False,False,True,False,False,False,True,False
0,0.2459016393442623,0.5,0.04918032786885246,0.6,1.0,0.75,0.3333333333333333,0.0,0.6,0.0625,0.06666666666666667,0.06521739130434782,0.5824794609064895,False,False,False,False,False,False,False,True,True,False,True,False,False,False,True,False
0,0.4426229508196721,1.0,0.08196721311475409,0.8,0.6,0.0,0.2857142857142857,0.0,0.26666666666666666,0.1875,0.06666666666666667,0.06521739130434782,0.7488230407089449,True,False,False,False,False,False,True,False,True,True,False,False,False,False,True,False
1,0.01639344262295082,0.0,0.18032786885245902,0.8,0.6,0.5,0.19047619047619047,0.0,0.13333333333333333,0.125,0.06666666666666667,0.06521739130434782,0.6869134434905689,False,False,False,False,False,True,False,False,True,False,False,False,False,False,True,False
0,0.4098360655737705,0.0,0.08196721311475409,0.6,0.8,0.75,0.2857142857142857,0.0,0.4,0.1875,0.06666666666666667,0.17391304347826086,0.7689467368226713,True,False,False,False,False,True,False,False,True,False,False,False,False,False,True,False
1,0.0,0.0,0.040983606557377046,0.6,0.4,1.0,0.047619047619047616,0.0,0.5333333333333333,0.0625,0.0,0.0,0.3991815132773316,False,True,True,False,False,False,False,False,True,False,False,True,False,False,False,True
0,0.36065573770491804,0.0,0.07377049180327869,0.6,0.6,0.75,0.047619047619047616,0.0,0.8,0.0,0.0,0.15217391304347827,0.46555278623957663,False,False,False,False,False,True,False,False,True,False,True,False,False,False,True,False
0,0.22950819672131148,1.0,0.00819672131147541,0.4,0.0,1.0,0.047619047619047616,0.0,0.3333333333333333,0.0625,0.0,0.15217391304347827,0.565925105387858,True,False,False,False,False,False,True,False,True,False,False,False,False,False,True,False
1,0.0,0.0,0.00819672131147541,0.6,0.4,0.25,0.047619047619047616,1.0,0.13333333333333333,0.3125,0.4,0.17391304347826086,0.3903504723222253,False,True,False,False,False,False,False,True,True,False,False,True,False,False,False,True
0,0.06557377049180328,1.0,0.02459016393442623,0.6,0.4,0.0,0.19047619047619047,1.0,0.13333333333333333,0.0625,0.0,0.10869565217391304,0.5102310840333548,True,False,False,False,False,True,False,False,True,False,True,False,False,False,False,True
1,0.01639344262295082,0.0,0.040983606557377046,0.8,0.6,1.0,0.047619047619047616,0.0,0.8,0.0625,0.06666666666666667,0.10869565217391304,0.48007631004030893,False,False,True,False,False,False,False,False,True,False,False,False,True,False,False,True
1,0.0,0.0,0.13114754098360656,0.4,0.4,0.5,0.3333333333333333,1.0,0.06666666666666667,0.0,0.06666666666666667,0.15217391304347827,0.7264838918120559,True,False,False,False,True,False,False,False,True,False,False,False,False,False,False,False
0,0.01639344262295082,0.0,0.05737704918032787,0.6,0.4,1.0,0.09523809523809523,0.0,0.13333333333333333,0.125,0.06666666666666667,0.13043478260869565,0.5077079294747531,False,False,False,False,False,True,False,False,True,False,True,False,False,False,True,False
1,0.06557377049180328,1.0,0.00819672131147541,0.6,0.4,0.25,0.38095238095238093,1.0,0.0,0.0625,0.0,0.10869565217391304,0.4921074494599834,True,False,False,False,False,True,False,False,False,False,True,False,False,False,False,True
1,0.04918032786885246,1.0,0.040983606557377046,0.6,0.6,0.5,0.23809523809523808,1.0,0.5333333333333333,0.125,0.06666666666666667,0.021739130434782608,0.5458014092741315,True,False,False,False,True,False,False,False,False,False,True,False,False,False,False,False
1,0.01639344262295082,0.0,0.18032786885245902,0.8,0.6,0.5,0.19047619047619047,0.0,0.13333333333333333,0.125,0.06666666666666667,0.06521739130434782,0.6869134434905689,False,False,False,False,False,True,False,False,True,False,False,False,False,False,False,False
0,0.14754098360655737,0.0,0.22131147540983606,0.6,0.4,0.5,0.2857142857142857,0.0,0.2,0.0625,0.0,0.043478260869565216,0.4722299147666082,True,False,False,False,False,True,False,False,True,False,True,False,False,False,True,False
1,0.01639344262295082,1.0,0.09016393442622951,0.6,0.8,1.0,0.38095238095238093,0.0,0.8666666666666667,0.0625,0.06666666666666667,0.08695652173913043,0.48946121419120586,True,False,False,False,False,True,False,False,True,False,False,False,True,False,False,True
0,0.03278688524590164,0.0,0.01639344262295082,0.4,0.4,1.0,0.0,0.0,0.06666666666666667,0.0,0.0,0.043478260869565216,0.4730299393827502,True,False,False,False,False,True,False,False,True,False,True,False,False,False,True,False
0,0.06557377049180328,0.0,0.21311475409836064,0.8,0.6,0.5,0.09523809523809523,0.0,0.8,0.125,0.06666666666666667,0.021739130434782608,0.46749130742484385,True,False,False,False,False,True,False,False,True,False,False,False,True,False,True,False
0,0.08196721311475409,0.0,0.21311475409836064,0.8,0.8,1.0,0.09523809523809523,0.0,0.6,0.125,0.06666666666666667,0.1956521739130435,0.5942336687282685,True,False,False,False,True,False,False,False,False,False,True,False,False,False,False,True
0,0.3114754098360656,0.0,0.06557377049180328,0.2,0.4,0.5,0.09523809523809523,0.0,0.2,0.0625,0.0,0.0,0.46949136896519894,False,False,False,False,True,False,False,False,False,False,True,False,False,False,True,False
1,0.0,0.0,0.13934426229508196,0.6,0.0,1.0,0.047619047619047616,0.0,0.3333333333333333,0.1875,0.9333333333333333,0.30434782608695654,0.392104372442229,False,True,False,False,False,True,False,False,False,False,False,True,False,False,False,True
1,0.01639344262295082,1.0,0.03278688524590164,0.6,0.8,0.0,0.38095238095238093,0.0,0.26666666666666666,0.0625,0.06666666666666667,0.021739130434782608,0.47032216375888486,False,False,False,False,False,True,False,False,False,False,False,False,True,False,False,True
0,0.09836065573770492,1.0,0.07377049180327869,0.8,0.8,0.5,0.09523809523809523,0.0,0.26666666666666666,0.25,0.26666666666666666,0.1956521739130435,0.5533708729499369,True,False,False,False,False,True,False,False,True,False,True,False,False,False,True,False
0,0.14754098360655737,1.0,0.09016393442622951,0.4,0.4,0.5,0.047619047619047616,1.0,0.5333333333333333,0.0,0.0,0.0,0.37601156958675647,False,True,False,False,False,True,False,False,False,False,False,True,False,False,True,False
0,0.01639344262295082,0.0,0.05737704918032787,0.8,0.6,0.0,0.09523809523809523,0.0,0.5333333333333333,0.125,0.13333333333333333,0.06521739130434782,0.48053786270346777,True,False,False,False,True,False,False,False,True,False,False,False,True,False,False,True
1,0.03278688524590164,0.0,0.19672131147540983,0.6,0.4,1.0,0.0,0.0,0.13333333333333333,0.0,0.0,0.06521739130434782,0.4278285485707252,False,True,False,False,True,False,False,False,True,False,False,False,True,False,False,True
0,0.3442622950819672,1.0,0.13114754098360656,0.6,0.6,1.0,0.14285714285714285,0.0,0.13333333333333333,0.0625,0.06666666666666667,0.17391304347826086,0.5372472999169204,True,False,False,False,False,False,True,False,True,False,True,False,False,False,False,True
1,0.0,1.0,0.08196721311475409,0.4,0.4,0.0,0.047619047619047616,0.0,0.13333333333333333,0.0,0.0,0.0,0.3409643373642266,True,False,False,False,True,False,False,False,True,False,False,False,True,False,False,True
1,0.14754098360655737,0.0,0.05737704918032787,0.6,0.0,1.0,0.047619047619047616,1.0,0.6666666666666666,0.0625,0.0,0.0,0.3569648296870673,True,False,False,False,False,True,False,False,True,False,False,False,True,False,False,False
1,0.04918032786885246,0.0,0.20491803278688525,0.8,0.6,1.0,0.047619047619047616,0.0,0.2,0.0625,0.06666666666666667,0.08695652173913043,0.5047539924305363,True,False,False,False,True,False,False,False,True,False,False,False,True,False,False,True
0,0.03278688524590164,0.0,0.01639344262295082,0.6,0.6,1.0,0.14285714285714285,0.0,0.06666666666666667,0.0625,0.06666666666666667,0.06521739130434782,0.44862918859041817,False,True,True,False,False,False,False,False,True,False,False,False,True,False,False,True
0,0.2786885245901639,0.0,0.040983606557377046,0.8,1.0,0.25,0.19047619047619047,0.0,0.26666666666666666,0.125,0.06666666666666667,0.17391304347826086,0.9920305240161235,True,False,False,False,False,True,False,False,True,False,False,False,False,True,False,False
1,0.3114754098360656,1.0,0.12295081967213115,0.6,0.2,0.5,0.3333333333333333,1.0,0.4666666666666667,0.0625,0.2,0.1956521739130435,0.8060248007631003,True,False,False,False,False,False,True,False,True,True,False,False,False,False,False,True
0,0.11475409836065574,0.0,0.04918032786885246,0.6,0.6,0.75,0.2857142857142857,0.0,0.3333333333333333,0.0625,0.06666666666666667,0.17391304347826086,0.4786301116957445,False,False,True,False,False,False,False,False,True,False,True,False,False,False,True,False
1,0.06557377049180328,1.0,0.19672131147540983,0.8,0.8,0.5,0.14285714285714285,1.0,0.13333333333333333,0.125,0.06666666666666667,0.021739130434782608,0.5809409520292932,True,False,False,False,False,False,True,False,True,False,True,False,False,False,False,False
0,0.19672131147540983,1.0,0.03278688524590164,0.6,0.8,0.0,0.19047619047619047,0.0,0.5333333333333333,0.125,0.4666666666666667,0.13043478260869565,0.5461398812271147,False,False,False,False,False,True,False,False,True,False,True,False,False,False,True,False
1,0.08196721311475409,1.0,0.01639344262295082,0.8,0.6,0.0,0.42857142857142855,1.0,0.06666666666666667,0.0625,0.06666666666666667,0.13043478260869565,0.5690328933197945,True,False,False,False,False,True,False,False,False,False,True,False,False,False,False,True
1,0.04918032786885246,0.0,0.03278688524590164,0.6,0.6,0.25,0.38095238095238093,0.0,0.06666666666666667,0.5,0.06666666666666667,0.13043478260869565,0.7590695098310717,False,False,False,False,False,True,False,False,True,True,False,False,False,False,True,False
1,0.0,0.0,0.03278688524590164,0.6,0.6,0.0,0.0,1.0,0.0,0.0,0.0,0.0,0.39548909197206067,False,False,False,False,False,True,False,False,True,False,False,True,False,False,True,False
1,0.0,0.0,0.07377049180327869,0.4,0.4,0.0,0.23809523809523808,1.0,0.13333333333333333,0.0625,0.0,0.08695652173913043,0.3826579279362442,False,True,False,False,False,False,False,False,True,False,False,True,False,False,True,False
0,0.11475409836065574,1.0,0.18032786885245902,0.6,0.0,0.0,0.047619047619047616,0.0,0.06666666666666667,0.0,0.26666666666666666,0.15217391304347827,0.47192221299116893,True,False,False,False,False,True,False,False,True,False,True,False,False,False,False,True
0,0.14754098360655737,1.0,0.09016393442622951,0.6,0.6,0.5,0.047619047619047616,0.0,0.06666666666666667,0.0,0.0,0.0,0.3446259884919536,True,False,False,False,True,False,False,False,False,False,False,False,True,False,False,True
1,0.01639344262295082,0.0,0.04918032786885246,0.6,0.6,1.0,0.09523809523809523,0.0,0.6,0.125,0.06666666666666667,0.021739130434782608,0.47610695713714263,True,False,True,False,False,False,False,False,True,False,False,False,True,False,False,True
0,0.45901639344262296,0.0,0.02459016393442623,0.6,0.6,0.0,0.38095238095238093,0.0,0.6,0.0625,0.0,0.08695652173913043,0.3896119880611711,False,True,True,False,False,False,False,False,True,False,False,True,False,False,True,False
0,0.16393442622950818,1.0,0.040983606557377046,0.8,0.8,0.0,0.047619047619047616,0.0,0.6,0.25,0.2,0.10869565217391304,0.6198344564448136,True,False,False,False,True,False,False,False,False,False,False,False,False,False,True,False
0,0.04918032786885246,1.0,0.1721311475409836,0.8,0.8,0.5,0.09523809523809523,0.0,0.26666666666666666,0.125,0.06666666666666667,0.06521739130434782,0.6498661497276839,True,False,False,False,False,True,False,False,True,False,True,False,False,False,True,False
0,0.03278688524590164,1.0,0.07377049180327869,0.6,0.6,1.0,0.047619047619047616,0.0,0.26666666666666666,0.125,0.06666666666666667,0.08695652173913043,0.5353395489091971,False,False,False,False,False,True,False,False,True,False,True,False,False,False,False,True
0,0.18032786885245902,0.0,0.02459016393442623,0.4,0.6,0.5,0.14285714285714285,1.0,0.5333333333333333,0.0,0.0,0.043478260869565216,0.5463552724699221,True,False,False,False,True,False,False,False,False,False,False,False,False,False,True,False
1,0.08196721311475409,1.0,0.10655737704918032,0.4,0.4,1.0,0.0,1.0,0.06666666666666667,0.4375,0.06666666666666667,0.30434782608695654,0.7310378780885565,False,False,False,False,False,True,False,False,True,True,False,False,False,False,False,True
1,0.01639344262295082,1.0,0.01639344262295082,0.8,0.8,1.0,0.09523809523809523,0.0,0.06666666666666667,0.25,0.4,0.06521739130434782,0.6835287239607372,True,False,False,False,False,True,False,False,True,False,True,False,False,False,True,False
1,0.0,0.0,0.01639344262295082,0.6,0.0,0.75,0.047619047619047616,0.0,0.0,0.0625,0.2,0.15217391304347827,0.5368165174313055,False,False,False,False,False,True,False,False,False,False,False,False,False,False,False,True
0,0.11475409836065574,0.0,0.07377049180327869,0.4,0.4,1.0,0.14285714285714285,0.0,0.2,0.0625,0.0,0.0,0.4652758546416813,True,False,False,False,False,True,False,False,False,False,True,False,False,False,True,False
1,0.01639344262295082,0.0,0.14754098360655737,0.6,0.2,1.0,0.09523809523809523,0.0,0.4,1.0,1.0,0.32608695652173914,0.46902981630204005,True,False,False,False,False,True,False,False,False,False,False,False,True,False,False,True
1,0.0,1.0,0.040983606557377046,0.4,0.4,1.0,0.0,1.0,0.7333333333333333,0.1875,0.2,0.15217391304347827,0.6025416166651281,True,False,False,True,False,False,False,False,True,False,False,False,False,False,False,True
1,0.01639344262295082,1.0,0.14754098360655737,0.8,0.6,0.5,0.14285714285714285,0.0,0.2,0.125,0.06666666666666667,0.021739130434782608,0.6357426382350226,True,False,False,False,False,False,True,False,True,False,False,False,False,False,True,False
1,0.14754098360655737,0.0,0.02459016393442623,0.6,0.4,1.0,0.047619047619047616,1.0,0.06666666666666667,0.0625,0.0,0.0,0.37151912366534356,False,True,False,False,False,True,False,False,False,False,False,True,False,False,True,False
0,0.18032786885245902,0.0,0.07377049180327869,0.8,0.6,1.0,0.2857142857142857,1.0,0.8,0.0625,0.06666666666666667,0.10869565217391304,0.5164466598972276,True,False,False,False,True,False,False,False,True,False,True,False,False,False,True,False
0,0.26229508196721313,0.0,0.03278688524590164,0.6,0.6,0.25,0.2857142857142857,1.0,0.26666666666666666,0.0625,0.13333333333333333,0.06521739130434782,0.4620142158220253,False,False,False,False,True,False,False,False,True,False,False,False,True,False,False,True
0,0.09836065573770492,0.0,0.13934426229508196,0.6,0.6,0.0,0.2857142857142857,0.0,0.5333333333333333,0.0625,0.06666666666666667,0.06521739130434782,0.5897719929843994,False,False,False,False,True,False,False,False,False,False,True,False,False,False,True,False
1,0.0,0.0,0.07377049180327869,0.6,0.4,1.0,0.047619047619047616,1.0,0.4,0.0,0.0,0.0,0.38148866118957503,False,True,False,False,False,False,False,False,False,False,False,True,False,False,True,False
0,0.11475409836065574,0.0,0.05737704918032787,0.8,0.6,0.75,0.3333333333333333,0.0,0.06666666666666667,0.1875,0.06666666666666667,0.1956521739130435,0.7501153881657896,False,False,False,False,False,True,False,False,False,False,False,False,False,False,False,False
0,0.04918032786885246,0.0,0.23770491803278687,0.6,0.4,0.25,0.047619047619047616,0.0,0.13333333333333333,0.0,0.0,0.1956521739130435,0.48539955075540786,True,False,False,False,True,False,False,False,False,False,True,False,False,False,False,False
0,0.22950819672131148,1.0,0.03278688524590164,0.8,0.6,0.75,0.2857142857142857,0.0,0.13333333333333333,0.125,0.06666666666666667,0.021739130434782608,0.5177697775316163,False,False,False,False,True,False,False,False,True,False,True,False,False,False,False,False
1,0.01639344262295082,0.5,0.08196721311475409,0.8,0.8,0.0,0.3333333333333333,0.0,0.06666666666666667,0.125,0.06666666666666667,0.06521739130434782,0.4517062063448106,False,False,False,False,False,False,False,True,False,False,False,False,True,False,True,False
0,0.32786885245901637,1.0,0.01639344262295082,0.6,0.2,1.0,0.09523809523809523,0.0,0.26666666666666666,0.125,0.06666666666666667,0.2826086956521739,0.9251669282131758,True,False,False,False,False,True,False,False,True,True,False,False,False,False,False,True
0,0.4426229508196721,0.0,0.0,0.4,0.4,0.5,0.3333333333333333,0.0,0.0,0.0,0.0,0.0,0.42401304655527866,False,True,False,False,False,True,False,False,False,False,True,False,False,False,False,True
0,0.21311475409836064,0.0,0.12295081967213115,0.4,0.6,0.5,0.047619047619047616,0.0,0.26666666666666666,0.25,0.2,0.1956521739130435,0.911597279916305,True,False,False,False,True,False,False,False,True,False,False,False,False,True,False,True
0,0.06557377049180328,0.0,0.20491803278688525,0.2,0.4,0.0,0.09523809523809523,0.0,0.6,0.0625,0.0,0.08695652173913043,0.4688759654143204,False,False,True,False,False,False,False,False,False,False,True,False,False,False,False,True
1,0.14754098360655737,1.0,0.02459016393442623,0.4,0.6,0.5,0.047619047619047616,0.0,0.13333333333333333,0.0,0.0,0.043478260869565216,0.3705960183390258,False,True,False,False,False,False,False,False,False,False,False,True,False,False,False,True
1,0.01639344262295082,0.0,0.040983606557377046,0.6,0.6,0.5,0.09523809523809523,0.0,0.2,0.125,0.06666666666666667,0.021739130434782608,0.428320871411428,False,True,False,False,False,True,False,False,True,False,False,False,True,False,False,True
1,0.01639344262295082,0.0,0.2540983606557377,0.6,0.8,0.5,0.09523809523809523,0.0,0.8,0.25,0.2,0.1956521739130435,0.5233391796670667,False,False,False,False,True,False,False,False,False,False,True,False,False,False,False,True
1,0.01639344262295082,1.0,0.04918032786885246,0.6,1.0,0.25,0.09523809523809523,0.0,0.06666666666666667,0.5,0.6,0.06521739130434782,0.7046370657558694,True,False,False,False,True,False,False,False,True,False,False,False,False,False,False,False
1,0.01639344262295082,0.0,0.09836065573770492,0.6,0.6,0.5,0.09523809523809523,1.0,0.06666666666666667,0.0625,0.06666666666666667,0.043478260869565216,0.4156743284408751,False,True,False,False,True,False,False,False,True,False,False,True,False,False,False,True
1,0.01639344262295082,0.5,0.03278688524590164,0.6,0.8,0.0,0.09523809523809523,0.0,0.13333333333333333,0.0625,0.06666666666666667,0.021739130434782608,0.46352195452167755,True,False,True,False,False,False,False,False,True,False,False,False,True,False,False,True
1,0.03278688524590164,0.0,0.02459016393442623,0.4,0.6,1.0,0.09523809523809523,1.0,0.8,0.0,0.0,0.0,0.4198898427643928,False,False,False,False,False,True,False,False,False,False,False,False,True,False,False,True
1,0.01639344262295082,1.0,0.10655737704918032,0.6,0.2,0.5,0.42857142857142855,0.0,0.13333333333333333,0.125,0.06666666666666667,0.06521739130434782,0.5294624449983076,False,False,False,False,False,False,False,True,True,False,True,False,False,False,True,False
1,0.14754098360655737,1.0,0.00819672131147541,0.4,0.8,0.5,0.047619047619047616,0.0,0.06666666666666667,0.0625,0.0,0.0,0.34951844672143756,False,False,False,False,False,True,False,False,False,False,False,False,True,False,False,True
0,0.03278688524590164,0.0,0.1721311475409836,0.4,0.4,0.0,0.047619047619047616,0.0,0.13333333333333333,0.0625,0.13333333333333333,0.21739130434782608,0.4249976922366842,False,False,False,False,True,False,False,False,True,False,False,False,True,False,True,False
1,0.11475409836065574,1.0,0.09016393442622951,0.6,1.0,0.5,0.42857142857142855,0.0,0.2,0.125,0.06666666666666667,0.08695652173913043,0.5491245884488754,True,False,False,False,False,False,True,False,False,False,True,False,False,False,False,True
1,0.01639344262295082,0.0,0.01639344262295082,0.8,0.8,0.5,0.047619047619047616,1.0,0.26666666666666666,0.125,0.06666666666666667,0.06521739130434782,0.4993999815378935,True,False,False,False,False,True,False,False,True,False,False,False,True,False,False,True
0,0.11475409836065574,0.0,0.03278688524590164,0.4,0.4,0.0,0.0,0.0,0.4,0.0625,0.0,0.08695652173913043,0.5463552724699221,False,False,False,False,False,True,False,False,True,False,True,False,False,False,False,True
1,0.0,0.0,0.09836065573770492,0.6,0.8,0.75,0.23809523809523808,0.0,0.26666666666666666,0.0625,0.0,0.0,0.4546909135665713,False,True,False,False,True,False,False,False,False,False,True,False,False,False,True,False
0,0.18032786885245902,1.0,0.02459016393442623,0.4,0.4,1.0,0.14285714285714285,0.0,0.26666666666666666,0.0,0.0,0.15217391304347827,0.5198006092495153,True,False,False,False,False,True,False,False,False,False,True,False,False,False,True,False
1,0.0,0.0,0.00819672131147541,0.4,0.4,0.0,0.42857142857142855,1.0,0.2,0.125,0.06666666666666667,0.043478260869565216,0.4549986153420105,False,True,False,False,True,False,False,False,True,False,False,False,True,False,True,False
1,0.08196721311475409,1.0,0.04918032786885246,0.6,0.6,0.75,0.09523809523809523,0.0,0.5333333333333333,0.5,0.4666666666666667,0.06521739130434782,0.6724822302224684,False,False,False,False,False,False,True,False,True,False,True,False,False,False,False,True
0,0.01639344262295082,0.0,0.09836065573770492,0.8,0.2,0.5,0.09523809523809523,0.0,0.5333333333333333,0.0625,0.06666666666666667,0.06521739130434782,0.4924766915905105,True,False,False,False,True,False,False,False,True,False,False,False,True,False,False,True
1,0.01639344262295082,0.0,0.1557377049180328,0.6,0.8,0.0,0.2857142857142857,0.0,0.13333333333333333,0.125,0.06666666666666667,0.08695652173913043,0.4574602295455244,False,True,True,False,False,False,False,False,True,False,False,False,True,False,True,False
1,0.13114754098360656,0.0,0.040983606557377046,0.6,0.6,1.0,0.23809523809523808,0.0,0.13333333333333333,0.125,0.06666666666666667,0.06521739130434782,0.4573063786578049,False,True,False,False,False,True,False,False,True,False,False,False,True,False,True,False
0,0.2786885245901639,0.0,0.13934426229508196,0.8,0.8,0.5,0.09523809523809523,0.0,0.26666666666666666,0.1875,0.4,0.2608695652173913,0.926274654604757,True,False,False,False,False,True,False,False,True,True,False,False,False,False,True,False
0,0.19672131147540983,0.0,0.09016393442622951,0.6,0.4,1.0,0.09523809523809523,0.0,0.13333333333333333,0.25,0.4,0.15217391304347827,0.473153020092926,True,False,False,False,True,False,False,False,True,False,True,False,False,False,True,False
1,0.01639344262295082,0.0,0.09836065573770492,0.6,0.6,1.0,0.09523809523809523,0.0,0.3333333333333333,0.0625,0.06666666666666667,0.1956521739130435,0.5142619772916089,True,False,False,False,True,False,False,False,True,False,True,False,False,False,False,True
1,0.01639344262295082,0.0,0.040983606557377046,0.6,0.6,0.5,0.047619047619047616,1.0,0.6,0.125,0.06666666666666667,0.06521739130434782,0.5129696298347641,True,False,False,False,False,True,False,False,False,False,True,False,False,False,True,False
0,0.08196721311475409,0.0,0.13114754098360656,0.4,0.4,0.0,0.23809523809523808,0.0,0.4666666666666667,0.0,0.0,0.043478260869565216,0.5128465491245884,False,False,False,False,True,False,False,False,False,False,True,False,False,False,True,False
1,0.0,0.0,0.09016393442622951,0.4,0.4,1.0,0.047619047619047616,0.0,0.26666666666666666,0.0,0.0,0.17391304347826086,0.4373365334317979,False,True,False,False,True,False,False,False,True,False,True,False,False,False,False,True
0,0.13114754098360656,1.0,0.00819672131147541,0.4,0.4,0.5,0.42857142857142855,0.0,0.0,0.1875,0.3333333333333333,0.1956521739130435,0.45284470291393575,False,True,False,False,False,False,True,False,True,False,True,False,False,False,False,False
0,0.09836065573770492,0.0,0.01639344262295082,0.8,0.8,0.75,0.3333333333333333,0.0,0.6666666666666666,0.0625,0.06666666666666667,0.06521739130434782,0.4563832733314871,False,False,False,False,False,True,False,False,False,False,False,False,True,False,True,False
1,0.01639344262295082,0.0,0.05737704918032787,0.6,0.6,0.5,0.09523809523809523,1.0,0.2,0.0625,0.13333333333333333,0.06521739130434782,0.4905074002276993,True,False,True,False,False,False,False,False,True,False,False,False,True,False,False,True
1,0.16393442622950818,1.0,0.22950819672131148,0.6,0.0,0.5,0.19047619047619047,1.0,0.06666666666666667,0.0,0.0,0.06521739130434782,0.5045386011877289,False,False,False,False,False,True,False,False,False,False,True,False,False,False,False,True
0,0.14754098360655737,0.5,0.07377049180327869,0.6,0.6,1.0,0.0,0.0,0.6666666666666666,0.0,0.0,0.06521739130434782,0.37976553124711526,False,True,False,False,False,True,False,False,True,False,False,True,False,False,True,False
0,0.14754098360655737,0.0,0.18032786885245902,0.4,0.6,1.0,0.0,0.0,0.2,0.0,0.0,0.0,0.3783501030800948,False,True,True,False,False,False,False,False,True,False,False,True,False,False,True,False
1,0.14754098360655737,1.0,0.02459016393442623,0.4,0.6,0.5,0.047619047619047616,0.0,0.13333333333333333,0.0625,0.0,0.043478260869565216,0.3705960183390258,False,True,False,False,False,False,False,False,False,False,False,True,False,False,False,True
0,0.06557377049180328,0.0,0.20491803278688525,0.8,1.0,0.5,0.09523809523809523,0.0,1.0,0.0625,0.06666666666666667,0.21739130434782608,0.46502969322132987,False,False,False,False,False,True,False,False,True,False,False,False,True,False,True,False
0,0.3442622950819672,0.0,0.00819672131147541,0.4,0.6,1.0,0.3333333333333333,0.0,0.0,0.0,0.06666666666666667,0.043478260869565216,0.7816240499707683,True,False,False,False,False,True,False,False,False,True,False,False,False,False,False,False
0,0.03278688524590164,1.0,0.1721311475409836,0.4,0.4,0.0,0.09523809523809523,0.0,0.2,0.0625,0.0,0.043478260869565216,0.5209698759961845,True,False,False,False,False,False,True,False,True,False,True,False,False,False,True,False
1,0.01639344262295082,0.0,0.21311475409836064,0.8,0.8,0.0,0.09523809523809523,1.0,0.9333333333333333,0.125,0.06666666666666667,0.021739130434782608,0.459675682328687,False,False,False,False,False,True,False,False,True,False,False,False,True,False,False,True
0,0.09836065573770492,1.0,0.09836065573770492,0.6,0.6,0.25,0.09523809523809523,0.0,0.13333333333333333,0.0625,0.06666666666666667,0.1956521739130435,0.5506630973260715,True,False,False,False,False,False,True,False,True,False,True,False,False,False,False,True
1,0.01639344262295082,0.5,0.18032786885245902,0.8,0.6,0.75,0.047619047619047616,1.0,0.06666666666666667,0.0625,0.06666666666666667,0.10869565217391304,0.45072156066340496,False,True,False,False,True,False,False,False,False,False,False,False,True,False,True,False
0,0.0,1.0,0.07377049180327869,0.6,0.4,1.0,0.14285714285714285,0.0,0.13333333333333333,0.0625,0.0,0.0,0.3791501276962368,False,True,True,False,False,False,False,False,True,False,False,True,False,False,True,False
0,0.3442622950819672,0.0,0.01639344262295082,0.6,0.6,0.0,0.2857142857142857,0.0,0.06666666666666667,0.0625,0.0,0.0,0.8697190682790239,True,False,False,False,False,True,False,False,True,False,False,False,False,True,False,True
1,0.32786885245901637,0.0,0.02459016393442623,0.4,0.4,0.75,0.3333333333333333,1.0,0.26666666666666666,0.3125,0.8,0.17391304347826086,0.8999046124496137,True,False,False,False,False,True,False,False,True,False,False,False,False,True,False,True
1,0.01639344262295082,0.0,0.22131147540983606,0.8,0.6,0.75,0.09523809523809523,1.0,0.6,0.0625,0.4666666666666667,0.1956521739130435,0.44684451829287053,False,False,False,False,False,True,False,False,False,False,False,False,True,False,True,False
1,0.01639344262295082,0.0,0.09836065573770492,0.6,0.6,1.0,0.09523809523809523,0.0,0.3333333333333333,0.0625,0.06666666666666667,0.1956521739130435,0.5142619772916089,True,False,False,False,True,False,False,False,True,False,True,False,False,False,False,True
1,0.0,1.0,0.00819672131147541,0.6,0.4,0.75,0.047619047619047616,1.0,0.3333333333333333,0.0625,0.0,0.08695652173913043,0.40622788393489034,False,True,True,False,False,False,False,False,False,False,False,True,False,False,False,True
1,0.0,0.0,0.02459016393442623,0.4,0.4,0.5,0.2857142857142857,0.0,0.4,0.0,0.06666666666666667,0.021739130434782608,0.4425366934367211,False,True,False,False,True,False,False,False,True,False,False,False,True,False,False,True
0,0.11475409836065574,1.0,0.040983606557377046,0.6,0.4,0.0,0.09523809523809523,1.0,0.13333333333333333,0.0,0.0,0.0,0.6065725099233822,True,False,False,False,False,True,False,False,True,False,False,False,False,False,True,False
0,0.3442622950819672,1.0,0.02459016393442623,0.4,0.2,0.75,0.14285714285714285,0.0,0.06666666666666667,0.125,0.06666666666666667,0.043478260869565216,0.5575556170959106,True,False,False,False,False,False,True,False,True,False,True,False,False,False,False,False
0,0.03278688524590164,0.0,0.2540983606557377,0.8,1.0,0.75,0.09523809523809523,0.0,0.26666666666666666,0.125,0.06666666666666667,0.17391304347826086,0.5861411120342165,True,False,False,False,False,True,False,False,True,False,True,False,False,False,False,False
1,0.01639344262295082,0.0,0.04918032786885246,0.6,0.6,0.25,0.09523809523809523,1.0,0.3333333333333333,0.375,0.3333333333333333,0.15217391304347827,0.4981999446136804,True,False,True,False,False,False,False,False,True,False,False,False,True,False,False,False
1,0.0,0.0,0.07377049180327869,0.4,0.6,0.75,0.047619047619047616,0.0,0.26666666666666666,0.0625,0.0,0.0,0.3875811563432721,False,False,False,False,False,False,False,False,True,False,False,True,False,False,True,False
0,0.06557377049180328,0.0,0.10655737704918032,0.6,0.4,0.0,0.38095238095238093,1.0,0.8,0.0625,0.0,0.043478260869565216,0.4285978030093233,False,True,False,False,True,False,False,False,False,False,False,False,True,False,True,False
0,0.4918032786885246,0.0,0.20491803278688525,0.4,0.2,0.25,0.14285714285714285,1.0,0.3333333333333333,0.0625,0.0,0.08695652173913043,0.5981414812763469,True,False,False,False,False,True,False,False,True,False,False,False,False,False,True,False
1,0.03278688524590164,1.0,0.03278688524590164,0.4,0.4,0.5,0.19047619047619047,1.0,0.4666666666666667,0.0625,0.0,0.0,0.4688759654143204,True,False,False,False,True,False,False,False,False,False,True,False,False,False,False,False
0,0.45901639344262296,0.0,0.09836065573770492,0.8,0.6,1.0,0.3333333333333333,1.0,0.6,0.0625,0.06666666666666667,0.10869565217391304,0.5212468075940798,True,False,False,False,True,False,False,False,False,False,True,False,False,False,False,True
1,0.06557377049180328,1.0,0.21311475409836064,0.8,0.2,0.75,0.23809523809523808,1.0,0.4,0.125,0.06666666666666667,0.021739130434782608,0.7906089418135942,False,False,False,False,False,True,False,False,False,True,False,False,False,False,False,True
0,0.2459016393442623,0.0,0.02459016393442623,0.4,0.4,0.5,0.23809523809523808,0.0,0.0,0.0625,0.2,0.30434782608695654,0.8886427274685375,True,False,False,False,False,True,False,False,True,False,False,False,False,True,True,False
1,0.0,1.0,0.01639344262295082,0.4,0.8,0.75,0.2857142857142857,0.0,0.26666666666666666,0.0,0.0,0.0,0.5149389211975752,True,False,False,False,False,True,False,False,True,False,True,False,False,False,False,True
0,0.04918032786885246,1.0,0.01639344262295082,0.6,0.6,0.25,0.09523809523809523,0.0,0.26666666666666666,0.3125,0.26666666666666666,0.043478260869565216,0.628265485091849,False,False,False,False,True,False,False,False,False,False,False,False,False,False,False,False
0,0.14754098360655737,0.0,0.03278688524590164,0.2,0.4,0.75,0.19047619047619047,0.0,0.06666666666666667,0.125,0.4,0.043478260869565216,0.37194990615095846,False,False,False,False,False,False,False,False,True,False,False,True,False,False,False,True
0,0.09836065573770492,0.0,0.05737704918032787,0.2,0.4,0.25,0.14285714285714285,0.0,0.8,0.25,0.2,0.15217391304347827,0.5454013969660605,False,False,False,False,False,True,False,False,True,False,True,False,False,False,True,False
1,0.04918032786885246,0.0,0.03278688524590164,0.6,0.8,1.0,0.14285714285714285,1.0,0.8666666666666667,0.0625,0.06666666666666667,0.021739130434782608,0.4968152866242038,False,False,False,False,False,True,False,False,False,False,False,False,True,False,False,True
0,0.13114754098360656,0.0,0.03278688524590164,0.6,0.8,1.0,0.09523809523809523,0.0,0.06666666666666667,0.125,0.06666666666666667,0.08695652173913043,0.5194313671189883,True,False,False,False,True,False,False,False,False,False,False,False,True,False,False,True
0,0.16393442622950818,0.0,0.040983606557377046,0.6,0.6,0.75,0.09523809523809523,0.0,0.13333333333333333,0.125,0.06666666666666667,0.17391304347826086,0.49823071479122427,False,False,True,False,False,False,False,False,True,False,False,False,True,False,False,False
0,0.19672131147540983,0.0,0.06557377049180328,0.8,0.8,0.5,0.14285714285714285,0.0,0.06666666666666667,0.1875,0.4666666666666667,0.17391304347826086,0.5483553340102773,False,False,False,False,False,True,False,False,True,False,True,False,False,False,True,False
0,0.13114754098360656,0.0,0.01639344262295082,0.4,0.6,0.0,0.0,0.0,0.06666666666666667,0.0,0.0,0.0,0.47272223760731097,True,False,False,False,True,False,False,False,False,False,True,False,False,False,True,False
0,0.16393442622950818,0.0,0.03278688524590164,0.6,0.6,0.75,0.47619047619047616,1.0,0.06666666666666667,0.3125,0.3333333333333333,0.2826086956521739,0.5510938798116864,True,False,False,False,False,True,False,False,False,False,True,False,False,False,False,True
1,0.01639344262295082,0.0,0.20491803278688525,0.6,0.8,0.5,0.19047619047619047,1.0,0.2,0.125,0.06666666666666667,0.043478260869565216,0.5666635896489123,True,False,False,False,False,True,False,False,True,False,True,False,False,False,True,False
1,0.0,0.0,0.09016393442622951,0.6,0.4,0.5,0.2857142857142857,0.0,0.0,0.0625,0.0,0.0,0.6168805194005968,False,False,False,False,True,False,False,False,True,False,False,False,False,False,True,False
0,0.2459016393442623,0.0,0.02459016393442623,0.4,0.4,0.0,0.09523809523809523,1.0,0.2,0.25,0.8,0.1956521739130435,0.6192190528939352,False,False,False,False,False,True,False,False,True,False,False,False,False,False,True,False
1,0.01639344262295082,1.0,0.04918032786885246,0.6,0.6,1.0,0.047619047619047616,1.0,0.8,0.25,0.26666666666666666,0.06521739130434782,0.6794670605249392,True,False,False,True,False,False,False,False,True,False,False,False,False,False,False,True
1,0.01639344262295082,0.0,0.09836065573770492,0.8,0.8,0.75,0.09523809523809523,1.0,1.0,0.125,0.06666666666666667,0.021739130434782608,0.44182897935321086,False,False,False,False,True,False,False,False,False,False,False,False,True,False,False,True
0,0.3114754098360656,1.0,0.02459016393442623,0.6,0.8,0.75,0.14285714285714285,1.0,0.06666666666666667,0.0625,0.4,0.15217391304347827,0.8268562109603373,True,False,False,True,False,False,False,False,False,True,False,False,False,False,False,False
1,0.14754098360655737,1.0,0.08196721311475409,0.4,0.4,1.0,0.047619047619047616,0.0,0.5333333333333333,0.0625,0.0,0.0,0.36278039324286904,False,False,False,False,False,False,True,False,True,False,False,False,True,False,True,False
0,0.14754098360655737,0.0,0.14754098360655737,0.8,0.8,0.75,0.09523809523809523,0.0,0.6,0.125,0.2,0.06521739130434782,0.649435367242069,True,False,False,False,False,True,False,False,False,False,False,False,False,False,False,True
1,0.26229508196721313,0.0,0.08196721311475409,0.6,0.8,0.75,0.14285714285714285,0.0,0.3333333333333333,0.5,0.4666666666666667,0.17391304347826086,0.536662666543586,True,False,False,False,True,False,False,False,True,False,True,False,False,False,False,False
1,0.0,1.0,0.10655737704918032,0.4,0.4,0.0,0.14285714285714285,1.0,0.8666666666666667,0.3125,0.3333333333333333,0.15217391304347827,0.4486599587679621,False,False,False,False,False,False,False,True,True,False,True,False,False,False,False,True
0,0.39344262295081966,0.0,0.18032786885245902,0.6,0.6,0.5,0.14285714285714285,1.0,0.3333333333333333,0.25,0.06666666666666667,0.30434782608695654,0.7306378657804855,False,False,False,False,True,False,False,False,True,True,False,False,False,False,True,False
0,0.14754098360655737,1.0,0.07377049180327869,0.6,0.6,1.0,0.047619047619047616,0.0,0.26666666666666666,0.0,0.0,0.1956521739130435,0.5411551124649989,False,False,False,False,False,True,False,False,True,False,False,False,False,False,False,True
1,0.14754098360655737,0.0,0.07377049180327869,0.6,0.8,1.0,0.047619047619047616,1.0,0.0,0.0,0.0,0.15217391304347827,0.37290378165482013,False,True,False,False,False,False,False,True,True,False,False,True,False,False,True,False
0,0.08196721311475409,1.0,0.18032786885245902,0.6,0.6,0.5,0.09523809523809523,0.0,0.2,0.125,0.06666666666666667,0.021739130434782608,0.5979260900335395,False,False,False,False,False,False,True,False,False,False,True,False,False,False,False,False
0,0.14754098360655737,0.0,0.08196721311475409,0.6,0.6,0.5,0.09523809523809523,0.0,0.13333333333333333,0.1875,0.13333333333333333,0.21739130434782608,0.5122619157512538,False,False,False,False,False,True,False,False,False,False,True,False,False,False,True,False
0,0.13114754098360656,0.0,0.02459016393442623,0.4,0.4,0.0,0.09523809523809523,0.0,0.2,0.0625,0.0,0.15217391304347827,0.48499953844733684,False,False,False,False,True,False,False,False,True,False,True,False,False,False,True,False
0,0.45901639344262296,1.0,0.22131147540983606,0.4,0.6,0.0,0.047619047619047616,0.0,0.26666666666666666,0.125,0.06666666666666667,0.2826086956521739,0.9103664728145482,True,False,False,False,False,False,True,False,True,False,False,False,False,True,True,False
0,0.4426229508196721,0.0,0.06557377049180328,0.6,0.4,0.0,0.19047619047619047,0.0,0.26666666666666666,0.0625,0.0,0.15217391304347827,0.5186005723253023,True,False,False,False,True,False,False,False,False,False,True,False,False,False,True,False
0,0.06557377049180328,0.0,0.18032786885245902,0.6,0.6,1.0,0.047619047619047616,0.0,0.3333333333333333,0.0625,0.06666666666666667,0.06521739130434782,0.6910058771039108,True,False,False,False,False,False,False,True,True,False,True,False,False,False,True,False
0,0.13114754098360656,1.0,0.13114754098360656,0.6,0.6,0.5,0.09523809523809523,1.0,0.5333333333333333,0.125,0.06666666666666667,0.15217391304347827,0.46398350718483644,True,False,True,False,False,False,False,False,False,False,False,False,True,False,True,False
1,0.0,1.0,0.00819672131147541,0.6,0.6,0.5,0.2857142857142857,1.0,0.5333333333333333,0.0625,0.0,0.043478260869565216,0.39385827256223266,False,True,False,False,False,False,False,False,False,False,False,True,False,False,True,False
0,0.18032786885245902,0.0,0.09836065573770492,0.8,0.6,1.0,0.3333333333333333,0.0,0.6666666666666666,0.125,0.06666666666666667,0.08695652173913043,0.4908458721806825,True,False,False,False,True,False,False,False,False,False,False,False,True,False,True,False
1,0.13114754098360656,0.0,0.09836065573770492,0.8,0.6,0.5,0.09523809523809523,1.0,0.06666666666666667,0.125,0.06666666666666667,0.06521739130434782,0.4749684605680175,True,False,False,False,False,True,False,False,True,False,False,False,True,False,False,True
1,0.22950819672131148,1.0,0.01639344262295082,0.8,0.6,0.5,0.38095238095238093,0.0,0.13333333333333333,0.125,0.06666666666666667,0.043478260869565216,0.5916489738145789,False,False,False,False,False,True,False,False,True,False,True,False,False,False,True,False
1,0.01639344262295082,0.5,0.09016393442622951,0.6,0.6,0.5,0.09523809523809523,0.0,0.3333333333333333,0.1875,0.13333333333333333,0.06521739130434782,0.4689990461244961,True,False,True,False,False,False,False,False,False,False,False,False,True,False,True,False
1,0.0,1.0,0.02459016393442623,0.6,0.6,0.0,0.3333333333333333,0.0,0.2,0.0,0.0,0.0,0.39339671989907377,False,False,False,False,False,True,False,False,False,False,False,True,False,False,False,True
1,0.08196721311475409,0.0,0.16393442622950818,0.6,0.0,0.5,0.2857142857142857,1.0,0.06666666666666667,0.0,0.06666666666666667,0.043478260869565216,0.3925966952829318,False,False,False,False,False,False,False,False,True,False,False,True,False,False,True,False
1,0.0,1.0,0.11475409836065574,0.4,0.4,1.0,0.09523809523809523,0.0,0.4,0.0,0.0,0.043478260869565216,0.4379519369826764,False,True,False,False,True,False,False,False,True,False,True,False,False,False,True,False
0,0.29508196721311475,0.0,0.06557377049180328,0.4,0.4,1.0,0.09523809523809523,0.0,0.4,0.0,0.0,0.0,0.6069109818763654,True,False,False,False,False,True,False,False,True,False,False,False,False,False,True,False
0,0.16393442622950818,1.0,0.01639344262295082,0.4,0.8,0.0,0.047619047619047616,0.0,0.2,0.0625,0.0,0.06521739130434782,0.6007877165451244,False,False,False,False,True,False,False,False,True,False,True,False,False,False,True,False
0,0.0,1.0,0.03278688524590164,0.6,0.2,0.25,0.047619047619047616,1.0,0.6,0.0625,0.0,0.08695652173913043,0.4506907904858611,False,False,False,False,True,False,False,False,False,False,True,False,False,False,True,False
1,0.14754098360655737,0.0,0.07377049180327869,0.6,0.4,0.5,0.047619047619047616,0.0,0.06666666666666667,0.0625,0.0,0.0,0.36628819348287633,False,False,False,False,False,False,False,False,True,False,False,True,False,False,False,True
1,0.2786885245901639,0.0,0.03278688524590164,0.8,0.8,0.0,0.047619047619047616,0.0,0.4,0.0625,0.06666666666666667,0.06521739130434782,0.6975291547432229,True,False,False,True,False,False,False,False,False,False,False,False,False,False,True,False
0,0.26229508196721313,0.5,0.09836065573770492,0.6,0.6,1.0,0.047619047619047616,0.0,0.26666666666666666,0.0625,0.06666666666666667,0.21739130434782608,0.9015354318594418,True,False,False,False,False,False,False,True,False,True,False,False,False,False,True,False
1,0.01639344262295082,0.0,0.05737704918032787,0.6,0.6,0.75,0.047619047619047616,0.0,0.4666666666666667,0.0625,0.06666666666666667,0.06521739130434782,0.4591525893104403,False,False,False,False,True,False,False,False,False,False,False,False,True,False,False,True
0,0.16393442622950818,0.0,0.040983606557377046,0.4,0.6,0.75,0.23809523809523808,0.0,0.13333333333333333,0.3125,0.4666666666666667,0.06521739130434782,0.44887535001076956,False,False,False,False,True,False,False,False,True,False,False,False,True,False,False,True
1,0.01639344262295082,0.0,0.09836065573770492,0.6,0.6,0.5,0.09523809523809523,1.0,0.06666666666666667,0.125,0.06666666666666667,0.043478260869565216,0.4156743284408751,False,True,False,False,True,False,False,False,True,False,False,True,False,False,False,True
0,0.04918032786885246,0.0,0.23770491803278687,0.8,0.6,0.5,0.23809523809523808,0.0,0.13333333333333333,0.0625,0.06666666666666667,0.043478260869565216,0.5180159389519677,True,False,False,False,True,False,False,False,False,False,True,False,False,False,True,False
1,0.01639344262295082,0.0,0.08196721311475409,0.6,0.8,0.75,0.09523809523809523,0.0,0.13333333333333333,0.0625,0.06666666666666667,0.021739130434782608,0.4234284131819441,False,True,False,False,False,True,False,False,False,False,False,False,True,False,False,True
1,0.32786885245901637,0.0,0.07377049180327869,0.4,0.4,0.5,0.19047619047619047,0.0,0.8666666666666667,0.0,0.0,0.0,0.3839810455706329,False,True,True,False,False,False,False,False,True,False,False,True,False,False,False,True
1,0.01639344262295082,1.0,0.1721311475409836,0.6,0.8,0.75,0.09523809523809523,1.0,0.5333333333333333,0.0625,0.06666666666666667,0.021739130434782608,0.45887565771254496,False,True,False,False,False,False,True,False,True,False,False,False,True,False,True,False
0,0.06557377049180328,0.0,0.20491803278688525,0.2,0.4,0.0,0.09523809523809523,0.0,0.6,0.0,0.0,0.08695652173913043,0.4688759654143204,False,False,True,False,False,False,False,False,False,False,True,False,False,False,False,True
0,0.2786885245901639,0.0,0.09836065573770492,0.6,0.6,0.25,0.047619047619047616,0.0,0.6,0.0625,0.06666666666666667,0.17391304347826086,0.4601680051693898,False,False,False,False,False,True,False,False,False,False,False,False,True,False,False,True
0,0.01639344262295082,0.0,0.01639344262295082,0.6,0.8,0.75,0.09523809523809523,0.0,0.2,0.0625,0.06666666666666667,0.021739130434782608,0.47189144281362505,True,False,False,False,False,True,False,False,False,False,False,False,True,False,False,True
1,0.01639344262295082,1.0,0.23770491803278687,0.6,0.6,0.0,0.09523809523809523,0.0,0.8,0.0625,0.06666666666666667,0.21739130434782608,0.619680605557094,True,False,False,False,False,False,True,False,False,False,False,False,False,False,True,False
1,0.14754098360655737,0.0,0.20491803278688525,0.4,0.6,0.5,0.23809523809523808,1.0,0.2,0.0,0.0,0.06521739130434782,0.370103695498323,False,True,False,False,False,True,False,False,True,False,False,True,False,False,False,True
1,0.01639344262295082,1.0,0.01639344262295082,0.6,0.8,0.5,0.2857142857142857,0.0,0.06666666666666667,0.375,0.7333333333333333,0.06521739130434782,0.7110680328625495,True,False,False,False,False,True,False,False,True,False,False,False,False,False,True,False
0,0.14754098360655737,1.0,0.07377049180327869,0.6,0.6,1.0,0.047619047619047616,0.0,0.26666666666666666,0.0,0.0,0.1956521739130435,0.5411551124649989,False,False,False,False,False,True,False,False,True,False,False,False,False,False,False,True
1,0.2459016393442623,0.0,0.04918032786885246,0.6,0.6,0.5,0.47619047619047616,1.0,0.13333333333333333,0.0625,0.13333333333333333,0.17391304347826086,0.4603526262346534,True,False,False,False,False,True,False,False,True,False,False,False,True,False,True,False
0,0.03278688524590164,0.0,0.05737704918032787,0.6,0.4,0.25,0.047619047619047616,0.0,0.13333333333333333,0.0,0.0,0.17391304347826086,0.4040432013292717,False,True,False,False,False,False,False,False,False,False,False,True,False,False,False,False
0,0.04918032786885246,1.0,0.06557377049180328,0.6,0.4,1.0,0.3333333333333333,0.0,0.2,0.0625,0.0,0.043478260869565216,0.4547524539216591,False,True,False,False,False,False,True,False,False,False,True,False,False,False,True,False
1,0.11475409836065574,1.0,0.09016393442622951,0.6,1.0,0.5,0.42857142857142855,0.0,0.2,0.0625,0.06666666666666667,0.08695652173913043,0.5491245884488754,True,False,False,False,False,False,True,False,False,False,True,False,False,False,False,True
0,0.45901639344262296,0.0,0.02459016393442623,0.6,0.4,0.25,0.09523809523809523,1.0,0.13333333333333333,0.0625,0.0,0.043478260869565216,0.8203021631434813,True,False,False,False,False,True,False,False,False,True,False,False,False,False,False,True
1,0.01639344262295082,0.0,0.01639344262295082,0.8,0.6,0.25,0.14285714285714285,1.0,0.4,0.1875,0.13333333333333333,0.021739130434782608,0.4551832364072741,False,True,False,False,True,False,False,False,True,False,False,False,True,False,False,False
0,0.29508196721311475,0.0,0.05737704918032787,0.6,0.8,0.5,0.19047619047619047,0.0,0.26666666666666666,0.0625,0.06666666666666667,0.08695652173913043,0.4819225206929444,False,False,False,False,False,True,False,False,True,False,False,False,True,False,False,True
1,0.01639344262295082,0.0,0.16393442622950818,0.6,0.8,0.25,0.09523809523809523,1.0,0.2,0.0625,0.06666666666666667,0.043478260869565216,0.45813717345149074,False,True,False,False,True,False,False,False,True,False,False,False,True,False,False,True
0,0.14754098360655737,0.0,0.03278688524590164,0.4,0.4,0.75,0.047619047619047616,0.0,0.06666666666666667,0.0625,0.0,0.15217391304347827,0.42130527093141323,False,False,True,False,False,False,False,False,True,False,False,False,True,False,False,False
1,0.04918032786885246,1.0,0.21311475409836064,0.4,0.6,0.75,0.09523809523809523,1.0,0.06666666666666667,0.0,0.0,0.0,0.587525770023693,True,False,False,False,False,False,True,False,True,False,False,False,False,False,False,True
1,0.01639344262295082,1.0,0.09836065573770492,0.6,0.8,1.0,0.47619047619047616,0.0,0.4666666666666667,0.0625,0.4,0.06521739130434782,0.7017446690667405,True,False,False,False,True,False,False,False,True,False,False,False,False,False,True,False
0,0.47540983606557374,0.0,0.03278688524590164,0.8,0.6,0.75,0.19047619047619047,0.0,0.5333333333333333,0.125,0.06666666666666667,0.06521739130434782,0.7223606880211698,False,False,False,False,False,True,False,False,True,False,False,False,False,False,False,False
0,0.06557377049180328,0.0,0.040983606557377046,0.6,0.6,0.25,0.23809523809523808,0.0,0.3333333333333333,0.0625,0.06666666666666667,0.10869565217391304,0.4491522816086649,False,False,False,False,False,True,False,False,True,False,False,False,True,False,False,False
0,0.01639344262295082,0.0,0.03278688524590164,0.6,0.8,0.0,0.047619047619047616,0.0,0.13333333333333333,0.125,0.06666666666666667,0.043478260869565216,0.5047539924305363,True,False,False,False,True,False,False,False,True,False,False,False,True,False,False,True
0,0.3442622950819672,0.0,0.07377049180327869,0.6,0.0,0.75,0.23809523809523808,0.0,0.0,0.0,0.0,0.0,0.3864426597741469,False,True,True,False,False,False,False,False,True,False,False,True,False,False,False,True
0,0.18032786885245902,1.0,0.06557377049180328,0.4,0.6,0.0,0.0,0.0,0.6,0.0625,0.0,0.10869565217391304,0.4316440505861719,False,True,False,False,False,False,True,False,False,False,True,False,False,False,False,True
0,0.13114754098360656,0.0,0.1885245901639344,0.4,0.8,0.5,0.0,0.0,0.26666666666666666,0.125,0.2,0.06521739130434782,0.4378596264500446,False,True,False,False,False,True,False,False,True,False,False,False,True,False,False,True
0,0.01639344262295082,0.0,0.08196721311475409,0.8,1.0,1.0,0.09523809523809523,0.0,0.3333333333333333,0.0625,0.06666666666666667,0.043478260869565216,0.4600449244592141,True,False,False,False,False,True,False,False,True,False,False,False,True,False,True,False
0,0.3442622950819672,0.0,0.040983606557377046,0.4,0.4,0.0,0.047619047619047616,0.0,0.0,0.0625,0.0,0.17391304347826086,0.5507246376811594,True,False,False,False,False,True,False,False,True,False,False,False,False,False,False,True
0,0.14754098360655737,0.5,0.20491803278688525,0.4,0.4,0.75,0.047619047619047616,0.0,0.3333333333333333,0.0,0.0,0.08695652173913043,0.3746884519523678,False,True,False,False,False,False,False,False,True,False,False,True,False,False,False,True
0,0.11475409836065574,0.0,0.09016393442622951,0.4,0.0,0.0,0.047619047619047616,0.0,0.13333333333333333,0.3125,0.4,0.043478260869565216,0.4530600941567433,False,False,False,False,False,True,False,False,True,False,True,False,False,False,True,False
0,0.01639344262295082,0.0,0.02459016393442623,0.4,0.6,0.25,0.047619047619047616,1.0,0.06666666666666667,0.125,0.06666666666666667,0.043478260869565216,0.4266900520016,False,False,False,False,False,True,False,False,True,False,False,False,True,False,False,False
1,0.0,1.0,0.19672131147540983,0.4,0.6,1.0,0.047619047619047616,0.0,0.13333333333333333,0.0,0.13333333333333333,0.21739130434782608,0.5334317979014739,True,False,False,False,False,True,False,False,False,False,False,False,False,False,False,False
1,0.0,0.0,0.07377049180327869,0.4,0.4,0.5,0.047619047619047616,1.0,0.13333333333333333,0.25,0.4,0.15217391304347827,0.38136558047939934,False,True,False,False,False,True,False,False,False,False,False,True,False,False,False,True
1,0.3114754098360656,0.0,0.07377049180327869,0.6,0.4,0.5,0.38095238095238093,0.0,0.0,0.375,0.5333333333333333,0.17391304347826086,0.37967322071448345,False,True,True,False,False,False,False,False,True,False,False,True,False,False,True,False
0,0.14754098360655737,0.0,0.03278688524590164,0.6,0.8,0.75,0.14285714285714285,0.0,0.5333333333333333,0.1875,0.4,0.06521739130434782,0.7007600233853349,True,False,False,False,False,True,False,False,True,False,False,False,False,False,True,False
0,0.01639344262295082,1.0,0.04918032786885246,0.6,0.6,0.5,0.09523809523809523,1.0,0.13333333333333333,0.125,0.06666666666666667,0.08695652173913043,0.5126926982368688,True,False,False,False,True,False,False,False,False,False,True,False,False,False,True,False
0,0.3114754098360656,1.0,0.03278688524590164,0.8,0.6,0.5,0.23809523809523808,0.0,0.8,0.25,0.3333333333333333,0.17391304347826086,0.5432167143604418,False,False,False,False,False,True,False,False,False,False,True,False,False,False,True,False
1,0.16393442622950818,1.0,0.22950819672131148,0.6,0.0,0.5,0.19047619047619047,1.0,0.06666666666666667,0.0625,0.0,0.06521739130434782,0.5045386011877289,False,False,False,False,False,True,False,False,False,False,True,False,False,False,False,True
1,0.01639344262295082,1.0,0.040983606557377046,0.8,0.6,0.0,0.09523809523809523,1.0,0.13333333333333333,0.0625,0.06666666666666667,0.021739130434782608,0.43290562786547276,False,False,False,False,True,False,False,False,False,False,False,False,True,False,False,True
1,0.18032786885245902,1.0,0.07377049180327869,0.6,0.4,0.5,0.09523809523809523,1.0,0.0,0.25,0.4,0.15217391304347827,0.38939659681836364,False,False,False,False,False,False,False,False,False,False,False,True,False,False,True,False
1,0.01639344262295082,0.0,0.22131147540983606,0.8,0.6,0.75,0.09523809523809523,1.0,0.6,0.4375,0.4666666666666667,0.1956521739130435,0.44684451829287053,False,False,False,False,False,True,False,False,False,False,False,False,True,False,True,False
1,0.3114754098360656,0.0,0.03278688524590164,0.8,0.6,1.0,0.2857142857142857,1.0,0.2,0.125,0.06666666666666667,0.10869565217391304,0.9956921751438504,True,False,False,False,True,False,False,False,True,False,False,False,False,True,True,False
0,0.01639344262295082,0.0,0.18032786885245902,0.6,0.4,0.0,0.047619047619047616,0.0,0.0,0.0,0.0,0.043478260869565216,0.3911812671159112,False,True,False,False,False,False,False,False,True,False,False,True,False,False,True,False
0,0.11475409836065574,0.0,0.08196721311475409,0.6,0.2,1.0,0.3333333333333333,0.0,0.6,0.4375,0.4666666666666667,0.15217391304347827,0.48133788731960986,True,False,False,False,False,True,False,False,True,False,False,False,True,False,True,False
1,0.11475409836065574,0.0,0.20491803278688525,0.6,0.4,0.5,0.14285714285714285,1.0,0.7333333333333333,0.0,0.0,0.0,0.4049663066555894,False,False,False,False,False,True,False,False,True,False,False,True,False,False,True,False
1,0.03278688524590164,0.0,0.02459016393442623,0.4,0.4,0.25,0.3333333333333333,0.0,0.0,0.4375,0.6666666666666666,0.06521739130434782,0.6821440659712606,False,False,False,False,False,True,False,False,True,True,False,False,False,False,True,False
1,0.14754098360655737,1.0,0.00819672131147541,0.6,0.6,0.75,0.047619047619047616,1.0,0.0,0.0625,0.0,0.043478260869565216,0.374596141419736,False,False,False,True,False,False,False,False,False,False,False,True,False,False,False,True
1,0.14754098360655737,1.0,0.09016393442622951,0.6,0.4,0.75,0.23809523809523808,0.0,0.6666666666666666,0.0625,0.0,0.15217391304347827,0.5327548539955075,True,False,False,False,False,True,False,False,False,False,False,False,False,False,True,False
1,0.01639344262295082,0.0,0.03278688524590164,0.6,1.0,0.25,0.2857142857142857,1.0,0.2,0.1875,0.13333333333333333,0.06521739130434782,0.4912151143112095,True,False,False,False,True,False,False,False,True,False,False,False,True,False,False,False
1,0.01639344262295082,0.0,0.19672131147540983,0.8,0.6,0.5,0.09523809523809523,1.0,0.3333333333333333,0.25,0.4,0.17391304347826086,0.5747561463429643,True,False,False,False,True,False,False,False,True,False,True,False,False,False,False,False
0,0.06557377049180328,1.0,0.13934426229508196,0.8,0.8,1.0,0.14285714285714285,0.0,0.06666666666666667,0.0625,0.06666666666666667,0.17391304347826086,0.6043262869626758,True,False,False,False,False,False,True,False,True,False,False,False,False,False,True,False
0,0.13114754098360656,0.0,0.07377049180327869,0.4,0.0,0.75,0.0,0.0,0.13333333333333333,0.0625,0.0,0.06521739130434782,0.3823502261608049,False,True,False,False,False,False,False,False,True,False,False,True,False,False,True,False
0,0.45901639344262296,0.0,0.01639344262295082,0.6,0.6,0.5,0.38095238095238093,0.0,0.4666666666666667,0.125,0.06666666666666667,0.06521739130434782,0.7077756238653498,False,False,False,False,False,True,False,False,False,False,False,False,False,False,True,False
1,0.26229508196721313,1.0,0.05737704918032787,0.8,0.6,0.75,0.47619047619047616,1.0,0.6,0.5,0.4666666666666667,0.06521739130434782,0.6445121388350411,True,False,False,False,False,True,False,False,True,False,False,False,False,False,False,True
1,0.0,0.0,0.02459016393442623,0.6,0.4,1.0,0.3333333333333333,0.0,0.6,0.0625,0.0,0.15217391304347827,0.39099664605064766,False,True,False,False,False,True,False,False,False,False,False,True,False,False,True,False
0,0.11475409836065574,0.0,0.08196721311475409,0.4,0.6,0.75,0.047619047619047616,0.0,0.2,0.25,0.4,0.15217391304347827,0.5729714760454168,True,False,False,False,True,False,False,False,False,False,False,False,False,False,False,True
1,0.11475409836065574,0.5,0.00819672131147541,0.6,0.6,1.0,0.42857142857142855,0.0,0.2,0.125,0.13333333333333333,0.13043478260869565,0.6302347764546601,True,False,False,False,True,False,False,False,True,False,False,False,False,False,True,False
0,0.19672131147540983,0.0,0.16393442622950818,0.4,0.4,0.0,0.38095238095238093,0.0,0.2,0.0,0.06666666666666667,0.043478260869565216,0.4277670082156374,False,True,False,False,False,False,False,True,True,False,True,False,False,False,True,False
0,0.13114754098360656,0.0,0.09836065573770492,0.8,0.8,0.5,0.09523809523809523,0.0,0.26666666666666666,0.125,0.4666666666666667,0.17391304347826086,0.5404166282039448,False,False,True,False,False,False,False,False,True,False,True,False,False,False,True,False
0,0.04918032786885246,0.0,0.07377049180327869,0.8,0.8,0.0,0.3333333333333333,0.0,0.26666666666666666,0.125,0.06666666666666667,0.08695652173913043,0.462537308840272,True,False,False,False,True,False,False,False,False,False,False,False,True,False,True,False
1,0.0,1.0,0.19672131147540983,0.4,0.6,1.0,0.047619047619047616,0.0,0.13333333333333333,0.0625,0.13333333333333333,0.21739130434782608,0.5334317979014739,True,False,False,False,False,True,False,False,False,False,False,False,False,False,True,False
0,0.21311475409836064,0.0,0.08196721311475409,0.6,0.6,0.25,0.42857142857142855,0.0,0.2,0.0625,0.0,0.043478260869565216,0.4577371611434198,False,False,False,False,False,True,False,False,True,False,True,False,False,False,False,False
0,0.14754098360655737,0.0,0.08196721311475409,0.6,0.4,0.25,0.047619047619047616,0.0,0.06666666666666667,0.0625,0.06666666666666667,0.021739130434782608,0.37810394165974337,False,True,False,False,False,True,False,False,False,False,False,True,False,False,False,True
0,0.18032786885245902,0.0,0.10655737704918032,0.8,0.6,0.5,0.23809523809523808,0.0,0.5333333333333333,0.0625,0.06666666666666667,0.06521739130434782,0.49629219360595705,True,False,False,False,True,False,False,False,False,False,False,False,True,False,False,True
1,0.0,0.5,0.19672131147540983,0.4,0.4,1.0,0.42857142857142855,1.0,0.26666666666666666,0.0625,0.0,0.043478260869565216,0.6138650420012923,False,False,False,False,False,False,False,True,False,False,False,False,False,False,True,False
1,0.0,0.0,0.07377049180327869,0.6,0.6,0.5,0.047619047619047616,1.0,0.0,0.0625,0.0,0.043478260869565216,0.4304440136619588,False,True,False,False,True,False,False,False,True,False,False,False,True,False,False,True
0,0.09836065573770492,1.0,0.09836065573770492,0.8,0.6,0.0,0.42857142857142855,0.0,0.2,0.125,0.06666666666666667,0.021739130434782608,0.527647004523216,False,False,False,False,False,False,True,False,True,False,True,False,False,False,False,True
0,0.01639344262295082,0.0,0.040983606557377046,0.6,0.8,0.0,0.047619047619047616,0.0,0.2,0.125,0.06666666666666667,0.043478260869565216,0.44755223237638075,False,True,False,False,True,False,False,False,True,False,False,False,True,False,False,True
0,0.16393442622950818,0.0,0.09016393442622951,0.8,0.2,0.75,0.09523809523809523,0.0,0.8,0.125,0.06666666666666667,0.06521739130434782,0.47109141819748296,False,False,False,False,False,True,False,False,True,False,False,False,True,False,True,False
1,0.01639344262295082,0.5,0.12295081967213115,0.6,0.8,1.0,0.23809523809523808,1.0,0.3333333333333333,0.1875,0.13333333333333333,0.021739130434782608,0.45647558386411885,False,True,False,False,False,False,False,True,True,False,False,False,True,False,True,False
1,0.14754098360655737,0.0,0.02459016393442623,0.4,0.4,1.0,0.2857142857142857,1.0,0.2,0.0,0.0,0.043478260869565216,0.3705344779839379,False,False,False,False,False,True,False,False,True,False,False,True,False,False,True,False
1,0.01639344262295082,1.0,0.22950819672131148,0.8,0.6,0.0,0.09523809523809523,1.0,0.06666666666666667,0.0625,0.06666666666666667,0.1956521739130435,0.5574633065632788,False,False,False,False,False,False,True,False,True,False,True,False,False,False,True,False
1,0.0,0.0,0.07377049180327869,0.4,0.6,0.5,0.047619047619047616,1.0,0.2,0.0,0.0,0.15217391304347827,0.3805040155081695,False,False,False,False,False,False,False,False,False,False,False,True,False,False,True,False
1,0.01639344262295082,1.0,0.03278688524590164,0.6,0.8,0.5,0.09523809523809523,0.0,0.2,0.125,0.06666666666666667,0.06521739130434782,0.4475214621988369,False,True,False,False,True,False,False,False,False,False,False,False,True,False,False,True
1,0.01639344262295082,0.0,0.01639344262295082,0.6,0.6,0.5,0.047619047619047616,0.0,0.26666666666666666,0.0625,0.06666666666666667,0.13043478260869565,0.44795224468445183,False,True,True,False,False,False,False,False,True,False,False,False,True,False,False,True
0,0.08196721311475409,1.0,0.02459016393442623,0.6,0.4,1.0,0.047619047619047616,0.0,0.06666666666666667,0.0625,0.0,0.0,0.3946890673559187,False,False,False,False,False,True,False,False,False,False,False,True,False,False,True,False
1,0.0,0.5,0.08196721311475409,0.6,0.4,0.5,0.047619047619047616,0.0,0.26666666666666666,0.0625,0.06666666666666667,0.043478260869565216,0.392073602264685,False,True,True,False,False,False,False,False,False,False,False,True,False,False,False,False
1,0.0,0.0,0.2459016393442623,0.6,0.6,0.75,0.0,0.0,0.0,0.0,0.0,0.08695652173913043,0.4147512231145573,False,False,False,False,True,False,False,False,True,False,False,True,False,False,False,True
0,0.14754098360655737,0.0,0.08196721311475409,0.6,0.4,0.0,0.14285714285714285,0.0,0.8,0.0625,0.0,0.06521739130434782,0.37154989384288745,False,True,False,False,False,True,False,False,True,False,False,True,False,False,True,False
0,0.3442622950819672,1.0,0.03278688524590164,0.6,0.2,0.75,0.3333333333333333,0.0,0.26666666666666666,0.0625,0.06666666666666667,0.06521739130434782,0.8760884950306164,True,False,False,False,False,True,False,False,False,True,False,False,False,False,True,False
0,0.26229508196721313,0.0,0.07377049180327869,0.8,0.2,0.75,0.3333333333333333,1.0,0.4,0.0625,0.06666666666666667,0.021739130434782608,0.4576140804332441,False,True,False,False,True,False,False,False,False,False,True,False,False,False,True,False
1,0.04918032786885246,0.0,0.06557377049180328,0.8,0.6,1.0,0.38095238095238093,1.0,0.7333333333333333,0.125,0.13333333333333333,0.06521739130434782,0.45859872611464964,False,True,False,False,True,False,False,False,True,False,False,False,True,False,True,False
0,0.29508196721311475,0.0,0.19672131147540983,0.4,0.4,1.0,0.047619047619047616,1.0,0.26666666666666666,0.0625,0.0,0.17391304347826086,0.41948983045632177,False,False,False,False,False,True,False,False,True,False,True,False,False,False,False,False
0,0.21311475409836064,0.0,0.01639344262295082,0.8,0.6,0.5,0.38095238095238093,0.0,0.26666666666666666,0.125,0.06666666666666667,0.06521739130434782,0.45330625557709464,False,True,False,False,True,False,False,False,False,False,False,False,True,False,True,False
1,0.01639344262295082,1.0,0.040983606557377046,0.6,0.8,0.0,0.09523809523809523,1.0,0.06666666666666667,0.25,0.2,0.06521739130434782,0.7023293024400751,True,False,False,False,False,True,False,False,True,False,False,False,False,False,True,False
1,0.2459016393442623,1.0,0.04918032786885246,0.6,0.4,0.75,0.42857142857142855,1.0,0.5333333333333333,0.3125,0.4,0.15217391304347827,0.5675866949752301,True,False,False,False,False,True,False,False,True,False,False,False,False,False,False,True
0,0.2459016393442623,0.0,0.07377049180327869,0.6,0.4,1.0,0.14285714285714285,0.0,0.3333333333333333,0.0625,0.0,0.043478260869565216,0.3869657527923936,False,True,False,False,False,True,False,False,False,False,False,True,False,False,True,False
0,0.4262295081967213,1.0,0.02459016393442623,0.4,0.6,0.75,0.09523809523809523,0.0,0.06666666666666667,0.3125,0.3333333333333333,0.2608695652173913,0.5392473614572756,False,False,False,False,False,False,True,False,False,False,False,False,False,False,True,False
1,0.0,1.0,0.16393442622950818,0.6,0.2,0.25,0.38095238095238093,1.0,0.13333333333333333,0.0625,0.0,0.08695652173913043,0.4709067971322194,False,False,False,False,False,False,True,False,True,False,True,False,False,False,False,True
0,0.2459016393442623,0.0,0.2459016393442623,0.4,0.8,0.25,0.19047619047619047,0.0,0.5333333333333333,0.0625,0.0,0.0,0.4391519739068894,False,True,False,False,True,False,False,False,True,False,True,False,False,False,False,True
0,0.18032786885245902,0.0,0.01639344262295082,0.8,0.6,0.75,0.3333333333333333,0.0,0.13333333333333333,0.25,0.26666666666666666,0.08695652173913043,0.5830025539247361,True,False,False,False,False,True,False,False,False,False,True,False,False,False,False,False
1,0.14754098360655737,1.0,0.00819672131147541,0.4,0.4,0.75,0.047619047619047616,1.0,0.0,0.0625,0.06666666666666667,0.043478260869565216,0.3785347241453583,False,False,False,False,False,True,False,False,False,False,False,True,False,False,False,True
1,0.01639344262295082,1.0,0.12295081967213115,0.6,0.6,0.5,0.19047619047619047,1.0,0.06666666666666667,0.0625,0.13333333333333333,0.06521739130434782,0.6878365488168866,True,False,False,False,False,False,True,False,False,False,True,False,False,False,False,True
1,0.0,0.5,0.1885245901639344,0.6,0.6,0.75,0.047619047619047616,0.0,0.06666666666666667,0.0625,0.0,0.0,0.3957967937474999,False,False,False,False,False,False,False,True,False,False,False,True,False,False,True,False
1,0.3114754098360656,0.0,0.07377049180327869,0.6,0.4,0.5,0.38095238095238093,0.0,0.0,0.375,0.5333333333333333,0.17391304347826086,0.37967322071448345,False,True,True,False,False,False,False,False,True,False,False,True,False,False,True,False
1,0.0,1.0,0.04918032786885246,0.6,0.4,0.5,0.047619047619047616,1.0,0.13333333333333333,0.0625,0.0,0.0,0.3954275516169728,False,True,False,False,False,False,True,False,False,False,False,True,False,False,False,True
1,0.01639344262295082,0.0,0.05737704918032787,0.6,0.2,0.5,0.19047619047619047,1.0,0.26666666666666666,0.0625,0.06666666666666667,0.08695652173913043,0.45946029108587955,False,False,False,False,False,True,False,False,False,False,False,False,True,False,False,True
0,0.3770491803278688,1.0,0.07377049180327869,0.4,0.4,0.75,0.3333333333333333,0.0,0.26666666666666666,0.0,0.06666666666666667,0.043478260869565216,0.4269362134219514,False,True,False,False,False,False,True,False,True,False,False,False,True,False,True,False
0,0.16393442622950818,0.0,0.06557377049180328,0.2,0.4,0.5,0.19047619047619047,0.0,0.13333333333333333,0.0,0.06666666666666667,0.043478260869565216,0.7281454813994276,True,False,False,False,True,False,False,False,True,False,False,False,False,False,False,True
1,0.19672131147540983,1.0,0.07377049180327869,0.8,0.6,0.5,0.14285714285714285,1.0,0.06666666666666667,0.125,0.4666666666666667,0.17391304347826086,0.46632204067817473,False,False,False,False,True,False,False,False,False,False,False,False,True,False,True,False
0,0.11475409836065574,1.0,0.09016393442622951,0.4,0.4,0.5,0.047619047619047616,1.0,0.2,0.0625,0.0,0.15217391304347827,0.43081325579248586,False,False,False,False,False,True,False,False,True,False,True,False,False,False,True,False
0,0.22950819672131148,0.0,0.03278688524590164,0.8,0.6,0.5,0.14285714285714285,0.0,0.26666666666666666,0.0625,0.06666666666666667,0.06521739130434782,0.4461983445644481,False,True,False,False,True,False,False,False,False,False,False,False,True,False,True,False
1,0.01639344262295082,1.0,0.13934426229508196,0.6,1.0,0.0,0.3333333333333333,1.0,0.26666666666666666,0.125,0.13333333333333333,0.06521739130434782,0.5520169851380042,True,False,False,False,True,False,False,False,True,False,True,False,False,False,True,False
1,0.01639344262295082,0.0,0.01639344262295082,0.8,0.2,0.75,0.09523809523809523,0.0,0.06666666666666667,0.25,0.26666666666666666,0.17391304347826086,0.6137419612911167,False,False,False,False,False,True,False,False,False,False,False,False,False,False,False,True
1,0.03278688524590164,0.0,0.2540983606557377,0.8,0.6,1.0,0.38095238095238093,1.0,0.6,0.0625,0.06666666666666667,0.021739130434782608,0.589956614049663,True,False,False,False,True,False,False,False,True,False,True,False,False,False,False,False
0,0.39344262295081966,1.0,0.00819672131147541,0.6,0.6,0.5,0.23809523809523808,1.0,0.26666666666666666,0.0625,0.06666666666666667,0.021739130434782608,0.9794455214006584,True,False,False,False,False,False,True,False,True,False,False,False,False,True,True,False
1,0.0,1.0,0.07377049180327869,0.4,0.6,1.0,0.2857142857142857,0.0,0.4,0.0,0.0,0.043478260869565216,0.47158374103818573,True,False,True,False,False,False,False,False,True,False,True,False,False,False,False,True
0,0.3114754098360656,0.0,0.18032786885245902,0.8,1.0,1.0,0.14285714285714285,1.0,0.5333333333333333,0.0625,0.06666666666666667,0.17391304347826086,0.7185144158281793,True,False,False,False,True,False,False,False,True,False,False,False,False,False,True,False
0,0.13114754098360656,1.0,0.09016393442622951,0.8,0.6,0.5,0.09523809523809523,0.0,0.6666666666666666,0.125,0.06666666666666667,0.08695652173913043,0.5604480137850395,True,False,False,False,False,True,False,False,False,False,True,False,False,False,False,False
0,0.03278688524590164,0.0,0.19672131147540983,0.6,0.0,0.5,0.047619047619047616,0.0,0.8666666666666667,0.0625,0.0,0.15217391304347827,0.3907812548078402,False,True,False,False,False,True,False,False,True,False,False,True,False,False,True,False
1,0.01639344262295082,0.0,0.08196721311475409,0.8,0.6,0.5,0.09523809523809523,0.0,0.13333333333333333,0.125,0.06666666666666667,0.021739130434782608,0.4432136373426874,False,False,False,False,True,False,False,False,True,False,False,False,True,False,False,True
0,0.3442622950819672,1.0,0.02459016393442623,0.4,0.4,0.0,0.09523809523809523,0.0,0.2,0.375,0.3333333333333333,0.15217391304347827,0.4323517646696821,False,True,False,False,False,False,True,False,False,False,True,False,False,False,True,False
1,0.14754098360655737,1.0,0.18032786885245902,0.4,0.6,0.75,0.047619047619047616,1.0,0.13333333333333333,0.0625,0.0,0.0,0.372965322009908,False,True,False,False,False,False,False,True,True,False,False,True,False,False,False,True
1,0.01639344262295082,0.0,0.19672131147540983,0.6,0.6,0.5,0.23809523809523808,1.0,0.06666666666666667,0.0625,0.06666666666666667,0.043478260869565216,0.4502292378227022,False,True,False,False,False,True,False,False,False,False,False,False,True,False,True,False
1,0.0,0.0,0.03278688524590164,0.6,0.6,0.25,0.0,1.0,0.0,0.0,0.0,0.0,0.39548909197206067,False,False,False,False,False,True,False,False,True,False,False,True,False,False,False,False
1,0.14754098360655737,0.0,0.05737704918032787,0.6,0.0,1.0,0.047619047619047616,1.0,0.6666666666666666,0.0,0.0,0.0,0.3569648296870673,True,False,False,False,False,True,False,False,True,False,False,False,True,False,True,False
1,0.0,0.0,0.07377049180327869,0.4,0.6,0.5,0.047619047619047616,0.0,0.6,0.125,0.06666666666666667,0.043478260869565216,0.3884734914920459,False,False,False,False,False,True,False,False,False,False,False,True,False,False,False,True
1,0.0,0.0,0.040983606557377046,0.4,0.4,0.25,0.047619047619047616,1.0,0.26666666666666666,0.3125,0.26666666666666666,0.13043478260869565,0.42127450075386935,False,True,True,False,False,False,False,False,True,False,False,False,True,False,False,False
0,0.19672131147540983,0.0,0.0,0.4,0.6,0.25,0.047619047619047616,0.0,0.26666666666666666,0.5625,0.8,0.06521739130434782,0.9007046370657559,False,False,False,False,True,False,False,False,True,False,False,False,False,True,False,False
1,0.01639344262295082,0.0,0.16393442622950818,0.8,0.6,0.25,0.09523809523809523,0.0,0.6,0.125,0.06666666666666667,0.021739130434782608,0.46749130742484385,True,False,False,False,False,False,False,True,False,False,False,False,True,False,False,True
1,0.01639344262295082,0.5,0.19672131147540983,0.6,0.8,0.75,0.09523809523809523,0.0,0.13333333333333333,0.125,0.06666666666666667,0.021739130434782608,0.47272223760731097,False,False,False,False,False,False,False,True,False,False,False,False,True,False,True,False
0,0.2459016393442623,0.5,0.02459016393442623,0.6,0.0,1.0,0.3333333333333333,0.0,0.3333333333333333,0.0625,0.0,0.06521739130434782,0.5006923289947383,False,False,False,False,True,False,False,False,True,False,True,False,False,False,True,False
1,0.01639344262295082,0.0,0.22131147540983606,0.6,0.8,0.75,0.23809523809523808,1.0,0.6666666666666666,0.0625,0.13333333333333333,0.06521739130434782,0.4557986399581525,False,True,False,False,True,False,False,False,True,False,False,False,True,False,False,True
1,0.3114754098360656,0.0,0.03278688524590164,0.8,0.6,1.0,0.2857142857142857,1.0,0.2,0.125,0.06666666666666667,0.10869565217391304,0.9956921751438504,True,False,False,False,True,False,False,False,True,False,False,False,False,True,False,False
1,0.14754098360655737,0.0,0.14754098360655737,0.6,0.4,0.75,0.047619047619047616,0.0,0.13333333333333333,0.0625,0.0,0.0,0.37570386781131726,False,True,False,False,False,True,False,False,False,False,False,True,False,False,True,False
1,0.01639344262295082,1.0,0.09016393442622951,0.8,0.6,1.0,0.047619047619047616,1.0,0.4666666666666667,0.0625,0.06666666666666667,0.08695652173913043,0.6376811594202899,True,False,False,False,False,False,True,False,False,False,True,False,False,False,False,True
0,0.14754098360655737,0.0,0.01639344262295082,0.4,0.4,0.5,0.0,1.0,0.0,0.0625,0.0,0.043478260869565216,0.3739807378688575,False,False,False,False,False,False,False,False,True,False,False,True,False,False,False,True
1,0.21311475409836064,1.0,0.03278688524590164,0.6,0.6,0.5,0.047619047619047616,1.0,0.2,0.0625,0.0,0.043478260869565216,0.39025816178959355,False,True,False,False,False,False,True,False,True,False,False,True,False,False,True,False
0,0.16393442622950818,1.0,0.02459016393442623,0.8,0.6,0.5,0.3333333333333333,0.0,0.2,0.125,0.06666666666666667,0.021739130434782608,0.5943259792609004,True,False,False,False,False,True,False,False,False,False,True,False,False,False,False,True
1,0.01639344262295082,0.0,0.08196721311475409,0.8,1.0,1.0,0.09523809523809523,1.0,0.06666666666666667,0.125,0.06666666666666667,0.17391304347826086,0.4498292255146312,False,True,False,False,False,False,False,True,True,False,False,False,True,False,False,False
0,0.11475409836065574,0.0,0.13114754098360656,0.8,0.6,0.75,0.09523809523809523,0.0,0.2,0.125,0.06666666666666667,0.15217391304347827,0.46942982861011107,True,False,False,False,True,False,False,False,False,False,False,False,True,False,True,False
1,0.14754098360655737,1.0,0.08196721311475409,0.6,0.6,0.25,0.047619047619047616,0.0,0.3333333333333333,0.0,0.2,0.15217391304347827,0.6036801132342533,True,False,False,False,True,False,False,False,True,False,False,False,False,False,False,True
1,0.01639344262295082,0.0,0.09836065573770492,0.6,0.8,1.0,0.09523809523809523,0.0,0.2,0.0625,0.06666666666666667,0.021739130434782608,0.4281977907012523,False,True,False,False,False,True,False,False,False,False,False,False,True,False,False,True
1,0.29508196721311475,1.0,0.11475409836065574,0.4,0.0,0.5,0.2857142857142857,1.0,0.4,0.0625,0.06666666666666667,0.17391304347826086,0.7290993569032893,True,False,False,False,False,False,True,False,True,True,False,False,False,False,False,True
0,0.01639344262295082,0.0,0.03278688524590164,0.6,0.6,0.75,0.09523809523809523,0.0,0.06666666666666667,0.125,0.06666666666666667,0.06521739130434782,0.4531216345118311,False,True,True,False,False,False,False,False,True,False,False,False,True,False,True,False
0,0.3442622950819672,1.0,0.040983606557377046,0.6,0.6,0.5,0.47619047619047616,1.0,0.13333333333333333,0.0625,0.7333333333333333,0.30434782608695654,0.8083325640788946,False,False,False,False,True,False,False,False,False,True,False,False,False,False,True,False
1,0.0,1.0,0.07377049180327869,0.4,0.8,0.5,0.0,0.0,0.3333333333333333,0.0,0.0,0.0,0.3800424628450106,False,False,False,False,False,False,True,False,False,False,False,True,False,False,True,False
0,0.39344262295081966,1.0,0.08196721311475409,0.6,0.6,0.75,0.38095238095238093,0.0,0.3333333333333333,0.125,0.13333333333333333,0.06521739130434782,0.5038616572817625,True,False,False,False,False,False,True,False,True,False,False,False,True,False,False,False
1,0.01639344262295082,0.0,0.04918032786885246,0.6,0.6,0.0,0.09523809523809523,1.0,0.3333333333333333,0.3125,0.3333333333333333,0.15217391304347827,0.4981999446136804,True,False,True,False,False,False,False,False,True,False,False,False,True,False,True,False
0,0.3114754098360656,0.0,0.03278688524590164,0.6,0.8,0.0,0.09523809523809523,0.0,0.6,0.25,0.2,0.21739130434782608,0.5621711437274992,True,False,False,False,False,False,False,True,False,False,True,False,False,False,True,False
1,0.0,0.0,0.1557377049180328,0.6,0.4,0.25,0.047619047619047616,0.0,0.5333333333333333,0.0625,0.0,0.0,0.39056586356503276,False,True,False,False,False,False,False,True,False,False,False,True,False,False,False,True
0,0.0,0.0,0.00819672131147541,0.6,0.4,1.0,0.0,0.0,0.13333333333333333,0.1875,0.4,0.13043478260869565,0.39591987445767557,False,True,False,False,False,False,False,False,True,False,False,True,False,False,False,True
0,0.01639344262295082,0.0,0.22950819672131148,0.6,0.8,0.5,0.09523809523809523,1.0,0.26666666666666666,0.0625,0.06666666666666667,0.08695652173913043,0.47121449890765865,False,False,False,False,False,False,False,True,False,False,False,False,True,False,True,False
1,0.3442622950819672,0.0,0.03278688524590164,0.6,0.6,0.5,0.23809523809523808,0.0,0.9333333333333333,0.0625,0.06666666666666667,0.021739130434782608,0.460906489430444,True,False,True,False,False,False,False,False,True,False,False,False,True,False,False,True
0,0.18032786885245902,0.0,0.01639344262295082,0.2,0.6,0.25,0.14285714285714285,1.0,0.5333333333333333,0.0625,0.06666666666666667,0.06521739130434782,0.8031939444290592,False,False,False,False,True,False,False,False,False,False,False,False,False,False,True,False
0,0.01639344262295082,0.0,0.040983606557377046,0.8,0.8,0.5,0.09523809523809523,1.0,0.3333333333333333,0.0625,0.06666666666666667,0.043478260869565216,0.4635834948767654,False,False,False,False,True,False,False,False,True,False,False,False,True,False,True,False
1,0.14754098360655737,1.0,0.08196721311475409,0.4,0.4,0.0,0.19047619047619047,0.0,0.0,0.25,0.2,0.06521739130434782,0.6183574879227053,True,False,False,False,False,False,True,False,True,False,False,False,False,False,True,False
1,0.01639344262295082,0.0,0.14754098360655737,0.6,1.0,1.0,0.09523809523809523,1.0,0.8666666666666667,0.0625,0.2,0.021739130434782608,0.455614018892889,False,False,True,False,False,False,False,False,True,False,False,False,True,False,True,False
0,0.14754098360655737,0.0,0.040983606557377046,0.6,0.6,1.0,0.047619047619047616,0.0,0.13333333333333333,0.0,0.0,0.0,0.3725960798793809,False,True,False,True,False,False,False,False,False,False,False,True,False,False,True,False
1,0.09836065573770492,0.0,0.1721311475409836,0.6,0.4,0.5,0.3333333333333333,1.0,0.13333333333333333,0.1875,0.13333333333333333,0.06521739130434782,0.4695221391427429,False,False,False,False,True,False,False,False,True,False,False,False,True,False,True,False
1,0.06557377049180328,0.0,0.07377049180327869,0.8,0.6,1.0,0.19047619047619047,1.0,0.26666666666666666,0.0625,0.06666666666666667,0.08695652173913043,0.45127542385919567,False,True,False,False,False,True,False,False,True,False,False,False,True,False,False,True
0,0.21311475409836064,0.0,0.08196721311475409,0.4,0.4,0.5,0.42857142857142855,0.0,0.4,0.0625,0.06666666666666667,0.2826086956521739,0.7230684021046802,False,False,False,False,True,False,False,False,False,False,False,False,False,False,False,True
1,0.0,0.0,0.02459016393442623,0.6,0.4,0.5,0.09523809523809523,0.0,0.0,0.0625,0.0,0.0,0.4149358441798209,False,True,False,False,False,True,False,False,True,False,False,True,False,False,False,True
0,0.19672131147540983,1.0,0.05737704918032787,0.4,0.0,0.5,0.09523809523809523,0.0,0.0,0.25,0.4,0.13043478260869565,0.5611557278685498,True,False,False,False,True,False,False,False,True,False,False,False,False,False,True,False
1,0.0,0.0,0.07377049180327869,0.4,0.6,1.0,0.0,1.0,0.7333333333333333,0.0625,0.0,0.043478260869565216,0.3791193575186929,False,False,False,False,False,False,False,False,True,False,False,True,False,False,False,True
1,0.01639344262295082,1.0,0.03278688524590164,0.6,0.8,0.5,0.09523809523809523,0.0,0.2,0.0625,0.06666666666666667,0.06521739130434782,0.4475214621988369,False,True,False,False,True,False,False,False,False,False,False,False,True,False,False,True
1,0.01639344262295082,1.0,0.21311475409836064,0.8,1.0,0.25,0.09523809523809523,1.0,0.26666666666666666,0.125,0.06666666666666667,0.021739130434782608,0.4190282777931629,False,False,False,False,False,True,False,False,True,False,False,False,True,False,False,True
1,0.19672131147540983,0.0,0.23770491803278687,0.6,0.6,1.0,0.14285714285714285,0.0,0.6,0.0,0.0,0.06521739130434782,0.4395212160374165,False,False,False,False,False,True,False,False,True,False,True,False,False,False,False,True
0,0.14754098360655737,0.0,0.14754098360655737,0.8,0.6,0.5,0.23809523809523808,1.0,0.13333333333333333,0.0625,0.06666666666666667,0.021739130434782608,0.6194652143142866,True,False,False,False,False,True,False,False,True,False,False,False,False,False,True,False
0,0.2459016393442623,0.0,0.07377049180327869,0.4,0.4,0.25,0.23809523809523808,1.0,0.2,0.0,0.06666666666666667,0.043478260869565216,0.38508877196221425,False,False,False,False,False,False,False,False,True,False,False,True,False,False,False,True
0,0.21311475409836064,0.0,0.06557377049180328,0.6,0.8,1.0,0.23809523809523808,0.0,0.3333333333333333,0.0625,0.06666666666666667,0.06521739130434782,0.6920520631404042,True,False,False,False,True,False,False,False,True,False,False,False,False,False,True,False
1,0.01639344262295082,1.0,0.12295081967213115,0.6,0.6,1.0,0.14285714285714285,0.0,0.4666666666666667,0.0625,0.06666666666666667,0.06521739130434782,0.5148773808424875,True,False,False,False,True,False,False,False,True,False,True,False,False,False,True,False
1,0.03278688524590164,1.0,0.03278688524590164,0.4,0.4,0.5,0.19047619047619047,1.0,0.4666666666666667,0.0625,0.0,0.0,0.4688759654143204,True,False,False,False,True,False,False,False,False,False,True,False,False,False,True,False
0,0.14754098360655737,0.0,0.08196721311475409,0.6,0.4,0.5,0.19047619047619047,0.0,0.06666666666666667,0.0,0.06666666666666667,0.0,0.37247299916920523,False,True,False,False,False,True,False,False,False,False,False,True,False,False,False,True
0,0.4426229508196721,0.0,0.040983606557377046,0.6,0.6,0.5,0.19047619047619047,1.0,0.26666666666666666,0.0625,0.06666666666666667,0.08695652173913043,0.9256900212314224,True,False,False,False,True,False,False,False,True,True,False,False,False,False,False,False
0,0.2459016393442623,1.0,0.03278688524590164,0.8,0.6,1.0,0.38095238095238093,0.0,0.4,0.0625,0.7333333333333333,0.1956521739130435,0.8952583156404812,True,False,False,False,False,True,False,False,False,True,False,False,False,False,False,False
0,0.08196721311475409,0.0,0.03278688524590164,0.6,1.0,0.0,0.09523809523809523,1.0,0.06666666666666667,0.125,0.06666666666666667,0.021739130434782608,0.419366749746146,False,True,False,False,True,False,False,False,False,False,False,False,True,False,True,False
1,0.06557377049180328,1.0,0.040983606557377046,0.4,0.4,0.75,0.047619047619047616,0.0,0.4666666666666667,0.25,0.4,0.15217391304347827,0.5955567863626573,False,False,False,False,False,False,True,False,True,False,True,False,False,False,False,True
0,0.09836065573770492,1.0,0.09836065573770492,0.8,0.6,0.0,0.42857142857142855,0.0,0.2,0.0625,0.06666666666666667,0.021739130434782608,0.527647004523216,False,False,False,False,False,False,True,False,True,False,True,False,False,False,False,True
1,0.01639344262295082,0.0,0.01639344262295082,0.8,0.8,1.0,0.3333333333333333,0.0,0.2,0.0625,0.06666666666666667,0.17391304347826086,0.4573063786578049,False,True,True,False,False,False,False,False,True,False,False,False,True,False,False,True
0,0.0,1.0,0.08196721311475409,0.6,0.4,1.0,0.047619047619047616,0.0,0.0,0.0,0.0,0.043478260869565216,0.3916428197790701,False,True,False,False,False,True,False,False,True,False,False,True,False,False,False,True
1,0.16393442622950818,1.0,0.09016393442622951,0.6,0.6,0.0,0.23809523809523808,0.0,0.06666666666666667,0.0625,0.26666666666666666,0.06521739130434782,0.6952829317825164,True,False,False,False,False,False,True,False,True,False,False,False,False,False,True,False
0,0.29508196721311475,0.0,0.08196721311475409,0.8,0.2,0.25,0.14285714285714285,1.0,0.9333333333333333,0.125,0.06666666666666667,0.06521739130434782,0.4713375796178344,True,False,False,False,False,True,False,False,True,False,False,False,True,False,False,False
1,0.14754098360655737,0.0,0.07377049180327869,0.6,0.8,1.0,0.047619047619047616,1.0,0.0,0.0625,0.0,0.15217391304347827,0.37290378165482013,False,True,False,False,False,False,False,True,True,False,False,True,False,False,False,False
1,0.0,0.0,0.21311475409836064,0.6,0.4,0.25,0.047619047619047616,1.0,0.8666666666666667,0.0625,0.0,0.021739130434782608,0.393704421674513,False,True,False,False,False,True,False,False,True,False,False,True,False,False,False,True
1,0.01639344262295082,0.0,0.01639344262295082,0.8,0.6,0.0,0.14285714285714285,1.0,0.4,0.0625,0.13333333333333333,0.021739130434782608,0.4551832364072741,False,True,False,False,True,False,False,False,True,False,False,False,True,False,True,False
1,0.01639344262295082,0.0,0.14754098360655737,0.8,1.0,1.0,0.09523809523809523,1.0,0.8,0.0625,0.4,0.17391304347826086,0.5052155450936952,False,False,False,False,False,True,False,False,False,False,False,False,True,False,False,True
1,0.01639344262295082,0.0,0.14754098360655737,0.6,0.6,0.75,0.14285714285714285,1.0,0.2,0.125,0.06666666666666667,0.06521739130434782,0.45764485061078797,False,True,False,False,True,False,False,False,True,False,False,False,True,False,True,False
0,0.16393442622950818,1.0,0.03278688524590164,0.6,0.6,0.0,0.19047619047619047,0.0,0.3333333333333333,0.25,0.4,0.17391304347826086,0.5231545586018032,True,False,False,False,False,True,False,False,False,False,True,False,False,False,False,True
0,0.11475409836065574,1.0,0.23770491803278687,0.6,0.6,0.5,0.047619047619047616,0.0,0.6666666666666666,0.0625,0.0,0.15217391304347827,0.514231207114065,True,False,False,False,False,False,True,False,False,False,True,False,False,False,True,False
1,0.0,0.0,0.07377049180327869,0.6,0.6,0.0,0.047619047619047616,1.0,0.8666666666666667,0.0625,0.0,0.0,0.3827502384688759,False,False,False,False,False,True,False,False,True,False,False,True,False,False,False,True
0,0.21311475409836064,0.0,0.01639344262295082,0.6,0.4,1.0,0.09523809523809523,0.0,0.0,0.0625,0.6666666666666666,0.34782608695652173,0.825348472260685,True,False,False,False,False,True,False,False,True,True,False,False,False,False,True,False
0,0.3770491803278688,0.0,0.07377049180327869,0.6,0.8,0.5,0.42857142857142855,0.0,0.9333333333333333,0.125,0.06666666666666667,0.021739130434782608,0.5230930182467153,True,False,False,False,False,False,False,True,True,False,False,False,False,False,False,True
1,0.01639344262295082,0.0,0.07377049180327869,0.8,0.6,0.75,0.09523809523809523,1.0,0.8666666666666667,0.125,0.06666666666666667,0.021739130434782608,0.46069109818763654,True,False,False,False,False,True,False,False,True,False,False,False,True,False,False,True
1,0.01639344262295082,0.0,0.01639344262295082,0.6,0.8,0.75,0.09523809523809523,0.0,0.3333333333333333,0.125,0.06666666666666667,0.021739130434782608,0.4645066002030832,False,False,False,False,True,False,False,False,True,False,False,False,True,False,True,False
1,0.01639344262295082,0.0,0.08196721311475409,0.8,0.6,0.5,0.09523809523809523,0.0,0.13333333333333333,0.0625,0.06666666666666667,0.021739130434782608,0.4432136373426874,False,False,False,False,True,False,False,False,True,False,False,False,True,False,False,True
0,0.06557377049180328,0.0,0.06557377049180328,0.4,0.6,0.5,0.047619047619047616,0.0,0.8666666666666667,0.1875,0.4666666666666667,0.1956521739130435,0.5828794732145605,False,False,False,False,False,True,False,False,False,False,False,False,False,False,False,False
0,0.16393442622950818,0.0,0.05737704918032787,0.6,0.6,1.0,0.23809523809523808,0.0,0.13333333333333333,0.125,0.06666666666666667,0.06521739130434782,0.6310348010708022,True,False,False,False,False,True,False,False,False,False,False,False,False,False,True,False
1,0.01639344262295082,0.0,0.08196721311475409,0.8,0.8,0.5,0.09523809523809523,1.0,0.06666666666666667,0.125,0.06666666666666667,0.06521739130434782,0.5073694575217699,True,False,False,False,True,False,False,False,True,False,False,False,True,False,False,True
0,0.16393442622950818,1.0,0.08196721311475409,0.6,0.4,0.75,0.047619047619047616,0.0,0.13333333333333333,0.0625,0.4,0.15217391304347827,0.5795255238622726,False,False,False,False,True,False,False,False,True,False,False,False,False,False,True,False
1,0.04918032786885246,1.0,0.21311475409836064,0.4,0.6,0.75,0.09523809523809523,1.0,0.06666666666666667,0.0625,0.0,0.0,0.587525770023693,True,False,False,False,False,False,True,False,True,False,False,False,False,False,False,True
1,0.0,1.0,0.08196721311475409,0.6,0.6,1.0,0.14285714285714285,0.0,0.06666666666666667,0.125,0.06666666666666667,0.043478260869565216,0.44309055663251173,False,True,False,False,False,True,False,False,True,False,False,False,True,False,True,False
1,0.21311475409836064,1.0,0.07377049180327869,0.4,0.4,0.5,0.14285714285714285,1.0,0.2,0.0625,0.0,0.06521739130434782,0.5168159020277547,False,False,True,False,False,False,False,False,True,False,True,False,False,False,False,False
1,0.08196721311475409,0.0,0.05737704918032787,0.8,0.8,1.0,0.3333333333333333,0.0,0.4666666666666667,0.125,0.06666666666666667,0.021739130434782608,0.4494599833841041,False,False,False,False,False,True,False,False,True,False,False,False,True,False,True,False
0,0.16393442622950818,0.0,0.06557377049180328,0.6,0.4,1.0,0.23809523809523808,1.0,0.7333333333333333,0.0,0.0,0.08695652173913043,0.4395212160374165,False,True,False,False,True,False,False,False,True,False,True,False,False,False,True,False
0,0.18032786885245902,1.0,0.02459016393442623,0.6,1.0,0.0,0.09523809523809523,0.0,0.26666666666666666,0.125,0.06666666666666667,0.06521739130434782,0.6777131604049356,False,False,False,False,True,False,False,False,True,False,True,False,False,False,True,False
1,0.01639344262295082,0.5,0.1557377049180328,0.6,0.6,0.5,0.047619047619047616,1.0,0.06666666666666667,0.0625,0.06666666666666667,0.021739130434782608,0.4689682759469522,False,False,False,False,False,True,False,False,False,False,False,False,True,False,True,False
1,0.0,0.0,0.06557377049180328,0.6,0.4,0.5,0.047619047619047616,1.0,0.3333333333333333,0.0,0.0,0.043478260869565216,0.3965045078310102,False,False,False,False,False,True,False,False,False,False,False,True,False,False,False,False
1,0.0,0.0,0.09016393442622951,0.4,0.4,0.5,0.047619047619047616,1.0,0.0,0.0,0.0,0.021739130434782608,0.33874888458106406,True,False,False,False,True,False,False,False,True,False,False,False,True,False,False,True
1,0.01639344262295082,0.0,0.01639344262295082,0.6,0.6,0.0,0.47619047619047616,1.0,0.26666666666666666,0.1875,0.13333333333333333,0.06521739130434782,0.5319240592018216,True,False,False,False,True,False,False,False,True,False,False,False,True,False,True,False
0,0.18032786885245902,0.0,0.10655737704918032,0.6,0.6,0.25,0.09523809523809523,1.0,0.26666666666666666,0.0625,0.06666666666666667,0.17391304347826086,0.7595618326717746,False,False,False,False,False,False,False,True,True,False,False,False,False,False,True,False
1,0.01639344262295082,0.0,0.09836065573770492,0.6,0.8,1.0,0.09523809523809523,0.0,0.2,0.125,0.06666666666666667,0.021739130434782608,0.4281977907012523,False,True,False,False,False,True,False,False,False,False,False,False,True,False,False,True
1,0.14754098360655737,0.0,0.14754098360655737,0.6,0.4,0.75,0.047619047619047616,0.0,0.13333333333333333,0.0,0.0,0.0,0.37570386781131726,False,True,False,False,False,True,False,False,False,False,False,True,False,False,False,False
0,0.0,1.0,0.03278688524590164,0.4,0.4,0.5,0.0,0.0,0.6666666666666666,0.0,0.0,0.043478260869565216,0.4615218929813225,True,False,False,False,False,False,False,True,False,False,True,False,False,False,True,False
1,0.14754098360655737,0.0,0.09016393442622951,0.6,0.6,0.75,0.047619047619047616,1.0,0.9333333333333333,0.0,0.0,0.0,0.3649035354933998,False,False,False,False,False,False,False,False,False,False,False,False,True,False,False,True
1,0.01639344262295082,0.0,0.13934426229508196,0.8,0.6,0.5,0.09523809523809523,0.0,0.13333333333333333,0.125,0.13333333333333333,0.06521739130434782,0.4649373826886981,False,False,False,False,True,False,False,False,True,False,False,False,True,False,True,False
0,0.22950819672131148,1.0,0.03278688524590164,0.8,0.6,0.75,0.2857142857142857,0.0,0.13333333333333333,0.125,0.06666666666666667,0.021739130434782608,0.5177697775316163,False,False,False,False,True,False,False,False,True,False,True,False,False,False,True,False
0,0.3770491803278688,0.0,0.02459016393442623,0.6,0.4,0.5,0.23809523809523808,0.0,0.3333333333333333,0.0625,0.0,0.06521739130434782,0.8504569371365273,True,False,False,False,True,False,False,False,True,True,False,False,False,False,False,False
1,0.01639344262295082,1.0,0.09016393442622951,0.6,0.8,1.0,0.38095238095238093,0.0,0.8666666666666667,0.0625,0.06666666666666667,0.08695652173913043,0.48946121419120586,True,False,False,False,False,True,False,False,True,False,True,False,False,False,False,True
0,0.29508196721311475,1.0,0.040983606557377046,0.2,0.4,1.0,0.19047619047619047,1.0,0.0,0.0,0.0,0.06521739130434782,0.46173728422412996,True,False,False,False,False,True,False,False,False,False,True,False,False,False,True,False
0,0.06557377049180328,1.0,0.07377049180327869,0.6,0.6,0.75,0.047619047619047616,0.0,0.26666666666666666,0.125,0.06666666666666667,0.06521739130434782,0.47641465891258195,True,False,False,False,False,False,True,False,True,False,False,False,True,False,False,True
0,0.0,0.0,0.08196721311475409,0.6,0.0,0.5,0.047619047619047616,0.0,0.3333333333333333,0.0,0.0,0.08695652173913043,0.44312132681005567,False,True,False,False,True,False,False,False,True,False,False,False,True,False,True,False
1,0.0,0.5,0.1557377049180328,0.6,0.0,1.0,0.0,0.0,0.4,0.0625,0.0,0.0,0.3986584202590849,False,True,False,False,False,False,False,True,True,False,False,True,False,False,True,False
1,0.0,1.0,0.11475409836065574,0.6,0.6,1.0,0.23809523809523808,1.0,0.13333333333333333,0.0625,0.06666666666666667,0.043478260869565216,0.49644604449367674,True,False,False,False,False,False,True,False,True,False,True,False,False,False,True,False
0,0.21311475409836064,0.0,0.08196721311475409,0.6,0.6,0.5,0.09523809523809523,0.0,0.06666666666666667,0.125,0.06666666666666667,0.17391304347826086,0.5001692359764917,False,False,False,False,False,True,False,False,False,False,False,False,True,False,True,False
0,0.08196721311475409,0.0,0.22950819672131148,0.6,0.6,0.5,0.09523809523809523,0.0,0.4666666666666667,0.25,0.26666666666666666,0.08695652173913043,0.4741992061294194,True,False,False,False,False,True,False,False,True,False,False,False,True,False,True,False
0,0.2786885245901639,0.0,0.02459016393442623,0.6,0.0,0.0,0.047619047619047616,1.0,0.5333333333333333,0.0625,0.3333333333333333,0.15217391304347827,0.5501400043078248,True,False,False,False,False,True,False,False,False,False,False,False,False,False,True,False
1,0.01639344262295082,0.0,0.04918032786885246,0.6,0.6,0.25,0.9047619047619048,1.0,0.8666666666666667,0.125,0.06666666666666667,0.021739130434782608,0.45493707498692265,False,False,True,False,False,False,False,False,True,False,False,False,True,False,False,True
0,0.2459016393442623,0.0,0.09016393442622951,0.6,0.4,0.5,0.14285714285714285,0.0,0.7333333333333333,0.0625,0.13333333333333333,0.06521739130434782,0.3980430167082064,False,False,True,False,False,False,False,False,True,False,False,True,False,False,True,False
0,0.08196721311475409,1.0,0.03278688524590164,0.6,0.6,1.0,0.38095238095238093,0.0,0.2,0.125,0.06666666666666667,0.08695652173913043,0.5486938059632603,False,False,False,False,False,False,False,True,True,False,True,False,False,False,False,True
1,0.0,0.0,0.00819672131147541,0.6,0.4,0.0,0.047619047619047616,1.0,0.13333333333333333,0.375,0.4,0.17391304347826086,0.3903504723222253,False,True,False,False,False,False,False,True,True,False,False,True,False,False,False,True
0,0.06557377049180328,1.0,0.09836065573770492,0.8,0.8,0.5,0.09523809523809523,0.0,0.5333333333333333,0.125,0.06666666666666667,0.10869565217391304,0.5870334471829902,True,False,False,False,False,False,True,False,True,False,True,False,False,False,False,False
1,0.01639344262295082,0.0,0.01639344262295082,0.8,1.0,0.75,0.38095238095238093,1.0,0.2,0.125,0.2,0.17391304347826086,0.45281393273639187,False,True,False,False,False,True,False,False,False,False,False,False,True,False,False,True
0,0.39344262295081966,0.0,0.09836065573770492,0.8,0.8,0.0,0.3333333333333333,0.0,0.3333333333333333,0.125,0.06666666666666667,0.06521739130434782,0.7075910028000861,True,False,False,True,False,False,False,False,True,False,False,False,False,False,False,True
1,0.19672131147540983,0.0,0.01639344262295082,0.8,0.8,0.5,0.47619047619047616,1.0,0.2,0.0625,0.06666666666666667,0.021739130434782608,0.5502015446629127,True,False,False,False,False,True,False,False,True,False,False,False,False,False,False,True
1,0.0,1.0,0.00819672131147541,0.6,0.6,1.0,0.047619047619047616,0.0,0.0,0.1875,0.3333333333333333,0.15217391304347827,0.6066032801009261,True,False,False,False,False,True,False,False,True,False,True,False,False,False,True,False
0,1.0,1.0,0.1885245901639344,0.8,0.6,0.0,0.23809523809523808,1.0,0.26666666666666666,0.0625,0.06666666666666667,0.021739130434782608,0.9346441428967045,True,False,False,False,False,True,False,False,False,True,False,False,False,False,True,False
0,0.11475409836065574,1.0,0.22131147540983606,0.6,0.6,0.5,0.09523809523809523,0.0,0.13333333333333333,0.0625,0.06666666666666667,0.043478260869565216,0.5242930551709283,False,False,False,False,True,False,False,False,False,False,True,False,False,False,False,False
1,0.01639344262295082,0.0,0.22131147540983606,0.8,0.8,0.75,0.2857142857142857,0.0,0.4,0.125,0.06666666666666667,0.043478260869565216,0.46296809132588695,True,False,True,False,False,False,False,False,False,False,False,False,True,False,True,False
0,0.09836065573770492,0.0,0.2540983606557377,0.8,0.6,0.5,0.47619047619047616,0.0,0.13333333333333333,0.4375,0.4666666666666667,0.17391304347826086,0.5084771839133512,False,False,False,False,True,False,False,False,False,False,False,False,True,False,False,True
1,0.29508196721311475,0.0,0.02459016393442623,0.6,0.4,1.0,0.23809523809523808,1.0,0.26666666666666666,0.0625,0.0,0.08695652173913043,0.9187667312840394,True,False,False,False,True,False,False,False,True,False,False,False,False,True,True,False
0,0.09836065573770492,1.0,0.09016393442622951,0.4,0.0,0.5,0.0,1.0,0.2,0.0625,0.0,0.17391304347826086,0.565555863257331,True,False,False,False,False,False,True,False,True,False,False,False,False,False,True,False
0,0.32786885245901637,1.0,0.02459016393442623,0.6,0.2,1.0,0.09523809523809523,0.0,0.26666666666666666,0.0625,0.06666666666666667,0.2826086956521739,0.9251669282131758,True,False,False,False,False,True,False,False,True,True,False,False,False,False,False,True
1,0.06557377049180328,0.0,0.02459016393442623,0.6,0.8,0.25,0.19047619047619047,1.0,0.13333333333333333,0.0,0.0,0.0,0.3931813286562663,False,True,False,False,False,True,False,False,False,False,False,True,False,False,True,False
1,0.14754098360655737,0.0,0.00819672131147541,0.6,0.4,0.0,0.09523809523809523,1.0,0.3333333333333333,0.0,0.06666666666666667,0.0,0.378257792547463,False,True,False,False,False,False,False,False,True,False,False,True,False,False,True,False
1,0.01639344262295082,1.0,0.04918032786885246,0.6,0.8,0.25,0.09523809523809523,1.0,0.13333333333333333,0.5,0.4666666666666667,0.10869565217391304,0.5639558140250469,True,False,False,False,False,False,True,False,True,False,True,False,False,False,False,True
0,0.16393442622950818,0.0,0.04918032786885246,0.6,0.8,0.25,0.09523809523809523,0.0,0.4,0.125,0.06666666666666667,0.1956521739130435,0.5634019508292563,True,False,False,False,False,True,False,False,True,False,True,False,False,False,False,True
0,0.03278688524590164,0.5,0.05737704918032787,0.6,0.6,0.75,0.047619047619047616,0.0,0.0,0.0625,0.0,0.0,0.39398135327240835,False,True,False,False,False,False,False,False,True,False,False,True,False,False,True,False
0,0.16393442622950818,0.0,0.20491803278688525,0.6,0.2,0.0,0.23809523809523808,0.0,0.4666666666666667,0.0625,0.06666666666666667,0.08695652173913043,0.46373734576448505,False,False,False,False,True,False,False,False,True,False,True,False,False,False,True,False
0,0.01639344262295082,0.0,0.14754098360655737,0.6,0.6,0.75,0.47619047619047616,0.0,0.26666666666666666,0.1875,0.13333333333333333,0.06521739130434782,0.47112218837502695,True,False,True,False,False,False,False,False,False,False,False,False,True,False,False,False
0,0.36065573770491804,1.0,0.03278688524590164,0.6,0.4,0.75,0.19047619047619047,0.0,0.13333333333333333,0.1875,0.13333333333333333,0.06521739130434782,0.6344810609557217,True,False,False,False,False,False,True,False,True,False,True,False,False,False,False,False
0,0.11475409836065574,0.0,0.07377049180327869,0.4,0.0,0.5,0.0,0.0,0.4,0.0625,0.0,0.0,0.3872426843902889,False,True,True,False,False,False,False,False,False,False,False,True,False,False,True,False
0,0.18032786885245902,0.0,0.02459016393442623,0.6,0.8,0.0,0.09523809523809523,0.0,0.2,0.0625,0.2,0.2608695652173913,0.5838333487184221,True,False,False,False,False,True,False,False,False,False,True,False,False,False,True,False
0,0.13114754098360656,0.0,0.03278688524590164,0.8,0.6,0.0,0.09523809523809523,0.0,0.06666666666666667,0.3125,0.26666666666666666,0.2608695652173913,0.590387396535278,True,False,True,False,False,False,False,False,False,False,True,False,False,False,False,True
1,0.0,0.0,0.07377049180327869,0.6,0.4,0.75,0.047619047619047616,1.0,0.8,0.0625,0.0,0.0,0.38376565432782545,False,True,False,False,False,True,False,False,True,False,False,True,False,False,False,True
1,0.0,0.5,0.14754098360655737,0.6,0.4,0.5,0.0,1.0,0.0,0.0,0.0,0.0,0.39204283208714114,False,False,False,False,False,True,False,False,False,False,False,True,False,False,True,False
1,0.14754098360655737,1.0,0.03278688524590164,0.6,0.4,0.0,0.047619047619047616,1.0,0.06666666666666667,0.0,0.0,0.0,0.35598018400566167,False,False,False,False,True,False,False,False,False,False,False,False,True,False,False,True
1,0.0,0.0,0.07377049180327869,0.6,0.4,0.0,0.047619047619047616,1.0,0.0,0.0625,0.0,0.0,0.38508877196221425,False,True,False,False,False,True,False,False,False,False,False,True,False,False,True,False
1,0.18032786885245902,0.0,0.2540983606557377,0.6,0.6,0.75,0.09523809523809523,1.0,0.13333333333333333,0.375,0.06666666666666667,0.21739130434782608,0.7492230530170159,False,False,False,False,False,True,False,False,True,False,False,False,False,False,False,False
1,0.2459016393442623,0.0,0.04918032786885246,0.6,0.6,0.5,0.47619047619047616,1.0,0.13333333333333333,0.125,0.13333333333333333,0.17391304347826086,0.4603526262346534,True,False,False,False,False,True,False,False,True,False,False,False,True,False,False,False
0,0.04918032786885246,1.0,0.21311475409836064,0.4,0.4,0.5,0.3333333333333333,1.0,0.06666666666666667,0.0625,0.06666666666666667,0.043478260869565216,0.4534293362872704,False,False,True,False,False,False,False,False,False,False,True,False,False,False,False,False
0,0.4098360655737705,1.0,0.22950819672131148,0.8,0.6,0.5,0.14285714285714285,0.0,0.26666666666666666,0.0625,0.26666666666666666,0.391304347826087,0.8863965045078309,True,False,False,False,False,False,True,False,False,True,False,False,False,False,True,False
1,0.26229508196721313,1.0,0.20491803278688525,0.6,0.4,1.0,0.2857142857142857,1.0,0.13333333333333333,0.125,0.06666666666666667,0.043478260869565216,0.6291885904181667,True,False,False,False,False,True,False,False,True,False,False,False,False,False,False,True
0,0.01639344262295082,1.0,0.2459016393442623,0.6,0.8,0.5,0.14285714285714285,0.0,0.5333333333333333,0.125,0.13333333333333333,0.06521739130434782,0.6504507831010184,True,False,False,False,False,True,False,False,True,False,True,False,False,False,True,False
0,0.08196721311475409,0.0,0.04918032786885246,0.4,0.0,0.0,0.14285714285714285,0.0,0.4,0.0625,0.0,0.043478260869565216,0.409612603464722,False,True,False,False,False,False,False,True,False,False,False,True,False,False,True,False
1,0.18032786885245902,1.0,0.07377049180327869,0.6,0.4,0.5,0.09523809523809523,1.0,0.0,0.0625,0.4,0.15217391304347827,0.38939659681836364,False,False,False,False,False,False,False,False,False,False,False,True,False,False,True,False
1,0.01639344262295082,0.0,0.10655737704918032,0.8,0.8,1.0,0.09523809523809523,1.0,0.3333333333333333,0.0625,0.06666666666666667,0.021739130434782608,0.46462968091325885,True,False,False,False,True,False,False,False,False,False,False,False,True,False,False,True
0,0.4262295081967213,0.0,0.04918032786885246,0.4,0.6,0.0,0.14285714285714285,0.0,0.2,0.0625,0.06666666666666667,0.10869565217391304,0.8940275085387243,True,False,False,False,False,True,False,False,False,True,False,False,False,False,True,False
0,0.16393442622950818,0.0,0.04918032786885246,0.6,0.8,0.0,0.09523809523809523,0.0,0.4,0.0625,0.06666666666666667,0.1956521739130435,0.5634019508292563,True,False,False,False,False,True,False,False,True,False,True,False,False,False,False,True
1,0.0,0.0,0.20491803278688525,0.6,0.6,1.0,0.047619047619047616,0.0,0.06666666666666667,0.0625,0.0,0.1956521739130435,0.5760792639773531,False,False,True,False,False,False,False,False,True,False,False,False,False,False,False,True
1,0.01639344262295082,0.0,0.03278688524590164,0.8,0.6,0.75,0.09523809523809523,0.0,0.13333333333333333,0.0625,0.06666666666666667,0.021739130434782608,0.4274900766177421,False,True,False,False,False,True,False,False,True,False,False,False,True,False,False,True
1,0.01639344262295082,1.0,0.03278688524590164,0.6,0.8,0.75,0.38095238095238093,1.0,0.13333333333333333,0.1875,0.13333333333333333,0.06521739130434782,0.6894673682267146,True,False,False,False,False,False,True,False,True,False,True,False,False,False,False,True
1,0.0,0.0,0.03278688524590164,0.6,0.4,1.0,0.0,0.0,0.7333333333333333,0.0,0.0,0.08695652173913043,0.4031508661804979,False,False,True,False,False,False,False,False,True,False,False,True,False,False,False,True
0,0.16393442622950818,0.0,0.13114754098360656,0.8,0.6,0.0,0.047619047619047616,1.0,0.4666666666666667,0.1875,0.26666666666666666,0.2608695652173913,0.5872796086033417,True,False,False,False,False,True,False,False,True,False,True,False,False,False,True,False
0,0.11475409836065574,0.0,0.06557377049180328,0.4,0.6,0.0,0.19047619047619047,0.0,0.8666666666666667,0.25,0.26666666666666666,0.17391304347826086,0.6223268408258715,False,False,False,False,False,True,False,False,True,False,True,False,False,False,True,False
1,0.0,0.0,0.07377049180327869,0.4,0.6,0.0,0.23809523809523808,0.0,0.06666666666666667,0.0,0.0,0.06521739130434782,0.38053478568571336,False,True,True,False,False,False,False,False,True,False,False,True,False,False,True,False
0,0.19672131147540983,0.0,0.16393442622950818,0.6,1.0,0.0,0.19047619047619047,1.0,0.4,0.0625,0.06666666666666667,0.021739130434782608,0.5634327210068002,True,False,False,False,True,False,False,False,True,False,True,False,False,False,True,False
0,0.13114754098360656,1.0,0.07377049180327869,0.6,0.6,0.5,0.0,0.0,0.8,0.125,0.2,0.043478260869565216,0.3824733068709807,False,True,False,False,False,True,False,False,False,False,False,True,False,False,True,False
1,0.0,1.0,0.10655737704918032,0.6,0.2,0.75,0.047619047619047616,0.0,0.26666666666666666,0.0,0.0,0.0,0.39127357764854304,False,True,False,False,False,True,False,False,False,False,False,True,False,False,False,True
1,0.14754098360655737,0.5,0.1721311475409836,0.6,0.4,0.75,0.0,1.0,0.0,0.0,0.0,0.08695652173913043,0.3737961168035939,False,True,False,False,False,False,False,False,False,False,False,True,False,False,True,False
0,0.4098360655737705,0.0,0.06557377049180328,0.4,0.4,0.75,0.3333333333333333,0.0,0.5333333333333333,0.1875,0.2,0.0,0.6290962798855348,True,False,False,False,False,True,False,False,True,False,False,False,False,False,False,True
0,0.22950819672131148,0.5,0.06557377049180328,0.6,0.6,0.0,0.09523809523809523,1.0,0.7333333333333333,0.0625,0.4666666666666667,0.17391304347826086,0.8903966275885412,True,False,False,False,True,False,False,False,True,True,False,False,False,False,False,True
1,0.01639344262295082,1.0,0.09016393442622951,0.8,0.6,1.0,0.19047619047619047,1.0,0.4666666666666667,0.0625,0.06666666666666667,0.08695652173913043,0.6376811594202899,True,False,False,False,False,False,True,False,False,False,True,False,False,False,False,True
0,0.01639344262295082,0.0,0.07377049180327869,0.8,0.8,0.0,0.09523809523809523,0.0,0.06666666666666667,0.0625,0.13333333333333333,0.043478260869565216,0.47352226222345295,True,False,False,False,True,False,False,False,True,False,False,False,True,False,True,False
0,0.09836065573770492,1.0,0.04918032786885246,0.6,0.6,0.75,0.14285714285714285,0.0,0.06666666666666667,0.125,0.06666666666666667,0.06521739130434782,0.5055847872242223,True,False,False,False,False,True,False,False,False,False,False,False,True,False,True,False
0,0.14754098360655737,0.0,0.05737704918032787,0.6,0.0,0.0,0.14285714285714285,0.0,0.06666666666666667,0.0,0.0,0.0,0.4011815748176867,False,True,False,False,False,True,False,False,False,False,False,True,False,False,True,False
0,0.0,1.0,0.040983606557377046,0.4,0.4,0.5,0.047619047619047616,1.0,0.06666666666666667,0.0625,0.0,0.06521739130434782,0.43576725437705777,False,True,False,False,True,False,False,False,False,False,True,False,False,False,True,False
0,0.47540983606557374,0.5,0.07377049180327869,0.4,0.4,0.75,0.2857142857142857,0.0,0.26666666666666666,0.0625,0.4,0.15217391304347827,0.9143973660728023,True,False,False,False,False,True,False,False,True,False,False,False,False,True,False,True
0,0.03278688524590164,0.0,0.13934426229508196,0.6,0.6,0.5,0.09523809523809523,0.0,0.4,0.1875,0.13333333333333333,0.06521739130434782,0.45253700113849654,False,True,False,False,False,True,False,False,True,False,False,False,True,False,True,False
0,0.29508196721311475,0.0,0.18032786885245902,0.6,0.6,0.75,0.09523809523809523,0.0,0.2,0.125,0.06666666666666667,0.08695652173913043,0.4898612264992768,True,False,False,False,False,True,False,False,True,False,False,False,True,False,False,True
0,0.11475409836065574,0.0,0.00819672131147541,0.6,0.0,0.0,0.09523809523809523,0.0,0.3333333333333333,0.0625,0.0,0.06521739130434782,0.40862795778331645,False,True,False,False,False,True,False,False,False,False,False,True,False,False,False,True
1,0.01639344262295082,0.0,0.01639344262295082,0.6,0.8,1.0,0.09523809523809523,1.0,0.06666666666666667,0.0625,0.06666666666666667,0.021739130434782608,0.4559832610234161,False,True,False,False,False,True,False,False,False,False,False,False,True,False,True,False
0,0.32786885245901637,0.5,0.01639344262295082,0.6,0.6,1.0,0.3333333333333333,0.0,0.13333333333333333,0.25,0.3333333333333333,0.17391304347826086,0.48995353703190864,True,False,False,False,False,True,False,False,False,False,False,False,True,False,False,True
1,0.0,0.5,0.07377049180327869,0.4,0.6,1.0,0.19047619047619047,1.0,0.26666666666666666,0.0625,0.06666666666666667,0.0,0.3795501400043078,False,True,False,False,False,False,False,True,True,False,False,True,False,False,True,False
1,0.01639344262295082,1.0,0.09016393442622951,0.6,0.6,1.0,0.09523809523809523,0.0,0.6,0.125,0.06666666666666667,0.021739130434782608,0.4397058371026801,False,False,False,False,False,False,True,False,True,False,False,False,True,False,True,False
1,0.01639344262295082,1.0,0.06557377049180328,0.8,1.0,0.5,0.23809523809523808,1.0,0.5333333333333333,0.4375,0.4666666666666667,0.17391304347826086,0.5745407551001569,True,False,False,False,False,True,False,False,True,False,True,False,False,False,False,False
1,0.01639344262295082,0.0,0.01639344262295082,0.8,0.6,0.0,0.09523809523809523,1.0,0.2,0.4375,0.4666666666666667,0.1956521739130435,0.4672759161820364,True,False,False,False,False,False,False,True,True,False,False,False,True,False,False,True
0,0.01639344262295082,1.0,0.2459016393442623,0.8,0.6,0.75,0.09523809523809523,0.0,0.6666666666666666,0.125,0.06666666666666667,0.10869565217391304,0.5776177728545494,True,False,False,False,False,False,True,False,True,False,True,False,False,False,False,False
1,0.01639344262295082,1.0,0.05737704918032787,0.6,0.8,0.5,0.09523809523809523,1.0,0.06666666666666667,0.0625,0.06666666666666667,0.08695652173913043,0.5613711191113573,True,False,False,False,False,False,True,False,True,False,True,False,False,False,False,True
0,0.45901639344262296,0.0,0.07377049180327869,0.8,0.6,0.0,0.23809523809523808,0.0,0.3333333333333333,0.125,0.06666666666666667,0.17391304347826086,0.5955260161851134,True,False,False,False,True,False,False,False,False,False,True,False,False,False,True,False
1,0.0,1.0,0.040983606557377046,0.4,0.6,0.0,0.047619047619047616,1.0,0.06666666666666667,0.25,0.4,0.08695652173913043,0.48703037016523587,True,False,False,False,False,False,True,False,True,False,True,False,False,False,False,True
1,0.2459016393442623,0.0,0.08196721311475409,0.6,1.0,0.25,0.14285714285714285,0.0,0.3333333333333333,0.0625,0.06666666666666667,0.08695652173913043,0.7123296101418505,False,False,False,False,False,True,False,False,True,False,False,False,False,False,False,True
0,0.3770491803278688,0.0,0.01639344262295082,0.6,0.6,1.0,0.14285714285714285,0.0,0.4,0.125,0.06666666666666667,0.06521739130434782,0.49478445490630485,True,False,True,False,False,False,False,False,False,False,False,False,True,False,False,False
1,0.29508196721311475,1.0,0.02459016393442623,0.4,0.4,0.25,0.19047619047619047,0.0,0.3333333333333333,0.0,0.4,0.06521739130434782,0.4664758915658943,True,False,False,False,True,False,False,False,True,False,True,False,False,False,False,True
0,0.16393442622950818,0.0,0.09016393442622951,0.4,0.0,0.0,0.047619047619047616,1.0,0.9333333333333333,0.0,0.06666666666666667,0.17391304347826086,0.7306070956029416,True,False,False,False,False,True,False,False,False,False,False,False,False,False,True,False
0,0.26229508196721313,0.0,0.2540983606557377,0.8,0.6,0.5,0.14285714285714285,0.0,0.06666666666666667,0.125,0.06666666666666667,0.06521739130434782,0.524816148189175,False,False,False,False,False,True,False,False,False,False,True,False,False,False,True,False
1,0.0,1.0,0.01639344262295082,0.6,0.6,1.0,0.047619047619047616,0.0,0.0,0.0625,0.3333333333333333,0.15217391304347827,0.6066032801009261,True,False,False,False,False,True,False,False,True,False,True,False,False,False,True,False
0,0.47540983606557374,0.0,0.19672131147540983,0.6,0.4,0.75,0.19047619047619047,1.0,0.06666666666666667,0.8125,0.06666666666666667,0.1956521739130435,0.7200836948829193,True,False,False,False,False,True,False,False,True,True,False,False,False,False,True,False
0,0.08196721311475409,1.0,0.08196721311475409,0.6,0.6,0.0,0.09523809523809523,0.0,0.5333333333333333,0.1875,0.06666666666666667,0.21739130434782608,0.7167297455306317,True,False,False,False,False,True,False,False,True,False,False,False,False,False,True,False
1,0.01639344262295082,0.0,0.09836065573770492,0.8,0.8,1.0,0.3333333333333333,1.0,0.6666666666666666,0.125,0.06666666666666667,0.021739130434782608,0.45859872611464964,False,True,False,False,False,True,False,False,False,False,False,False,True,False,False,True
0,0.08196721311475409,1.0,0.06557377049180328,0.8,0.4,0.25,0.23809523809523808,0.0,0.8,0.25,0.3333333333333333,0.17391304347826086,0.5526323886888826,True,False,False,False,True,False,False,False,True,False,True,False,False,False,True,False
0,0.11475409836065574,0.0,0.00819672131147541,0.6,0.4,0.0,0.047619047619047616,0.0,0.06666666666666667,0.0625,0.4666666666666667,0.17391304347826086,0.3905043232099449,False,True,False,False,False,True,False,False,True,False,False,True,False,False,True,False
1,0.13114754098360656,1.0,0.02459016393442623,0.6,0.8,0.75,0.09523809523809523,1.0,0.3333333333333333,0.0625,0.0,0.2391304347826087,0.8869195975260777,True,False,False,False,False,False,True,False,False,False,False,False,False,True,False,True
0,0.09836065573770492,0.0,0.07377049180327869,0.8,0.2,0.75,0.09523809523809523,0.0,0.6666666666666666,0.0625,0.06666666666666667,0.08695652173913043,0.4705990953567802,False,False,False,False,False,True,False,False,True,False,False,False,True,False,True,False
1,0.3114754098360656,1.0,0.03278688524590164,0.6,0.6,0.25,0.23809523809523808,0.0,0.4,0.0625,0.4666666666666667,0.08695652173913043,0.5434013354257053,True,False,False,False,True,False,False,False,True,False,True,False,False,False,False,True
0,0.14754098360655737,0.0,0.13934426229508196,0.4,0.4,0.5,0.047619047619047616,0.0,0.2,0.0,0.0,0.08695652173913043,0.37367303609341823,False,False,False,False,False,False,False,False,True,False,False,True,False,False,False,True
1,0.0,1.0,0.01639344262295082,0.6,0.4,0.5,0.14285714285714285,0.0,0.26666666666666666,0.0625,0.0,0.043478260869565216,0.39721222191452044,False,False,True,False,False,False,False,False,True,False,False,True,False,False,True,False
1,0.18032786885245902,0.0,0.2540983606557377,0.6,0.6,0.75,0.09523809523809523,1.0,0.13333333333333333,0.3125,0.06666666666666667,0.21739130434782608,0.7492230530170159,False,False,False,False,False,True,False,False,True,False,False,False,False,False,True,False
1,0.0,1.0,0.040983606557377046,0.4,0.6,0.25,0.047619047619047616,1.0,0.06666666666666667,0.4375,0.4,0.08695652173913043,0.48703037016523587,True,False,False,False,False,False,True,False,True,False,True,False,False,False,False,True
1,0.22950819672131148,1.0,0.01639344262295082,0.6,0.6,0.5,0.19047619047619047,1.0,0.26666666666666666,0.0625,0.06666666666666667,0.021739130434782608,0.5301086187267301,False,False,False,False,False,False,False,True,True,False,True,False,False,False,False,True
1,0.0,1.0,0.07377049180327869,0.4,0.6,1.0,0.2857142857142857,0.0,0.4,0.0625,0.0,0.043478260869565216,0.47158374103818573,True,False,True,False,False,False,False,False,True,False,True,False,False,False,False,True
1,0.11475409836065574,0.0,0.1557377049180328,0.6,0.8,0.5,0.47619047619047616,1.0,0.4,0.125,0.06666666666666667,0.021739130434782608,0.4596141419735992,False,False,True,False,False,False,False,False,True,False,False,False,True,False,True,False
0,0.06557377049180328,0.0,0.09016393442622951,0.4,0.4,0.5,0.19047619047619047,0.0,0.6,0.1875,0.2,0.06521739130434782,0.6471276039262747,False,False,False,False,True,False,False,False,False,False,False,False,False,False,True,False
1,0.0,0.0,0.08196721311475409,0.6,0.6,0.5,0.0,1.0,0.4,0.0625,0.0,0.0,0.41195113695806024,False,True,False,False,False,False,False,False,True,False,False,True,False,False,True,False
0,0.09836065573770492,0.0,0.04918032786885246,0.4,0.6,0.25,0.19047619047619047,0.0,0.26666666666666666,0.0,0.0,0.043478260869565216,0.5267546693744423,True,False,False,False,False,True,False,False,True,False,False,False,False,False,True,False
0,0.09836065573770492,0.0,0.06557377049180328,0.4,0.4,0.5,0.047619047619047616,0.0,0.6,0.125,0.06666666666666667,0.17391304347826086,0.49133819502138526,False,False,False,False,False,True,False,False,True,False,True,False,False,False,True,False
0,0.0,0.0,0.00819672131147541,0.6,0.4,1.0,0.047619047619047616,0.0,0.0,0.0625,0.0,0.15217391304347827,0.5357703313948121,True,False,False,False,False,True,False,False,False,False,False,False,False,False,False,False
1,0.03278688524590164,0.0,0.03278688524590164,0.6,0.6,0.75,0.23809523809523808,0.0,0.06666666666666667,0.0625,0.06666666666666667,0.10869565217391304,0.5340164312748085,True,False,False,False,True,False,False,False,True,False,True,False,False,False,True,False
1,0.14754098360655737,0.0,0.1885245901639344,0.4,0.4,0.5,0.19047619047619047,1.0,0.0,0.0,0.0,0.021739130434782608,0.37330379396289115,False,True,False,False,False,True,False,False,False,False,False,True,False,False,False,False
0,0.4262295081967213,0.0,0.040983606557377046,0.6,0.8,0.5,0.14285714285714285,1.0,0.26666666666666666,0.0625,0.06666666666666667,0.10869565217391304,0.6298347641465891,True,False,False,False,True,False,False,False,True,False,False,False,False,False,False,False
0,0.19672131147540983,1.0,0.02459016393442623,0.4,0.0,0.5,0.0,0.0,0.4666666666666667,0.0625,0.0,0.15217391304347827,0.5501707744853688,True,False,False,False,False,True,False,False,True,False,False,False,False,False,False,True
0,0.11475409836065574,1.0,0.02459016393442623,0.4,0.4,0.0,0.047619047619047616,0.0,0.7333333333333333,0.0,0.0,0.08695652173913043,0.5007538693498261,True,False,False,False,False,False,False,True,True,False,True,False,False,False,False,True
1,0.11475409836065574,0.0,0.13114754098360656,0.6,0.4,0.0,0.047619047619047616,0.0,0.0,0.0,0.0,0.10869565217391304,0.5531862518846734,True,False,False,False,True,False,False,False,False,False,False,False,False,False,True,False
0,0.26229508196721313,0.0,0.08196721311475409,0.6,0.4,0.5,0.14285714285714285,1.0,0.13333333333333333,0.125,0.2,0.15217391304347827,0.4824456137111911,False,False,False,False,True,False,False,False,True,False,True,False,False,False,True,False
0,0.0,0.0,0.08196721311475409,0.6,0.6,0.75,0.047619047619047616,0.0,0.0,0.0625,0.0,0.0,0.3905966337425767,False,False,False,False,False,True,False,False,True,False,False,True,False,False,True,False
1,0.0,0.0,0.07377049180327869,0.4,0.4,0.5,0.047619047619047616,1.0,0.13333333333333333,0.1875,0.4,0.15217391304347827,0.38136558047939934,False,True,False,False,False,True,False,False,False,False,False,True,False,False,False,True
0,0.32786885245901637,0.0,0.02459016393442623,0.6,0.4,0.25,0.23809523809523808,0.0,0.13333333333333333,0.0,0.0,0.08695652173913043,0.46370657558694106,True,False,False,False,True,False,False,False,False,False,True,False,False,False,True,False
1,0.01639344262295082,1.0,0.12295081967213115,0.6,0.6,1.0,0.14285714285714285,0.0,0.4666666666666667,0.0625,0.06666666666666667,0.06521739130434782,0.5148773808424875,True,False,False,False,True,False,False,False,True,False,True,False,False,False,True,False
1,0.01639344262295082,0.0,0.13114754098360656,0.6,0.8,0.75,0.09523809523809523,1.0,0.9333333333333333,0.125,0.06666666666666667,0.06521739130434782,0.4997999938459645,True,False,False,False,False,False,False,True,True,False,False,False,True,False,True,False
0,0.13114754098360656,0.0,0.09016393442622951,0.4,0.4,0.5,0.14285714285714285,1.0,0.3333333333333333,0.0,0.0,0.08695652173913043,0.4966922059140281,True,False,False,False,True,False,False,False,False,False,True,False,False,False,False,True
1,0.01639344262295082,0.0,0.04918032786885246,0.6,0.6,1.0,0.09523809523809523,0.0,0.6,0.125,0.06666666666666667,0.021739130434782608,0.47610695713714263,True,False,True,False,False,False,False,False,True,False,False,False,True,False,False,True
1,0.01639344262295082,1.0,0.2540983606557377,0.8,1.0,1.0,0.42857142857142855,0.0,0.5333333333333333,0.0625,0.13333333333333333,0.06521739130434782,0.5375242315148158,False,False,False,False,True,False,False,False,True,False,True,False,False,False,False,True
0,0.14754098360655737,1.0,0.02459016393442623,0.4,0.4,0.0,0.14285714285714285,0.0,0.26666666666666666,0.1875,0.3333333333333333,0.15217391304347827,0.44622911474199206,False,True,False,False,False,True,False,False,False,False,True,False,False,False,False,True
0,0.03278688524590164,1.0,0.02459016393442623,0.6,0.6,0.75,0.09523809523809523,0.0,0.5333333333333333,0.0625,0.0,0.0,0.5121388350410782,True,False,False,False,True,False,False,False,True,False,True,False,False,False,True,False
1,0.14754098360655737,0.0,0.040983606557377046,0.4,0.4,0.25,0.8571428571428571,1.0,0.8,0.0625,0.0,0.0,0.37801163112711156,False,False,True,False,False,False,False,False,True,False,False,True,False,False,False,True
1,0.01639344262295082,0.0,0.05737704918032787,0.6,0.8,0.5,0.09523809523809523,1.0,0.26666666666666666,0.0625,0.06666666666666667,0.17391304347826086,0.4574294593679805,False,False,False,False,True,False,False,False,False,False,False,False,True,False,False,False
0,0.01639344262295082,0.0,0.03278688524590164,0.6,0.6,0.0,0.047619047619047616,0.0,0.5333333333333333,0.1875,0.13333333333333333,0.06521739130434782,0.514692759777224,True,False,False,False,False,True,False,False,False,False,True,False,False,False,True,False
1,0.0,0.0,0.13934426229508196,0.6,0.8,1.0,0.047619047619047616,1.0,0.7333333333333333,0.0,0.3333333333333333,0.15217391304347827,0.4282901012338841,False,False,False,False,False,True,False,False,False,False,False,False,True,False,False,True
0,0.2459016393442623,1.0,0.03278688524590164,0.6,0.6,0.75,0.09523809523809523,0.0,0.6,0.0625,0.06666666666666667,0.10869565217391304,0.877411612665005,True,False,False,False,False,True,False,False,True,True,False,False,False,False,False,True
0,0.04918032786885246,0.0,0.02459016393442623,0.4,0.6,0.0,0.23809523809523808,1.0,0.8666666666666667,0.0625,0.0,0.0,0.5193082864088125,True,False,False,False,True,False,False,False,False,False,True,False,False,False,False,True
1,0.0,0.0,0.12295081967213115,0.4,0.4,0.0,0.0,1.0,0.06666666666666667,0.25,0.4,0.15217391304347827,0.5401089264285055,False,False,False,False,False,False,False,True,False,False,False,False,False,False,False,True
0,0.11475409836065574,0.0,0.05737704918032787,0.8,0.6,0.75,0.3333333333333333,0.0,0.06666666666666667,0.5,0.06666666666666667,0.1956521739130435,0.7501153881657896,False,False,False,False,False,True,False,False,False,False,False,False,False,False,True,False
0,0.5081967213114754,0.0,0.01639344262295082,0.6,1.0,0.5,0.14285714285714285,1.0,0.2,0.125,0.06666666666666667,0.06521739130434782,0.5587864241976676,False,False,False,False,False,True,False,False,True,False,True,False,False,False,True,False
1,0.01639344262295082,0.0,0.13934426229508196,0.8,0.6,0.5,0.09523809523809523,0.0,0.13333333333333333,0.1875,0.13333333333333333,0.06521739130434782,0.4649373826886981,False,False,False,False,True,False,False,False,True,False,False,False,True,False,False,False
0,0.14754098360655737,1.0,0.11475409836065574,0.4,0.4,0.5,0.047619047619047616,0.0,0.0,0.0625,0.0,0.13043478260869565,0.3721960675713099,False,True,False,False,False,False,False,False,True,False,False,True,False,False,False,False
0,0.16393442622950818,1.0,0.10655737704918032,0.8,0.8,0.0,0.23809523809523808,0.0,0.2,0.125,0.06666666666666667,0.021739130434782608,0.5893104403212407,True,False,False,False,False,False,True,False,False,False,True,False,False,False,True,False
0,0.5081967213114754,1.0,0.2540983606557377,0.6,0.8,0.25,0.19047619047619047,0.0,0.13333333333333333,0.0625,0.06666666666666667,0.021739130434782608,0.8190405858641804,True,False,False,False,False,False,True,False,True,True,False,False,False,False,True,False
1,0.01639344262295082,0.0,0.19672131147540983,0.8,0.6,0.5,0.09523809523809523,1.0,0.3333333333333333,0.375,0.4,0.17391304347826086,0.5747561463429643,True,False,False,False,True,False,False,False,True,False,True,False,False,False,True,False
0,0.14754098360655737,0.0,0.22131147540983606,0.6,0.8,0.25,0.23809523809523808,0.0,0.26666666666666666,0.0625,0.06666666666666667,0.06521739130434782,0.4978922428382412,True,False,False,False,False,False,False,True,True,False,True,False,False,False,False,True
0,0.14754098360655737,0.0,0.13114754098360656,0.4,0.4,0.5,0.047619047619047616,0.0,0.3333333333333333,0.0,0.06666666666666667,0.043478260869565216,0.37561155727868545,False,True,False,False,False,True,False,False,True,False,False,True,False,False,True,False
0,0.03278688524590164,0.0,0.1557377049180328,0.8,0.6,1.0,0.09523809523809523,0.0,0.13333333333333333,0.0625,0.06666666666666667,0.1956521739130435,0.524877688544263,True,False,False,False,True,False,False,False,True,False,True,False,False,False,True,False
1,0.06557377049180328,1.0,0.1721311475409836,0.6,0.4,0.75,0.047619047619047616,1.0,0.7333333333333333,0.0,0.0,0.043478260869565216,0.404320132927167,False,True,False,False,False,False,True,False,False,False,False,True,False,False,False,True
0,0.14754098360655737,0.0,0.01639344262295082,0.6,0.4,0.0,0.047619047619047616,0.0,0.26666666666666666,0.0625,0.0,0.0,0.3572725314625066,False,False,False,False,False,True,False,False,False,False,False,False,True,False,False,True
0,0.13114754098360656,0.0,0.03278688524590164,0.6,0.8,1.0,0.3333333333333333,0.0,0.2,0.0625,0.3333333333333333,0.21739130434782608,0.5679251669282132,True,False,False,False,False,True,False,False,True,False,True,False,False,False,False,False
0,0.0,0.0,0.00819672131147541,0.4,0.4,0.75,0.047619047619047616,0.0,0.0,0.0,0.0,0.08695652173913043,0.4251207729468599,False,True,False,False,True,False,False,False,True,False,False,False,True,False,True,False
1,0.3442622950819672,0.0,0.07377049180327869,0.6,0.8,1.0,0.38095238095238093,1.0,0.26666666666666666,0.125,0.3333333333333333,0.06521739130434782,0.6925751561586511,True,False,False,False,True,False,False,False,False,False,False,False,False,False,True,False
1,0.0,0.0,0.02459016393442623,0.6,0.4,1.0,0.3333333333333333,0.0,0.6,0.0625,0.0,0.15217391304347827,0.39099664605064766,False,True,False,False,False,True,False,False,False,False,False,True,False,False,False,False
1,0.16393442622950818,0.0,0.2459016393442623,0.4,0.4,0.75,0.047619047619047616,1.0,0.06666666666666667,0.25,0.5333333333333333,0.06521739130434782,0.6722976091572048,False,False,False,False,False,True,False,False,True,False,False,False,False,False,True,False
0,0.0,0.0,0.02459016393442623,0.4,0.4,0.0,0.047619047619047616,1.0,0.13333333333333333,0.0,0.0,0.06521739130434782,0.4233976430044001,False,False,True,False,False,False,False,False,False,False,False,False,True,False,False,True
1,0.14754098360655737,0.0,0.02459016393442623,0.6,0.6,0.5,0.2857142857142857,1.0,0.26666666666666666,0.0,0.0,0.0,0.37201144650604634,False,True,False,False,False,False,False,True,True,False,False,True,False,False,False,True
0,0.26229508196721313,0.0,0.06557377049180328,0.4,0.4,1.0,0.38095238095238093,0.0,0.3333333333333333,0.0625,0.0,0.0,0.6149419982153297,True,False,False,False,False,True,False,False,False,False,False,False,False,False,False,False
0,0.18032786885245902,0.0,0.21311475409836064,0.4,0.6,0.75,0.14285714285714285,0.0,0.4,0.0625,0.0,0.06521739130434782,0.6788208867965169,True,False,False,False,False,True,False,False,False,False,False,False,False,False,False,False
0,0.14754098360655737,1.0,0.13114754098360656,0.4,0.8,0.0,0.047619047619047616,0.0,0.8666666666666667,0.3125,0.6666666666666666,0.2391304347826087,0.4740453552416997,False,False,False,False,False,False,True,False,True,False,True,False,False,False,True,False
0,0.14754098360655737,0.0,0.05737704918032787,0.6,0.8,0.5,0.047619047619047616,0.0,0.2,0.0,0.0,0.15217391304347827,0.39204283208714114,False,True,False,False,False,True,False,False,True,False,False,True,False,False,True,False
1,0.18032786885245902,1.0,0.09016393442622951,0.6,1.0,0.5,0.38095238095238093,0.0,0.06666666666666667,0.125,0.06666666666666667,0.2391304347826087,0.7826702360072618,False,False,False,False,False,True,False,False,True,True,False,False,False,False,True,False
1,0.0,1.0,0.22950819672131148,0.4,0.4,0.25,0.047619047619047616,0.0,0.7333333333333333,0.0625,0.0,0.1956521739130435,0.5427551616972829,True,False,False,False,False,False,True,False,False,False,False,False,False,False,False,False
1,0.01639344262295082,1.0,0.20491803278688525,0.6,0.8,1.0,0.09523809523809523,0.0,0.2,0.0625,0.2,0.2391304347826087,0.610357241761285,True,False,False,False,False,True,False,False,False,False,False,False,False,False,False,False
0,0.0,1.0,0.02459016393442623,0.6,0.4,0.5,0.047619047619047616,0.0,0.5333333333333333,0.0,0.06666666666666667,0.043478260869565216,0.393335179543986,False,True,False,False,False,False,False,False,False,False,False,True,False,False,False,True
0,0.09836065573770492,1.0,0.21311475409836064,0.4,0.4,0.5,0.047619047619047616,0.0,0.06666666666666667,0.0,0.0,0.021739130434782608,0.4473676113111172,False,False,False,False,True,False,False,False,False,False,True,False,False,False,True,False
0,0.0,1.0,0.18032786885245902,0.6,0.0,0.25,0.047619047619047616,0.0,0.4,0.0,0.06666666666666667,0.043478260869565216,0.3901043109018739,False,True,False,False,False,False,True,False,True,False,False,True,False,False,False,True
1,0.01639344262295082,1.0,0.04918032786885246,0.6,1.0,0.0,0.09523809523809523,0.0,0.06666666666666667,0.4375,0.6,0.06521739130434782,0.7046370657558694,True,False,False,False,True,False,False,False,True,False,False,False,False,False,True,False
0,0.32786885245901637,1.0,0.03278688524590164,0.8,0.6,0.0,0.23809523809523808,1.0,0.13333333333333333,0.0625,0.06666666666666667,0.06521739130434782,0.7036524200744638,True,False,False,False,False,True,False,False,True,False,False,False,False,False,True,False
0,0.16393442622950818,0.0,0.08196721311475409,0.6,0.6,0.5,0.09523809523809523,0.0,0.2,0.5,0.8,0.06521739130434782,0.6952829317825164,True,False,False,True,False,False,False,False,False,False,False,False,False,False,True,False
1,0.01639344262295082,0.0,0.07377049180327869,0.8,1.0,0.5,0.09523809523809523,1.0,0.9333333333333333,0.125,0.06666666666666667,0.15217391304347827,0.5715252777008524,False,False,False,False,False,True,False,False,True,False,True,False,False,False,False,True
1,0.03278688524590164,0.0,0.2540983606557377,0.8,0.6,1.0,0.38095238095238093,1.0,0.6,0.125,0.06666666666666667,0.021739130434782608,0.589956614049663,True,False,False,False,True,False,False,False,True,False,True,False,False,False,True,False
0,0.14754098360655737,0.0,0.04918032786885246,0.8,0.6,0.0,0.09523809523809523,0.0,0.13333333333333333,0.125,0.06666666666666667,0.021739130434782608,0.44465983568725187,False,True,False,False,False,False,False,True,True,False,False,False,True,False,True,False
0,0.01639344262295082,0.0,0.07377049180327869,0.6,0.8,0.5,0.14285714285714285,0.0,0.4666666666666667,0.125,0.06666666666666667,0.021739130434782608,0.5733099479984,True,False,False,False,True,False,False,False,True,False,True,False,False,False,False,False
1,0.16393442622950818,0.0,0.1885245901639344,0.8,0.6,0.75,0.23809523809523808,0.0,0.8,0.25,0.2,0.06521739130434782,0.6592818240561248,True,False,False,False,True,False,False,False,False,False,True,False,False,False,True,False
0,0.03278688524590164,0.0,0.09836065573770492,0.6,0.6,0.5,0.19047619047619047,0.0,0.2,0.125,0.06666666666666667,0.17391304347826086,0.4972460691098187,True,False,False,False,False,False,False,True,False,False,True,False,False,False,False,True
1,0.01639344262295082,0.0,0.03278688524590164,0.8,0.8,0.5,0.3333333333333333,1.0,0.3333333333333333,0.0625,0.06666666666666667,0.021739130434782608,0.44893689036585743,False,True,False,False,False,False,False,True,True,False,False,False,True,False,False,True
0,0.06557377049180328,0.0,0.02459016393442623,0.6,0.4,0.25,0.0,1.0,0.4666666666666667,0.0625,0.06666666666666667,0.043478260869565216,0.3906274039201206,False,True,False,False,False,True,False,False,True,False,False,True,False,False,True,False
0,0.39344262295081966,0.0,0.01639344262295082,0.8,0.6,0.75,0.19047619047619047,1.0,0.26666666666666666,0.0625,0.06666666666666667,0.17391304347826086,0.9437828856272501,False,False,False,False,False,True,False,False,False,False,False,False,False,True,True,False
0,0.16393442622950818,0.5,0.12295081967213115,0.6,0.6,0.75,0.23809523809523808,0.0,0.2,0.125,0.06666666666666667,0.10869565217391304,0.4505677097756854,False,True,False,False,False,False,False,True,True,False,False,False,True,False,True,False
1,0.01639344262295082,0.0,0.11475409836065574,0.8,0.6,0.0,0.09523809523809523,1.0,0.06666666666666667,0.125,0.06666666666666667,0.021739130434782608,0.4620142158220253,True,False,False,False,False,True,False,False,False,False,False,False,True,False,True,False
0,0.5081967213114754,0.0,0.02459016393442623,0.8,0.6,1.0,0.19047619047619047,1.0,0.26666666666666666,0.125,0.06666666666666667,0.13043478260869565,0.9908304870919105,True,False,False,False,True,False,False,False,False,False,False,False,False,True,True,False
0,0.39344262295081966,0.0,0.10655737704918032,0.6,0.6,0.75,0.19047619047619047,0.0,0.3333333333333333,0.1875,0.26666666666666666,0.10869565217391304,0.9977537770392935,True,False,False,False,False,True,False,False,False,False,False,False,False,True,False,True
1,0.04918032786885246,1.0,0.040983606557377046,0.6,0.6,0.5,0.23809523809523808,1.0,0.5333333333333333,0.125,0.06666666666666667,0.021739130434782608,0.5458014092741315,True,False,False,False,True,False,False,False,False,False,True,False,False,False,True,False
1,0.16393442622950818,1.0,0.09016393442622951,0.6,0.6,0.0,0.23809523809523808,0.0,0.06666666666666667,0.3125,0.26666666666666666,0.06521739130434782,0.6952829317825164,True,False,False,False,False,False,True,False,True,False,False,False,False,False,True,False
0,0.11475409836065574,0.0,0.07377049180327869,0.6,0.6,0.25,0.047619047619047616,0.0,0.3333333333333333,0.0625,0.0,0.06521739130434782,0.38625803870888337,False,False,False,False,False,True,False,False,False,False,False,True,False,False,False,True
0,0.4918032786885246,0.0,0.13114754098360656,0.4,0.4,0.5,0.09523809523809523,1.0,0.2,0.0625,0.06666666666666667,0.043478260869565216,0.7934705683251793,False,False,False,False,False,True,False,False,True,True,False,False,False,False,True,False
0,0.01639344262295082,1.0,0.06557377049180328,0.4,0.4,1.0,0.0,0.0,0.2,0.0625,0.0,0.06521739130434782,0.45841410504938607,False,False,False,False,False,True,False,False,True,False,True,False,False,False,False,True
1,0.16393442622950818,1.0,0.08196721311475409,0.4,0.8,0.5,0.3333333333333333,0.0,0.0,0.375,0.8666666666666667,0.06521739130434782,0.7057447921474507,False,False,False,False,False,True,False,False,True,True,False,False,False,False,True,False
1,0.01639344262295082,1.0,0.01639344262295082,0.6,0.8,0.5,0.3333333333333333,1.0,0.6,0.125,0.06666666666666667,0.06521739130434782,0.47078371642204375,True,False,False,False,True,False,False,False,False,False,False,False,True,False,True,False
1,0.08196721311475409,1.0,0.01639344262295082,0.8,0.6,0.25,0.42857142857142855,1.0,0.06666666666666667,0.125,0.06666666666666667,0.13043478260869565,0.5690328933197945,True,False,False,False,False,True,False,False,False,False,True,False,False,False,False,True
0,0.29508196721311475,0.0,0.1721311475409836,0.6,0.4,0.25,0.0,1.0,0.2,0.0,0.06666666666666667,0.21739130434782608,0.7229760915720483,True,False,False,False,True,False,False,False,True,True,False,False,False,False,False,False
0,0.14754098360655737,0.0,0.03278688524590164,0.4,0.6,0.5,0.047619047619047616,0.0,0.4666666666666667,0.0625,0.0,0.0,0.34711837287301145,False,False,False,False,False,True,False,False,True,False,False,False,True,False,False,False
0,0.3770491803278688,0.0,0.09016393442622951,0.6,0.6,0.0,0.2857142857142857,0.0,0.26666666666666666,0.0625,0.0,0.06521739130434782,0.6306655589402751,True,False,False,True,False,False,False,False,True,False,False,False,False,False,False,True
1,0.14754098360655737,0.5,0.1885245901639344,0.4,0.8,0.5,0.047619047619047616,0.0,0.0,0.0,0.0,0.0,0.35554940152004677,True,False,False,False,False,False,False,True,True,False,False,False,True,False,True,False
1,0.04918032786885246,0.0,0.03278688524590164,0.6,0.6,0.0,0.38095238095238093,0.0,0.06666666666666667,0.6875,0.06666666666666667,0.13043478260869565,0.7590695098310717,False,False,False,False,False,True,False,False,True,True,False,False,False,False,True,False
1,0.01639344262295082,0.0,0.1885245901639344,0.6,0.6,0.5,0.09523809523809523,0.0,0.6666666666666666,0.125,0.06666666666666667,0.021739130434782608,0.4577679313209637,False,True,False,False,True,False,False,False,True,False,False,False,True,False,True,False
0,0.09836065573770492,0.0,0.09016393442622951,0.8,0.6,0.0,0.09523809523809523,1.0,0.13333333333333333,0.125,0.06666666666666667,0.13043478260869565,0.5791562817317456,True,False,False,False,False,True,False,False,False,False,True,False,False,False,True,False
0,0.06557377049180328,0.0,0.1721311475409836,0.4,0.4,0.5,0.047619047619047616,0.0,0.0,0.0,0.0,0.043478260869565216,0.4368442105910951,False,True,False,False,False,True,False,False,True,False,True,False,False,False,True,False
1,0.01639344262295082,0.0,0.02459016393442623,0.8,0.8,1.0,0.3333333333333333,0.0,0.2,0.125,0.06666666666666667,0.17391304347826086,0.4573063786578049,False,True,True,False,False,False,False,False,True,False,False,False,True,False,False,True
0,0.4098360655737705,0.0,0.07377049180327869,0.6,0.4,1.0,0.42857142857142855,0.0,0.13333333333333333,0.0625,0.0,0.08695652173913043,0.3984737991938213,False,True,False,False,False,False,False,True,False,False,False,True,False,False,True,False
0,0.0,0.0,0.07377049180327869,0.6,0.4,0.5,0.047619047619047616,0.0,0.5333333333333333,0.0,0.0,0.0,0.3790270469860611,False,True,False,False,False,True,False,False,False,False,False,True,False,False,False,True
1,0.01639344262295082,0.0,0.21311475409836064,0.8,0.8,1.0,0.09523809523809523,0.0,0.13333333333333333,0.125,0.06666666666666667,0.06521739130434782,0.6530047078371642,False,False,False,True,False,False,False,False,True,False,False,False,False,False,False,True
1,0.0,1.0,0.06557377049180328,0.6,0.4,0.75,0.047619047619047616,0.0,0.13333333333333333,0.0,0.0,0.0,0.3901350810794178,False,True,False,False,False,False,True,False,True,False,False,True,False,False,False,True
1,0.01639344262295082,0.0,0.01639344262295082,0.6,0.8,1.0,0.09523809523809523,1.0,0.06666666666666667,0.0625,0.06666666666666667,0.021739130434782608,0.4559832610234161,False,True,False,False,False,True,False,False,False,False,False,False,True,False,False,False
1,0.14754098360655737,0.0,0.040983606557377046,0.4,0.4,0.0,0.42857142857142855,1.0,0.8,0.0625,0.0,0.0,0.37801163112711156,False,False,True,False,False,False,False,False,True,False,False,True,False,False,False,True
1,0.0,1.0,0.2459016393442623,0.6,0.8,1.0,0.38095238095238093,0.0,0.4666666666666667,0.0625,0.06666666666666667,0.043478260869565216,0.4605987876550047,False,False,False,False,True,False,False,False,True,False,True,False,False,False,False,True
0,0.04918032786885246,0.5,0.06557377049180328,0.6,0.8,0.75,0.09523809523809523,0.0,0.06666666666666667,0.125,0.06666666666666667,0.021739130434782608,0.4709067971322194,True,False,False,False,True,False,False,False,True,False,False,False,True,False,True,False
0,0.14754098360655737,0.0,0.20491803278688525,0.4,0.4,0.75,0.3333333333333333,0.0,0.26666666666666666,0.0,0.0,0.17391304347826086,0.4822917628234715,False,False,False,False,False,True,False,False,False,False,True,False,False,False,False,False
0,0.2459016393442623,0.0,0.07377049180327869,0.6,0.2,0.5,0.09523809523809523,0.0,0.2,0.0625,0.06666666666666667,0.1956521739130435,0.4885073386873442,True,False,True,False,False,False,False,False,False,False,False,False,True,False,True,False
1,0.26229508196721313,1.0,0.03278688524590164,0.6,1.0,0.25,0.09523809523809523,0.0,0.3333333333333333,0.375,0.4,0.21739130434782608,0.9952613926582355,True,False,False,False,False,False,True,False,False,False,False,False,False,True,False,False
1,0.08196721311475409,0.0,0.11475409836065574,0.6,0.6,0.5,0.09523809523809523,0.0,0.26666666666666666,0.125,1.0,0.1956521739130435,0.9860303393950582,True,False,False,True,False,False,False,False,False,False,False,False,False,True,True,False
1,0.01639344262295082,0.5,0.06557377049180328,0.8,0.6,1.0,0.23809523809523808,1.0,0.8,0.0625,0.06666666666666667,0.06521739130434782,0.44841379734761067,False,True,False,False,False,False,False,True,True,False,False,False,True,False,True,False
0,0.36065573770491804,0.0,0.05737704918032787,0.4,0.6,0.5,0.09523809523809523,1.0,0.5333333333333333,0.125,0.06666666666666667,0.2608695652173913,0.7374380750176929,True,False,False,False,False,True,False,False,False,True,False,False,False,False,True,False
1,0.0,1.0,0.07377049180327869,0.4,0.6,0.75,0.047619047619047616,1.0,0.4666666666666667,0.0,0.0,0.0,0.3819502138527339,False,True,False,False,False,False,True,False,True,False,False,True,False,False,False,False
0,0.2459016393442623,0.0,0.2459016393442623,0.6,0.4,0.75,0.047619047619047616,0.0,0.13333333333333333,0.3125,0.4,0.17391304347826086,0.4441367426690052,False,True,False,False,False,True,False,False,True,False,True,False,False,False,True,False
1,0.3442622950819672,0.0,0.03278688524590164,0.6,0.8,0.0,0.47619047619047616,1.0,0.26666666666666666,0.125,0.06666666666666667,0.021739130434782608,0.45786024185359553,False,False,False,False,False,True,False,False,True,False,False,False,True,False,True,False
1,0.0,0.0,0.1557377049180328,0.6,0.4,0.0,0.047619047619047616,0.0,0.5333333333333333,0.0625,0.0,0.0,0.39056586356503276,False,True,False,False,False,False,False,True,False,False,False,True,False,False,False,True
1,0.01639344262295082,0.0,0.13114754098360656,0.6,0.6,0.0,0.047619047619047616,1.0,0.13333333333333333,0.3125,0.4666666666666667,0.17391304347826086,0.6170343702883165,False,False,False,False,False,False,False,True,False,False,False,False,False,False,False,True
1,0.22950819672131148,1.0,0.040983606557377046,0.6,0.8,0.5,0.09523809523809523,1.0,0.26666666666666666,0.125,0.06666666666666667,0.06521739130434782,0.46718360564940464,True,False,False,False,False,False,True,False,True,False,False,False,True,False,True,False
0,0.18032786885245902,1.0,0.01639344262295082,0.6,0.6,1.0,0.19047619047619047,0.0,0.2,0.0625,0.0,0.0,0.39564294285978036,False,True,False,False,False,True,False,False,True,False,False,True,False,False,False,True
1,0.01639344262295082,1.0,0.1721311475409836,0.8,0.2,0.0,0.42857142857142855,1.0,0.2,0.0625,0.06666666666666667,0.10869565217391304,0.5478322409920305,False,False,False,False,False,False,True,False,True,False,True,False,False,False,False,True
0,0.21311475409836064,0.0,0.06557377049180328,0.6,0.6,0.75,0.23809523809523808,0.0,0.5333333333333333,0.1875,0.13333333333333333,0.06521739130434782,0.6423582264069663,True,False,False,False,False,True,False,False,False,False,False,False,False,False,False,True
1,0.01639344262295082,1.0,0.23770491803278687,0.6,0.6,0.25,0.09523809523809523,0.0,0.8,0.125,0.06666666666666667,0.21739130434782608,0.619680605557094,True,False,False,False,False,False,True,False,False,False,False,False,False,False,False,False
1,0.32786885245901637,0.0,0.07377049180327869,0.4,0.6,0.0,0.42857142857142855,1.0,0.2,0.0625,0.0,0.0,0.38093479799378444,False,False,False,False,False,True,False,False,True,False,False,True,False,False,True,False
1,0.01639344262295082,0.0,0.07377049180327869,0.8,0.6,0.75,0.09523809523809523,1.0,0.8666666666666667,0.125,0.06666666666666667,0.021739130434782608,0.46069109818763654,True,False,False,False,False,True,False,False,True,False,False,False,True,False,False,True
0,0.16393442622950818,1.0,0.09016393442622951,0.4,0.6,0.25,0.09523809523809523,1.0,0.2,0.0,0.0,0.0,0.5136773439182744,True,False,False,False,False,True,False,False,False,False,True,False,False,False,True,False
0,0.39344262295081966,0.0,0.03278688524590164,0.6,0.4,0.75,0.14285714285714285,0.0,0.4666666666666667,0.0625,0.06666666666666667,0.0,0.7302993938275023,True,False,False,False,True,False,False,False,False,True,False,False,False,False,False,True
0,0.14754098360655737,0.0,0.03278688524590164,0.4,0.4,0.25,0.047619047619047616,0.0,0.0,0.0625,0.0,0.0,0.36019569832917936,False,False,False,False,True,False,False,False,True,False,False,False,True,False,False,False
0,0.14754098360655737,0.0,0.14754098360655737,0.6,0.8,0.5,0.047619047619047616,0.0,0.26666666666666666,0.0625,0.0,0.043478260869565216,0.37862703467799014,False,True,False,False,False,False,False,False,True,False,False,True,False,False,True,False
0,0.11475409836065574,1.0,0.07377049180327869,0.4,0.6,0.75,0.047619047619047616,0.0,0.4666666666666667,0.125,0.06666666666666667,0.06521739130434782,0.5170005230930182,False,False,False,False,False,True,False,False,False,False,True,False,False,False,False,False
1,0.14754098360655737,0.5,0.07377049180327869,0.6,0.6,0.0,0.2857142857142857,0.0,0.0,0.0625,0.0,0.043478260869565216,0.3747807624849996,False,False,False,False,False,False,False,True,False,False,False,True,False,False,True,False
1,0.0,1.0,0.20491803278688525,0.6,0.8,0.0,0.047619047619047616,1.0,0.2,0.0625,0.0,0.0,0.3421028339333518,False,False,False,False,False,True,False,False,True,False,False,False,True,False,False,True
0,0.47540983606557374,1.0,0.22950819672131148,0.6,0.8,0.0,0.09523809523809523,0.0,0.26666666666666666,0.0625,0.13333333333333333,0.30434782608695654,0.9872919166743592,True,False,False,False,False,False,True,False,True,False,False,False,False,True,True,False
0,0.16393442622950818,0.0,0.16393442622950818,0.8,0.6,0.0,0.14285714285714285,0.0,0.6666666666666666,0.0625,0.06666666666666667,0.21739130434782608,0.6239884304132435,False,False,False,False,False,True,False,False,True,False,True,False,False,False,False,True
0,0.29508196721311475,0.0,0.03278688524590164,0.6,0.6,0.5,0.2857142857142857,1.0,0.5333333333333333,0.1875,0.13333333333333333,0.06521739130434782,0.6987599618449798,False,False,False,False,True,False,False,False,True,False,False,False,False,False,False,True
0,0.04918032786885246,1.0,0.09836065573770492,0.6,0.6,0.75,0.09523809523809523,0.0,0.26666666666666666,0.0625,0.13333333333333333,0.06521739130434782,0.45530631711744973,False,True,False,False,False,False,True,False,True,False,False,False,True,False,True,False
1,0.0,0.0,0.03278688524590164,0.4,0.4,0.5,0.047619047619047616,0.0,0.06666666666666667,0.375,0.4,0.15217391304347827,0.43336718052863166,False,False,False,False,False,True,False,False,False,False,False,False,True,False,False,True
0,0.01639344262295082,0.0,0.07377049180327869,0.8,0.6,0.0,0.09523809523809523,0.0,0.6666666666666666,0.0625,0.3333333333333333,0.17391304347826086,0.46370657558694106,False,False,False,False,True,False,False,False,True,False,False,False,True,False,False,True
1,0.01639344262295082,0.0,0.01639344262295082,0.8,1.0,0.75,0.38095238095238093,1.0,0.2,0.125,0.2,0.17391304347826086,0.45281393273639187,False,True,False,False,False,True,False,False,False,False,False,False,True,False,False,True
0,0.13114754098360656,0.0,0.19672131147540983,0.6,0.8,0.5,0.0,0.0,0.3333333333333333,0.0,0.0,0.06521739130434782,0.3909351056955599,False,True,False,False,False,False,False,False,True,False,False,True,False,False,True,False
0,0.01639344262295082,0.0,0.09016393442622951,0.4,0.4,0.5,0.14285714285714285,0.0,0.13333333333333333,0.0,0.0,0.15217391304347827,0.4203206252500077,False,True,False,False,False,False,False,True,False,False,True,False,False,False,False,True
1,0.08196721311475409,1.0,0.18032786885245902,0.8,0.6,0.75,0.09523809523809523,1.0,0.8,0.0625,0.06666666666666667,0.06521739130434782,0.48124557678697805,True,False,False,False,False,False,True,False,False,False,False,False,True,False,False,True
1,0.01639344262295082,0.0,0.03278688524590164,0.6,0.8,1.0,0.38095238095238093,0.0,0.06666666666666667,0.0625,0.06666666666666667,0.021739130434782608,0.46342964398904585,False,False,False,False,True,False,False,False,True,False,False,False,True,False,False,True
1,0.0,0.0,0.12295081967213115,0.4,0.4,0.25,0.0,1.0,0.06666666666666667,0.125,0.4,0.15217391304347827,0.5401089264285055,False,False,False,False,False,False,False,True,False,False,False,False,False,False,False,True
0,0.01639344262295082,0.0,0.07377049180327869,0.6,0.4,0.5,0.23809523809523808,0.0,0.4666666666666667,0.125,0.06666666666666667,0.043478260869565216,0.3808424874611527,False,True,False,False,False,False,False,False,False,False,False,True,False,False,True,False
0,0.08196721311475409,0.0,0.040983606557377046,0.6,0.6,1.0,0.09523809523809523,1.0,0.2,0.1875,0.13333333333333333,0.08695652173913043,0.47893781347118375,False,False,False,False,True,False,False,False,True,False,False,False,True,False,True,False
1,0.32786885245901637,0.0,0.21311475409836064,0.8,0.6,0.0,0.09523809523809523,0.0,0.4,0.0625,0.06666666666666667,0.021739130434782608,0.46422966860518783,True,False,False,False,False,True,False,False,True,False,False,False,True,False,False,True
0,0.14754098360655737,1.0,0.11475409836065574,0.4,0.4,0.5,0.047619047619047616,0.0,0.0,0.0625,0.0,0.13043478260869565,0.3721960675713099,False,True,False,False,False,False,False,False,True,False,False,True,False,False,True,False
0,0.03278688524590164,0.0,0.02459016393442623,0.6,0.4,0.75,0.0,0.0,0.13333333333333333,0.0,0.0,0.043478260869565216,0.405550940028924,False,False,False,False,False,True,False,False,False,False,False,True,False,False,False,False
0,0.29508196721311475,1.0,0.01639344262295082,0.8,0.6,1.0,0.2857142857142857,1.0,0.7333333333333333,0.125,0.06666666666666667,0.08695652173913043,0.5524477676236191,True,False,False,False,False,False,True,False,False,False,True,False,False,False,True,False
0,0.4098360655737705,0.0,0.05737704918032787,0.6,0.4,1.0,0.14285714285714285,1.0,0.06666666666666667,0.125,0.3333333333333333,0.1956521739130435,0.47930705560171083,True,False,True,False,False,False,False,False,True,False,True,False,False,False,True,False
1,0.13114754098360656,0.0,0.01639344262295082,0.6,0.6,0.75,0.09523809523809523,1.0,0.13333333333333333,0.125,0.13333333333333333,0.08695652173913043,0.4566909751069263,False,False,False,False,True,False,False,False,True,False,False,False,True,False,True,False
1,0.01639344262295082,0.0,0.01639344262295082,0.6,0.6,0.5,0.047619047619047616,0.0,0.26666666666666666,0.0625,0.06666666666666667,0.13043478260869565,0.44795224468445183,False,True,True,False,False,False,False,False,True,False,False,False,True,False,False,True
0,0.01639344262295082,0.5,0.09836065573770492,0.6,0.6,0.0,0.047619047619047616,0.0,0.26666666666666666,0.0625,0.13333333333333333,0.043478260869565216,0.4506292501307732,False,False,False,False,True,False,False,False,True,False,False,False,True,False,True,False
0,0.01639344262295082,0.0,0.01639344262295082,0.6,0.6,0.75,0.09523809523809523,0.0,0.6666666666666666,0.125,0.06666666666666667,0.10869565217391304,0.5814640450475399,False,False,False,False,False,True,False,False,False,False,True,False,False,False,True,False
1,0.2459016393442623,1.0,0.04918032786885246,0.6,0.4,0.75,0.42857142857142855,1.0,0.5333333333333333,0.4375,0.4,0.15217391304347827,0.5675866949752301,True,False,False,False,False,True,False,False,True,False,False,False,False,False,False,True
0,0.3114754098360656,0.0,0.08196721311475409,0.8,0.6,0.0,0.47619047619047616,0.0,0.26666666666666666,0.5625,0.6,0.1956521739130435,0.49838456567894396,True,False,False,False,False,False,False,True,True,False,True,False,False,False,True,False
1,0.26229508196721313,0.0,0.08196721311475409,0.6,0.8,0.75,0.14285714285714285,0.0,0.3333333333333333,0.5,0.4666666666666667,0.17391304347826086,0.536662666543586,True,False,False,False,True,False,False,False,True,False,True,False,False,False,True,False
1,0.0,0.0,0.2459016393442623,0.4,0.6,0.5,0.047619047619047616,0.0,0.7333333333333333,0.1875,0.13333333333333333,0.17391304347826086,0.44641373580725563,False,False,False,False,True,False,False,False,False,False,True,False,False,False,False,True
0,0.2786885245901639,0.5,0.00819672131147541,0.4,0.6,0.5,0.19047619047619047,0.0,0.0,0.0625,0.0,0.043478260869565216,0.49186128803963197,True,False,False,False,False,True,False,False,False,False,True,False,False,False,False,True
1,0.01639344262295082,0.0,0.16393442622950818,0.8,0.6,0.0,0.09523809523809523,0.0,0.6,0.125,0.06666666666666667,0.021739130434782608,0.46749130742484385,True,False,False,False,False,False,False,True,False,False,False,False,True,False,False,True
0,0.0,0.0,0.00819672131147541,0.6,0.6,0.5,0.047619047619047616,1.0,0.13333333333333333,0.0,0.0,0.0,0.39795070617557465,False,True,False,False,False,True,False,False,False,False,False,True,False,False,True,False
0,0.04918032786885246,0.0,0.01639344262295082,0.6,0.6,0.5,0.09523809523809523,0.0,0.2,0.0625,0.06666666666666667,0.21739130434782608,0.517523616111265,False,False,True,False,False,False,False,False,True,False,True,False,False,False,True,False
0,0.01639344262295082,0.0,0.06557377049180328,0.8,0.2,0.0,0.047619047619047616,0.0,0.5333333333333333,0.1875,0.4666666666666667,0.17391304347826086,0.4629065509707991,False,False,False,False,False,False,False,True,True,False,False,False,True,False,True,False
0,0.04918032786885246,0.0,0.08196721311475409,0.6,1.0,1.0,0.19047619047619047,0.0,0.2,0.125,0.06666666666666667,0.06521739130434782,0.6835594941382812,True,False,False,False,False,False,False,True,False,False,True,False,False,False,True,False
0,0.03278688524590164,0.0,0.14754098360655737,0.8,0.4,1.0,0.047619047619047616,0.0,0.6,0.0625,0.06666666666666667,0.17391304347826086,0.5588171943752116,True,False,False,False,True,False,False,False,True,False,True,False,False,False,False,True
0,0.3442622950819672,0.0,0.1885245901639344,0.4,0.4,0.0,0.14285714285714285,0.0,0.0,0.0625,0.2,0.15217391304347827,0.8361488045786024,False,False,False,False,True,False,False,False,False,True,False,False,False,False,True,False
0,0.4262295081967213,0.0,0.01639344262295082,0.4,0.6,0.5,0.19047619047619047,1.0,0.6,0.0625,0.0,0.06521739130434782,0.7066371272962244,False,False,False,False,True,False,False,False,False,True,False,False,False,False,True,False
1,0.0,1.0,0.02459016393442623,0.6,0.6,0.25,0.3333333333333333,0.0,0.2,0.0,0.0,0.0,0.39339671989907377,False,False,False,False,False,True,False,False,False,False,False,True,False,False,False,True
1,0.0,0.0,0.06557377049180328,0.4,0.4,0.5,0.14285714285714285,1.0,0.13333333333333333,0.0625,0.4,0.15217391304347827,0.4104433982584079,False,True,True,False,False,False,False,False,False,False,False,True,False,False,True,False
1,0.01639344262295082,0.0,0.16393442622950818,0.6,0.8,0.0,0.09523809523809523,1.0,0.2,0.0625,0.06666666666666667,0.043478260869565216,0.45813717345149074,False,True,False,False,True,False,False,False,True,False,False,False,True,False,False,True
0,0.22950819672131148,0.0,0.13934426229508196,0.8,0.8,0.5,0.09523809523809523,0.0,0.2,0.125,0.9333333333333333,0.06521739130434782,0.7057140219699067,True,False,False,False,False,True,False,False,False,False,False,False,False,False,True,False
0,0.18032786885245902,1.0,0.1885245901639344,0.6,0.6,0.25,0.2857142857142857,0.0,0.3333333333333333,0.125,0.06666666666666667,0.021739130434782608,0.47610695713714263,False,False,False,False,True,False,False,False,False,False,False,False,True,False,False,False
1,0.01639344262295082,0.0,0.040983606557377046,0.6,0.8,0.25,0.047619047619047616,1.0,0.06666666666666667,0.0625,0.06666666666666667,0.021739130434782608,0.47241453583187176,False,False,False,False,False,True,False,False,True,False,False,False,True,False,False,False
1,0.0,0.0,0.08196721311475409,0.6,0.4,1.0,0.19047619047619047,0.0,0.4,0.0,0.0,0.15217391304347827,0.4721991445890643,False,False,False,False,False,True,False,False,True,False,True,False,False,False,True,False
0,0.29508196721311475,0.5,0.02459016393442623,0.6,0.6,0.0,0.23809523809523808,1.0,0.5333333333333333,0.1875,0.13333333333333333,0.06521739130434782,0.4829379365518939,True,False,False,False,False,True,False,False,False,False,False,False,True,False,True,False
0,0.04918032786885246,0.0,0.20491803278688525,0.6,0.4,0.5,0.047619047619047616,0.0,0.7333333333333333,0.0625,0.0,0.0,0.39056586356503276,False,True,False,False,False,True,False,False,True,False,False,True,False,False,True,False
0,0.32786885245901637,1.0,0.03278688524590164,0.8,1.0,0.75,0.19047619047619047,1.0,0.26666666666666666,0.4375,0.4666666666666667,0.17391304347826086,0.9037816548201484,True,False,False,True,False,False,False,False,False,True,False,False,False,False,True,False
0,0.3770491803278688,0.0,0.00819672131147541,0.4,0.6,0.5,0.09523809523809523,0.0,0.26666666666666666,0.0,0.0,0.043478260869565216,0.4212437305763254,False,True,False,False,True,False,False,False,True,False,False,False,True,False,False,False
0,0.08196721311475409,1.0,0.00819672131147541,0.4,0.4,0.0,0.047619047619047616,0.0,0.5333333333333333,0.1875,0.26666666666666666,0.15217391304347827,0.6283885658020246,True,False,False,False,False,False,True,False,False,False,False,False,False,False,True,False
0,0.45901639344262296,0.0,0.02459016393442623,0.4,0.6,1.0,0.38095238095238093,0.0,0.06666666666666667,0.0625,0.0,0.0,0.8935044155204775,True,False,False,False,True,False,False,False,True,False,False,False,False,True,True,False
0,0.5081967213114754,0.0,0.05737704918032787,0.6,0.8,0.75,0.14285714285714285,1.0,0.2,0.125,0.06666666666666667,0.06521739130434782,0.709314132742546,True,False,False,True,False,False,False,False,False,False,False,False,False,False,True,False
0,0.0,1.0,0.07377049180327869,0.6,0.0,0.25,0.38095238095238093,0.0,0.2,0.0625,0.0,0.0,0.3856734053355488,False,True,False,False,False,False,False,False,False,False,False,True,False,False,False,False
0,0.2459016393442623,0.0,0.07377049180327869,0.6,1.0,0.5,0.09523809523809523,0.0,0.8,0.125,0.3333333333333333,0.2391304347826087,0.999199975383858,False,False,False,False,False,True,False,False,False,False,False,False,False,True,True,False
0,0.18032786885245902,0.0,0.02459016393442623,0.4,0.4,0.5,0.42857142857142855,0.0,0.2,0.0,0.0,0.0,0.5093387488845811,True,False,False,False,False,True,False,False,True,False,True,False,False,False,False,False
1,0.01639344262295082,1.0,0.08196721311475409,0.6,0.8,1.0,0.3333333333333333,0.0,0.4666666666666667,0.125,0.06666666666666667,0.06521739130434782,0.5485091848979968,True,False,True,False,False,False,False,False,True,False,True,False,False,False,False,True
0,0.06557377049180328,1.0,0.1721311475409836,0.6,0.0,0.0,0.0,0.0,0.06666666666666667,0.125,0.06666666666666667,0.043478260869565216,0.39358134096433733,False,False,False,False,False,True,False,False,True,False,False,True,False,False,True,False
1,0.0,1.0,0.08196721311475409,0.4,0.4,0.0,0.047619047619047616,0.0,0.13333333333333333,0.0,0.0,0.0,0.3409643373642266,True,False,False,False,True,False,False,False,True,False,False,False,True,False,False,True
1,0.04918032786885246,1.0,0.05737704918032787,0.6,0.6,0.0,0.19047619047619047,0.0,0.26666666666666666,0.0625,0.06666666666666667,0.021739130434782608,0.44881380965568174,False,True,True,False,False,False,False,False,True,False,True,False,False,False,True,False
1,0.01639344262295082,0.0,0.21311475409836064,0.8,1.0,0.25,0.09523809523809523,1.0,0.5333333333333333,0.125,0.06666666666666667,0.021739130434782608,0.45662943475183854,False,True,True,False,False,False,False,False,True,False,False,False,True,False,False,True
1,0.01639344262295082,0.5,0.03278688524590164,0.6,0.8,0.25,0.09523809523809523,0.0,0.13333333333333333,0.125,0.06666666666666667,0.021739130434782608,0.46352195452167755,True,False,True,False,False,False,False,False,True,False,False,False,True,False,False,True
0,0.5081967213114754,0.0,0.16393442622950818,0.8,0.6,0.0,0.3333333333333333,0.0,0.13333333333333333,0.25,0.3333333333333333,0.06521739130434782,0.7080833256407889,True,False,False,False,True,False,False,False,True,False,False,False,False,False,False,True
0,0.11475409836065574,1.0,0.03278688524590164,0.4,0.8,1.0,0.14285714285714285,0.0,0.4666666666666667,0.125,0.13333333333333333,0.2608695652173913,0.4541370503707806,False,True,False,False,False,False,False,True,True,False,True,False,False,False,False,True
0,0.2459016393442623,0.0,0.07377049180327869,0.4,0.6,1.0,0.0,1.0,0.0,0.25,0.4,0.17391304347826086,0.38748884581064036,False,True,False,False,False,False,False,False,False,False,False,True,False,False,True,False
1,0.0,1.0,0.03278688524590164,0.6,0.4,0.5,0.42857142857142855,0.0,0.2,0.0625,0.06666666666666667,0.0,0.4485368780577864,False,True,False,False,False,True,False,False,False,False,True,False,False,False,False,True
1,0.14754098360655737,1.0,0.01639344262295082,0.4,0.4,0.75,0.047619047619047616,1.0,0.0,0.125,0.06666666666666667,0.043478260869565216,0.3785347241453583,False,False,False,False,False,True,False,False,False,False,False,True,False,False,False,True
1,0.01639344262295082,1.0,0.11475409836065574,0.6,0.6,0.0,0.19047619047619047,1.0,0.9333333333333333,0.25,0.4,0.17391304347826086,0.5255854026277732,False,False,False,False,False,False,False,True,True,False,True,False,False,False,False,True
1,0.01639344262295082,0.0,0.21311475409836064,0.8,1.0,0.0,0.09523809523809523,1.0,0.5333333333333333,0.0625,0.06666666666666667,0.021739130434782608,0.45662943475183854,False,True,True,False,False,False,False,False,True,False,False,False,True,False,False,True
0,0.01639344262295082,0.0,0.09016393442622951,0.6,0.6,1.0,0.09523809523809523,0.0,1.0,0.0625,0.06666666666666667,0.021739130434782608,0.4631527123911505,True,False,False,False,False,True,False,False,True,False,False,False,True,False,False,True
1,0.16393442622950818,1.0,0.09016393442622951,0.8,0.8,0.0,0.09523809523809523,0.0,0.4,0.25,0.26666666666666666,0.06521739130434782,0.6806055570940645,True,False,False,False,True,False,False,False,True,False,False,False,False,False,False,True
1,0.01639344262295082,1.0,0.14754098360655737,0.8,0.6,0.5,0.14285714285714285,0.0,0.2,0.0625,0.06666666666666667,0.021739130434782608,0.6357426382350226,True,False,False,False,False,False,True,False,True,False,False,False,False,False,True,False
0,0.29508196721311475,0.0,0.06557377049180328,0.6,0.4,1.0,0.047619047619047616,0.0,0.4666666666666667,0.125,0.5333333333333333,0.2391304347826087,0.4680144004430905,False,False,False,False,False,True,False,False,True,False,False,False,False,False,True,False
0,0.16393442622950818,1.0,0.03278688524590164,0.4,0.4,0.0,0.09523809523809523,0.0,0.06666666666666667,0.0,0.0,0.06521739130434782,0.5362626542355149,True,False,False,False,False,True,False,False,True,False,False,False,False,False,False,True
1,0.01639344262295082,0.0,0.22131147540983606,0.6,0.6,0.0,0.09523809523809523,1.0,0.9333333333333333,0.0625,0.06666666666666667,0.043478260869565216,0.47062986553432407,True,False,False,False,False,True,False,False,True,False,False,False,True,False,False,True
0,0.16393442622950818,0.0,0.23770491803278687,0.8,0.6,0.5,0.3333333333333333,0.0,0.2,0.0625,0.4666666666666667,0.17391304347826086,0.5457706390965876,True,False,False,False,True,False,False,False,True,False,True,False,False,False,True,False
1,0.3442622950819672,0.0,0.20491803278688525,0.8,0.6,0.0,0.09523809523809523,0.0,0.13333333333333333,0.5,1.0,0.06521739130434782,0.701929290132004,True,False,False,False,True,False,False,False,False,False,False,False,False,False,True,False
1,0.01639344262295082,1.0,0.09016393442622951,0.8,0.8,1.0,0.19047619047619047,0.0,0.13333333333333333,0.125,0.13333333333333333,0.06521739130434782,0.5200160004923228,True,False,False,False,False,True,False,False,True,False,False,False,True,False,False,False
0,0.13114754098360656,0.0,0.21311475409836064,0.4,0.4,0.5,0.047619047619047616,1.0,0.0,0.0,0.6,0.021739130434782608,0.6273423797655312,True,False,False,False,True,False,False,False,False,False,False,False,False,False,True,False
0,0.06557377049180328,0.0,0.09836065573770492,0.8,0.6,0.5,0.47619047619047616,0.0,0.26666666666666666,0.0625,0.06666666666666667,0.06521739130434782,0.6820825256161728,True,False,False,False,True,False,False,False,False,False,False,False,False,False,False,True
1,0.21311475409836064,1.0,0.00819672131147541,0.4,0.4,0.5,0.14285714285714285,1.0,0.2,0.0,0.0,0.0,0.45318317486691895,False,False,False,False,False,False,False,True,True,False,True,False,False,False,False,True
0,0.18032786885245902,0.0,0.13114754098360656,0.6,0.6,0.0,0.0,1.0,0.2,0.125,0.06666666666666667,0.06521739130434782,0.6618665189698145,True,False,False,False,False,True,False,False,True,False,False,False,False,False,True,False
0,0.26229508196721313,0.0,0.07377049180327869,0.6,0.4,0.5,0.19047619047619047,1.0,0.2,0.0625,0.0,0.043478260869565216,0.44684451829287053,False,True,False,False,False,False,False,True,False,False,True,False,False,False,True,False
1,0.0,0.5,0.14754098360655737,0.6,0.4,0.5,0.0,1.0,0.0,0.0,0.0,0.0,0.39204283208714114,False,False,False,False,False,True,False,False,False,False,False,True,False,False,True,False
1,0.0,0.0,0.08196721311475409,0.4,0.4,1.0,0.09523809523809523,1.0,0.0,0.0,0.0,0.0,0.40530477860857256,False,False,False,False,False,False,False,False,True,False,False,True,False,False,False,True
1,0.01639344262295082,0.0,0.14754098360655737,0.8,1.0,1.0,0.09523809523809523,1.0,0.8,0.3125,0.4,0.17391304347826086,0.5052155450936952,False,False,False,False,False,True,False,False,False,False,False,False,True,False,False,True
0,0.14754098360655737,0.0,0.09836065573770492,0.6,0.4,1.0,0.0,0.0,0.2,0.0625,0.0,0.08695652173913043,0.37228837810394166,False,True,False,False,False,True,False,False,True,False,False,True,False,False,False,False
0,0.0,0.0,0.14754098360655737,0.6,0.4,0.75,0.0,1.0,0.3333333333333333,0.0625,0.0,0.021739130434782608,0.4017969783685652,False,True,True,False,False,False,False,False,True,False,False,True,False,False,False,False
0,0.09836065573770492,0.0,0.03278688524590164,0.6,0.6,0.5,0.23809523809523808,1.0,0.26666666666666666,0.125,0.06666666666666667,0.17391304347826086,0.5384165666635896,False,False,False,False,False,True,False,False,False,False,True,False,False,False,False,True
1,0.18032786885245902,1.0,0.09016393442622951,0.6,1.0,0.5,0.38095238095238093,0.0,0.06666666666666667,0.4375,0.06666666666666667,0.2391304347826087,0.7826702360072618,False,False,False,False,False,True,False,False,True,True,False,False,False,False,True,False
0,0.3114754098360656,0.0,0.13114754098360656,0.4,0.4,0.75,0.23809523809523808,0.0,0.0,0.0625,0.0,0.06521739130434782,0.8948275331548663,True,False,False,False,False,True,False,False,True,False,False,False,False,True,False,False
1,0.01639344262295082,0.0,0.09836065573770492,0.6,0.8,0.5,0.09523809523809523,0.0,0.6666666666666666,0.125,0.13333333333333333,0.06521739130434782,0.46539893535185695,False,False,False,False,False,True,False,False,False,False,False,False,True,False,False,True
1,0.0,0.0,0.040983606557377046,0.4,0.4,0.0,0.047619047619047616,1.0,0.26666666666666666,0.25,0.26666666666666666,0.13043478260869565,0.42127450075386935,False,True,True,False,False,False,False,False,True,False,False,False,True,False,True,False
1,0.0,0.0,0.02459016393442623,0.4,0.8,0.25,0.23809523809523808,1.0,0.13333333333333333,0.125,0.06666666666666667,0.043478260869565216,0.4142896704513985,False,True,False,False,False,False,False,False,True,False,False,True,False,False,False,False
1,0.14754098360655737,1.0,0.03278688524590164,0.6,0.4,0.0,0.047619047619047616,1.0,0.06666666666666667,0.0625,0.0,0.0,0.35598018400566167,False,False,False,False,True,False,False,False,False,False,False,False,True,False,False,True
1,0.06557377049180328,0.0,0.09016393442622951,0.6,0.6,1.0,0.19047619047619047,0.0,0.26666666666666666,0.125,0.06666666666666667,0.021739130434782608,0.44672143758269484,False,True,False,False,False,True,False,False,True,False,False,False,True,False,False,True
1,0.14754098360655737,1.0,0.22950819672131148,0.8,0.6,1.0,0.14285714285714285,0.0,0.26666666666666666,0.0625,0.06666666666666667,0.021739130434782608,0.5165082002523155,False,False,False,False,False,True,False,False,False,False,True,False,False,False,True,False
0,0.14754098360655737,0.0,0.02459016393442623,0.4,0.4,0.75,0.047619047619047616,0.0,0.0,0.0,0.0,0.043478260869565216,0.37619619065202003,False,True,True,False,False,False,False,False,True,False,False,True,False,False,True,False
1,0.0,1.0,0.03278688524590164,0.4,0.6,0.25,0.047619047619047616,1.0,0.0,0.1875,0.13333333333333333,0.15217391304347827,0.625403858580264,True,False,False,False,False,True,False,False,True,False,False,False,False,False,False,False
1,0.14754098360655737,1.0,0.06557377049180328,0.4,0.4,0.0,0.047619047619047616,1.0,0.6666666666666666,0.0625,0.0,0.043478260869565216,0.37770392935167235,False,True,False,False,False,True,False,False,True,False,False,True,False,False,True,False
1,0.0,1.0,0.09836065573770492,0.4,0.0,0.5,0.38095238095238093,0.0,0.06666666666666667,0.0625,0.0,0.043478260869565216,0.45253700113849654,False,False,False,False,False,False,False,True,True,False,True,False,False,False,True,False
1,0.01639344262295082,1.0,0.22950819672131148,0.8,0.6,0.0,0.09523809523809523,1.0,0.06666666666666667,0.0625,0.06666666666666667,0.1956521739130435,0.5574633065632788,False,False,False,False,False,False,True,False,True,False,True,False,False,False,True,False
0,0.4426229508196721,0.0,0.14754098360655737,0.4,0.4,0.5,0.38095238095238093,0.0,0.0,0.0625,0.0,0.17391304347826086,0.6381427120834486,True,False,False,True,False,False,False,False,False,False,False,False,False,False,False,False
0,0.45901639344262296,0.0,0.02459016393442623,0.4,0.6,1.0,0.38095238095238093,0.0,0.06666666666666667,0.0625,0.0,0.0,0.8935044155204775,True,False,False,False,True,False,False,False,True,False,False,False,False,True,True,False
0,0.22950819672131148,0.0,0.1721311475409836,0.6,0.6,0.25,0.42857142857142855,1.0,0.3333333333333333,0.125,0.2,0.17391304347826086,0.4689682759469522,True,False,False,False,True,False,False,False,True,False,True,False,False,False,False,False
0,0.0,1.0,0.08196721311475409,0.4,0.4,0.0,0.047619047619047616,0.0,0.2,0.0,0.0,0.15217391304347827,0.43401335425705406,False,True,False,False,False,False,True,False,True,False,True,False,False,False,False,True
0,0.01639344262295082,0.0,0.10655737704918032,0.6,0.6,0.75,0.09523809523809523,0.0,0.2,0.125,0.06666666666666667,0.06521739130434782,0.4536754977076218,False,True,False,False,True,False,False,False,False,False,False,False,True,False,True,False
1,0.22950819672131148,1.0,0.02459016393442623,0.8,0.6,0.5,0.38095238095238093,0.0,0.13333333333333333,0.125,0.06666666666666667,0.043478260869565216,0.5916489738145789,False,False,False,False,False,True,False,False,True,False,True,False,False,False,True,False
0,0.03278688524590164,1.0,0.09016393442622951,0.4,0.6,0.5,0.42857142857142855,0.0,0.0,0.0625,0.0,0.08695652173913043,0.48829194744453674,True,False,False,False,True,False,False,False,True,False,True,False,False,False,False,True
0,0.22950819672131148,1.0,0.04918032786885246,0.8,0.8,0.25,0.38095238095238093,0.0,0.06666666666666667,0.1875,0.06666666666666667,0.2608695652173913,0.7186374965383551,True,False,False,False,False,False,True,False,True,False,False,False,False,False,False,False
0,0.14754098360655737,0.0,0.01639344262295082,0.8,0.6,1.0,0.23809523809523808,0.0,0.2,0.0625,0.06666666666666667,0.06521739130434782,0.4521369888304255,False,False,False,False,True,False,False,False,True,False,False,False,True,False,True,False
1,0.01639344262295082,1.0,0.11475409836065574,0.6,0.6,0.0,0.19047619047619047,1.0,0.9333333333333333,0.375,0.4,0.17391304347826086,0.5255854026277732,False,False,False,False,False,False,False,True,True,False,True,False,False,False,False,True
1,0.0,0.0,0.07377049180327869,0.4,0.6,1.0,0.3333333333333333,0.0,0.0,0.0625,0.0,0.0,0.38650420012923475,False,False,False,False,False,False,False,False,True,False,False,True,False,False,False,True
0,0.06557377049180328,1.0,0.02459016393442623,0.4,0.4,1.0,0.3333333333333333,0.0,0.13333333333333333,0.0,0.0,0.06521739130434782,0.4717683621034493,False,False,False,False,False,False,False,True,True,False,True,False,False,False,False,True
1,0.01639344262295082,0.0,0.08196721311475409,0.8,1.0,1.0,0.09523809523809523,1.0,0.06666666666666667,0.0625,0.06666666666666667,0.17391304347826086,0.4498292255146312,False,True,False,False,False,False,False,True,True,False,False,False,True,False,True,False
0,0.3770491803278688,0.0,0.08196721311475409,0.6,0.6,0.75,0.23809523809523808,0.0,0.06666666666666667,0.0625,0.06666666666666667,0.17391304347826086,0.6124188436567279,True,False,False,False,False,False,False,True,False,False,False,False,False,False,False,False
1,0.0,0.0,0.05737704918032787,0.6,0.4,1.0,0.09523809523809523,0.0,0.0,0.0625,0.0,0.06521739130434782,0.39878150096926057,False,True,False,False,False,False,False,False,True,False,False,True,False,False,False,True
1,0.14754098360655737,0.0,0.03278688524590164,0.4,0.4,0.5,0.047619047619047616,0.0,0.13333333333333333,0.0625,0.0,0.0,0.3513954275516169,True,False,False,False,False,True,False,False,True,False,False,False,True,False,False,True
1,0.03278688524590164,0.0,0.02459016393442623,0.4,0.6,1.0,0.09523809523809523,1.0,0.8,0.0,0.0,0.0,0.4198898427643928,False,False,False,False,False,True,False,False,False,False,False,False,True,False,False,True
1,0.0,1.0,0.07377049180327869,0.4,0.8,0.5,0.0,0.0,0.3333333333333333,0.0625,0.0,0.0,0.3800424628450106,False,False,False,False,False,False,True,False,False,False,False,True,False,False,True,False
1,0.01639344262295082,1.0,0.05737704918032787,0.6,0.6,0.5,0.09523809523809523,1.0,0.2,0.0625,0.06666666666666667,0.021739130434782608,0.47235299547678383,True,False,False,False,False,False,True,False,False,False,False,False,True,False,False,True
0,0.22950819672131148,0.0,0.03278688524590164,0.8,0.6,0.5,0.14285714285714285,0.0,0.26666666666666666,0.125,0.06666666666666667,0.06521739130434782,0.4461983445644481,False,True,False,False,True,False,False,False,False,False,False,False,True,False,True,False
1,0.0,0.0,0.07377049180327869,0.4,0.6,0.25,0.047619047619047616,1.0,0.13333333333333333,0.0,0.0,0.021739130434782608,0.3812117295916797,False,True,False,False,False,False,False,False,True,False,False,True,False,False,False,True
1,0.0,0.0,0.07377049180327869,0.6,0.6,1.0,0.2857142857142857,1.0,0.6,0.0625,0.0,0.0,0.3816732822548386,False,True,False,False,False,True,False,False,False,False,False,True,False,False,False,True
1,0.01639344262295082,1.0,0.09016393442622951,0.6,0.6,0.0,0.09523809523809523,1.0,0.26666666666666666,0.125,0.06666666666666667,0.06521739130434782,0.45610634173359177,False,False,False,False,False,False,True,False,False,False,False,False,True,False,False,True
1,0.14754098360655737,1.0,0.00819672131147541,0.4,0.6,0.75,0.047619047619047616,1.0,0.0,0.0625,0.0,0.043478260869565216,0.374596141419736,False,False,False,True,False,False,False,False,False,False,False,True,False,False,False,True
1,0.0,0.0,0.07377049180327869,0.4,0.6,1.0,0.0,1.0,0.7333333333333333,0.0,0.0,0.043478260869565216,0.3791193575186929,False,False,False,False,False,False,False,False,True,False,False,True,False,False,False,True
1,0.0,0.0,0.07377049180327869,0.4,0.6,0.75,0.047619047619047616,0.0,0.26666666666666666,0.0,0.0,0.0,0.3875811563432721,False,False,False,False,False,False,False,False,True,False,False,True,False,False,True,False
0,0.0,0.0,0.07377049180327869,0.4,0.4,0.75,0.047619047619047616,1.0,0.06666666666666667,0.0,0.0,0.043478260869565216,0.383950275393089,False,True,False,False,False,True,False,False,False,False,False,True,False,False,False,True
0,0.09836065573770492,0.0,0.11475409836065574,0.4,0.4,0.25,0.14285714285714285,0.0,0.4666666666666667,0.0625,0.0,0.043478260869565216,0.41392042832087145,False,True,False,False,False,True,False,False,False,False,False,True,False,False,False,True
0,0.3442622950819672,1.0,0.2459016393442623,0.6,0.4,0.5,0.14285714285714285,0.0,0.6666666666666666,0.0,0.0,0.06521739130434782,0.6924520754484754,True,False,False,False,True,False,False,False,False,False,False,False,False,False,False,False
1,0.0,0.0,0.03278688524590164,0.6,0.4,1.0,0.23809523809523808,0.0,0.13333333333333333,0.0625,0.0,0.043478260869565216,0.43173636111880365,False,True,False,False,True,False,False,False,True,False,False,False,True,False,True,False
0,0.2459016393442623,0.0,0.19672131147540983,0.4,0.6,0.5,0.047619047619047616,0.0,0.06666666666666667,0.125,0.13333333333333333,0.15217391304347827,0.4409981845595249,False,False,False,False,False,True,False,False,True,False,True,False,False,False,False,True
1,0.01639344262295082,1.0,0.040983606557377046,0.6,0.8,0.25,0.09523809523809523,1.0,0.06666666666666667,0.25,0.2,0.06521739130434782,0.7023293024400751,True,False,False,False,False,True,False,False,True,False,False,False,False,False,False,False
1,0.0,0.0,0.07377049180327869,0.6,0.4,0.25,0.047619047619047616,1.0,0.0,0.0625,0.0,0.0,0.38508877196221425,False,True,False,False,False,True,False,False,False,False,False,True,False,False,False,False
0,0.29508196721311475,0.0,0.040983606557377046,0.6,0.6,0.0,0.23809523809523808,1.0,0.26666666666666666,0.0625,0.06666666666666667,0.043478260869565216,0.9850456937136527,True,False,False,False,False,False,False,True,True,False,False,False,False,True,True,False
0,0.3114754098360656,1.0,0.22131147540983606,0.6,0.6,0.75,0.38095238095238093,0.0,0.26666666666666666,0.0625,0.06666666666666667,0.043478260869565216,0.5535862641927444,False,False,False,False,False,True,False,False,True,False,True,False,False,False,False,True
0,0.04918032786885246,1.0,0.07377049180327869,0.6,0.4,0.5,0.23809523809523808,0.0,0.0,0.25,0.4,0.15217391304347827,0.5312163451183113,True,False,False,False,False,False,False,True,True,False,False,False,False,False,True,False
1,0.0,0.0,0.09016393442622951,0.6,0.4,0.5,0.2857142857142857,0.0,0.0,0.0,0.0,0.0,0.6168805194005968,False,False,False,False,True,False,False,False,True,False,False,False,False,False,True,False
0,0.18032786885245902,0.0,0.00819672131147541,0.4,0.4,0.5,0.19047619047619047,1.0,0.2,0.0,0.0,0.0,0.5495861411120342,True,False,False,False,False,True,False,False,False,False,False,False,False,False,False,True
1,0.01639344262295082,0.0,0.06557377049180328,0.8,0.8,0.0,0.09523809523809523,1.0,0.5333333333333333,0.0625,0.06666666666666667,0.021739130434782608,0.4746607587925782,False,False,False,False,False,True,False,False,False,False,False,False,True,False,False,True
1,0.01639344262295082,1.0,0.040983606557377046,0.8,0.6,0.5,0.47619047619047616,0.0,0.26666666666666666,0.125,0.13333333333333333,0.021739130434782608,0.5254623219175975,True,False,False,False,False,True,False,False,False,False,True,False,False,False,False,True
0,0.0,0.0,0.04918032786885246,0.4,0.2,1.0,0.047619047619047616,0.0,0.06666666666666667,0.0625,0.0,0.10869565217391304,0.430782485614942,False,False,False,False,False,True,False,False,True,False,True,False,False,False,True,False
0,0.16393442622950818,0.0,0.06557377049180328,0.6,0.2,0.0,0.19047619047619047,0.0,0.13333333333333333,0.0625,0.06666666666666667,0.021739130434782608,0.4781070186774977,True,False,False,False,False,True,False,False,False,False,False,False,True,False,True,False
1,0.01639344262295082,0.0,0.08196721311475409,0.8,0.6,1.0,0.09523809523809523,1.0,0.4666666666666667,0.0625,0.06666666666666667,0.021739130434782608,0.45841410504938607,False,True,False,False,True,False,False,False,False,False,False,False,True,False,True,False
0,0.4918032786885246,0.0,0.00819672131147541,0.4,0.8,0.5,0.09523809523809523,1.0,0.13333333333333333,0.0625,0.0,0.043478260869565216,0.4818609803378565,False,False,False,False,False,True,False,False,True,False,True,False,False,False,True,False
0,0.2459016393442623,0.0,0.07377049180327869,0.4,0.4,0.0,0.23809523809523808,1.0,0.2,0.0625,0.06666666666666667,0.043478260869565216,0.38508877196221425,False,False,False,False,False,False,False,False,True,False,False,True,False,False,False,True
1,0.0,1.0,0.22131147540983606,0.4,0.6,1.0,0.23809523809523808,0.0,0.26666666666666666,0.0,0.0,0.021739130434782608,0.5137388842733622,False,False,False,False,False,False,True,False,False,False,True,False,False,False,False,True
0,0.2786885245901639,0.0,0.02459016393442623,0.4,0.4,0.5,0.23809523809523808,1.0,0.4666666666666667,0.0,0.06666666666666667,0.043478260869565216,0.6218345179851688,False,False,False,False,True,False,False,False,True,False,False,False,False,False,False,True
1,0.0,0.5,0.08196721311475409,0.6,0.4,0.5,0.047619047619047616,0.0,0.26666666666666666,0.125,0.06666666666666667,0.043478260869565216,0.392073602264685,False,True,True,False,False,False,False,False,False,False,False,True,False,False,True,False
0,0.29508196721311475,0.0,0.07377049180327869,0.4,0.4,0.75,0.38095238095238093,0.0,0.4666666666666667,0.0625,0.0,0.32608695652173914,0.3799501523123788,False,True,False,False,False,True,False,False,True,False,True,False,False,False,True,False
1,0.01639344262295082,0.0,0.040983606557377046,0.8,0.6,1.0,0.09523809523809523,1.0,0.06666666666666667,0.375,0.6,0.17391304347826086,0.4876457737161143,False,False,False,False,False,True,False,False,True,False,False,False,True,False,False,True
0,0.03278688524590164,0.0,0.22950819672131148,0.6,0.4,0.5,0.19047619047619047,0.0,0.06666666666666667,0.0,0.0,0.021739130434782608,0.44109049509215664,False,True,False,False,True,False,False,False,False,False,True,False,False,False,True,False
0,0.26229508196721313,0.0,0.20491803278688525,0.6,0.6,0.25,0.14285714285714285,0.0,0.26666666666666666,0.0625,0.06666666666666667,0.021739130434782608,0.8767038985814949,True,False,False,False,False,True,False,False,False,True,False,False,False,False,False,True
0,0.45901639344262296,0.0,0.19672131147540983,0.8,0.6,0.5,0.19047619047619047,0.0,0.26666666666666666,0.1875,0.26666666666666666,0.17391304347826086,0.9208283331794824,True,False,False,False,True,False,False,False,False,True,False,False,False,False,True,False
0,0.29508196721311475,0.0,0.02459016393442623,0.6,0.6,0.0,0.42857142857142855,0.0,0.8,0.0625,0.6666666666666666,0.17391304347826086,0.8243945967568234,False,False,False,False,True,False,False,False,True,True,False,False,False,False,True,False
0,0.03278688524590164,1.0,0.09016393442622951,0.4,0.6,0.75,0.047619047619047616,1.0,0.2,0.0,0.0,0.15217391304347827,0.5621096033724114,True,False,False,False,False,False,True,False,False,False,True,False,False,False,True,False
1,0.01639344262295082,0.0,0.09836065573770492,0.6,1.0,0.25,0.38095238095238093,0.0,0.2,0.0625,0.06666666666666667,0.08695652173913043,0.48949198436874986,True,False,False,False,True,False,False,False,True,False,False,False,True,False,True,False
1,0.0,0.0,0.03278688524590164,0.4,0.4,0.5,0.0,1.0,0.5333333333333333,0.0625,0.0,0.043478260869565216,0.4360441859749531,False,True,False,False,False,True,False,False,False,False,True,False,False,False,True,False
0,0.19672131147540983,0.0,0.01639344262295082,0.6,0.2,0.0,0.047619047619047616,0.0,0.2,0.0625,0.06666666666666667,0.1956521739130435,0.6192498230714791,True,False,False,False,False,True,False,False,False,False,True,False,False,False,False,True
0,0.16393442622950818,0.0,0.07377049180327869,0.8,0.6,0.75,0.14285714285714285,0.0,0.06666666666666667,0.0625,0.06666666666666667,0.08695652173913043,0.4465675866949752,False,True,False,False,False,True,False,False,True,False,False,False,True,False,False,True
0,0.04918032786885246,0.0,0.02459016393442623,0.6,0.8,0.0,0.19047619047619047,0.0,0.26666666666666666,0.0625,0.06666666666666667,0.17391304347826086,0.8807655620172928,True,False,False,False,False,True,False,False,False,True,False,False,False,False,True,False
0,0.01639344262295082,1.0,0.18032786885245902,0.6,0.6,0.5,0.09523809523809523,0.0,0.26666666666666666,0.125,0.06666666666666667,0.06521739130434782,0.6917443613649651,False,False,False,False,False,True,False,False,False,False,True,False,False,False,False,True
0,0.4098360655737705,0.5,0.05737704918032787,0.6,0.6,0.75,0.09523809523809523,1.0,0.06666666666666667,0.0625,0.06666666666666667,0.2391304347826087,0.8162097295301394,True,False,False,False,False,True,False,False,True,True,False,False,False,False,True,False
0,0.2459016393442623,0.0,0.23770491803278687,0.4,0.6,0.25,0.0,0.0,0.0,0.0,0.0,0.08695652173913043,0.4468752884704144,False,False,True,False,False,False,False,False,False,False,True,False,False,False,False,False
1,0.0,1.0,0.02459016393442623,0.4,0.6,0.75,0.3333333333333333,1.0,0.06666666666666667,0.0625,0.06666666666666667,0.043478260869565216,0.6125419243669036,True,False,False,False,False,False,True,False,True,False,True,False,False,False,False,True
0,0.0,1.0,0.19672131147540983,0.4,0.6,0.0,0.3333333333333333,1.0,0.5333333333333333,0.0,0.0,0.0,0.4356134034893381,False,True,False,False,False,False,True,False,False,False,True,False,False,False,True,False
0,0.0,0.0,0.21311475409836064,0.6,0.0,0.0,0.047619047619047616,1.0,0.06666666666666667,0.0,0.0,0.021739130434782608,0.399827687005754,False,True,False,False,False,True,False,False,False,False,False,True,False,False,False,True
0,0.36065573770491804,1.0,0.2540983606557377,0.8,0.6,0.5,0.19047619047619047,0.0,0.7333333333333333,0.0625,0.06666666666666667,0.021739130434782608,0.7693775193082865,True,False,False,False,True,False,False,False,False,False,False,False,False,False,True,False
0,0.19672131147540983,0.0,0.03278688524590164,0.6,0.6,0.0,0.09523809523809523,1.0,0.8666666666666667,0.125,0.06666666666666667,0.021739130434782608,0.43699806147881476,False,False,False,False,False,True,False,False,True,False,False,False,True,False,True,False
1,0.14754098360655737,0.0,0.20491803278688525,0.4,0.6,0.5,0.23809523809523808,1.0,0.2,0.0,0.0,0.06521739130434782,0.370103695498323,False,True,False,False,False,True,False,False,True,False,False,True,False,False,False,True
1,0.14754098360655737,0.0,0.06557377049180328,0.6,0.4,1.0,0.14285714285714285,1.0,0.2,0.0,0.0,0.06521739130434782,0.3743499799993846,False,True,False,False,False,True,False,False,True,False,False,True,False,False,False,True
0,0.4098360655737705,0.0,0.05737704918032787,0.6,0.4,1.0,0.14285714285714285,1.0,0.06666666666666667,0.125,0.3333333333333333,0.1956521739130435,0.47930705560171083,True,False,True,False,False,False,False,False,True,False,True,False,False,False,True,False
1,0.0,0.0,0.06557377049180328,0.6,0.4,0.5,0.047619047619047616,1.0,0.3333333333333333,0.0,0.0,0.043478260869565216,0.3965045078310102,False,False,False,False,False,True,False,False,False,False,False,True,False,False,True,False
1,0.16393442622950818,1.0,0.09836065573770492,0.8,0.6,0.75,0.2857142857142857,0.0,0.7333333333333333,0.0625,0.06666666666666667,0.17391304347826086,0.6096802978553185,True,False,False,False,False,True,False,False,False,False,False,False,False,False,True,False
0,0.22950819672131148,1.0,0.01639344262295082,0.6,0.4,1.0,0.0,0.0,0.4,0.0,0.0,0.15217391304347827,0.4339518139019662,False,False,False,False,False,False,True,False,False,False,True,False,False,False,True,False
0,0.03278688524590164,0.0,0.07377049180327869,0.6,0.0,0.5,0.2857142857142857,0.0,0.4666666666666667,0.0625,0.0,0.0,0.38311948059940304,False,True,False,False,False,True,False,False,True,False,False,True,False,False,True,False
0,0.01639344262295082,0.0,0.01639344262295082,0.8,0.8,0.75,0.09523809523809523,1.0,0.06666666666666667,0.0625,0.13333333333333333,0.06521739130434782,0.44832148681497885,False,True,True,False,False,False,False,False,False,False,False,False,True,False,False,True
1,0.01639344262295082,0.0,0.22131147540983606,0.6,1.0,0.5,0.09523809523809523,0.0,0.13333333333333333,0.125,0.06666666666666667,0.043478260869565216,0.4551832364072741,False,True,False,False,False,True,False,False,True,False,False,False,True,False,False,True
0,0.09836065573770492,1.0,0.03278688524590164,0.6,0.6,0.75,0.047619047619047616,1.0,0.2,0.125,0.06666666666666667,0.06521739130434782,0.5101080033231792,True,False,False,False,False,False,True,False,True,False,True,False,False,False,True,False
1,0.08196721311475409,0.0,0.11475409836065574,0.6,0.6,0.5,0.09523809523809523,0.0,0.26666666666666666,0.625,1.0,0.1956521739130435,0.9860303393950582,True,False,False,True,False,False,False,False,False,False,False,False,False,True,False,False
0,0.11475409836065574,1.0,0.03278688524590164,0.4,0.8,0.0,0.23809523809523808,0.0,0.06666666666666667,0.0625,0.06666666666666667,0.043478260869565216,0.4932151758515646,True,False,False,False,False,True,False,False,False,False,True,False,False,False,False,True
1,0.06557377049180328,0.0,0.07377049180327869,0.8,0.6,1.0,0.19047619047619047,1.0,0.26666666666666666,0.0625,0.06666666666666667,0.08695652173913043,0.45127542385919567,False,True,False,False,False,True,False,False,True,False,False,False,True,False,False,True
1,0.2459016393442623,0.0,0.07377049180327869,0.4,0.6,0.75,0.09523809523809523,0.0,0.26666666666666666,0.4375,0.4,0.15217391304347827,0.45973722268377487,False,True,False,False,True,False,False,False,True,False,True,False,False,False,True,False
0,0.32786885245901637,0.0,0.16393442622950818,0.6,0.6,0.5,0.2857142857142857,0.0,0.06666666666666667,0.0625,0.06666666666666667,0.06521739130434782,0.7085448783039479,False,False,False,False,True,False,False,False,False,False,False,False,False,False,True,False
1,0.01639344262295082,1.0,0.21311475409836064,0.6,0.8,0.75,0.047619047619047616,1.0,0.8666666666666667,0.3125,0.6666666666666666,0.2391304347826087,0.5261392658235639,True,False,False,False,True,False,False,False,False,False,True,False,False,False,False,True
0,0.3442622950819672,0.0,0.03278688524590164,0.6,0.6,0.5,0.19047619047619047,0.0,0.26666666666666666,0.1875,0.3333333333333333,0.15217391304347827,0.9129203975506939,True,False,False,False,True,False,False,False,False,True,False,False,False,False,True,False
0,0.47540983606557374,0.0,0.03278688524590164,0.6,1.0,0.5,0.23809523809523808,0.0,0.26666666666666666,0.375,0.6,0.2608695652173913,0.9750146158343334,True,False,False,False,True,False,False,False,False,False,False,False,False,True,False,False
0,0.01639344262295082,1.0,0.1885245901639344,0.6,0.2,0.25,0.09523809523809523,0.0,0.4666666666666667,0.0625,0.13333333333333333,0.06521739130434782,0.46702975476168496,True,False,False,False,False,False,True,False,True,False,False,False,True,False,False,True
1,0.03278688524590164,0.0,0.07377049180327869,0.6,0.4,1.0,0.3333333333333333,1.0,0.6666666666666666,0.0625,0.06666666666666667,0.043478260869565216,0.3816732822548386,False,True,False,False,False,False,False,False,True,False,False,True,False,False,False,False
0,0.04918032786885246,1.0,0.1885245901639344,0.6,0.4,1.0,0.0,0.0,0.0,0.125,0.4,0.17391304347826086,0.5665405089387365,False,False,False,False,False,False,False,True,False,False,False,False,False,False,False,False
1,0.0,1.0,0.2459016393442623,0.6,0.8,1.0,0.38095238095238093,0.0,0.4666666666666667,0.0,0.06666666666666667,0.043478260869565216,0.4605987876550047,False,False,False,False,True,False,False,False,True,False,True,False,False,False,False,True
1,0.0,1.0,0.13934426229508196,0.6,0.4,0.5,0.09523809523809523,0.0,0.13333333333333333,0.0,0.0,0.0,0.5588171943752116,True,False,False,False,False,False,True,False,True,False,False,False,False,False,True,False
0,0.13114754098360656,0.0,0.23770491803278687,0.8,0.6,0.75,0.14285714285714285,0.0,0.3333333333333333,0.125,0.06666666666666667,0.06521739130434782,0.45573709960306474,False,True,False,False,True,False,False,False,False,False,False,False,True,False,False,True
1,0.0,0.0,0.07377049180327869,0.4,0.4,0.75,0.0,0.0,0.4,0.0,0.0,0.043478260869565216,0.38222714545062925,False,False,False,False,False,False,False,False,False,False,False,True,False,False,False,True
0,0.36065573770491804,0.0,0.00819672131147541,0.4,0.4,1.0,0.09523809523809523,0.0,0.3333333333333333,0.0625,0.0,0.043478260869565216,0.41785901104649376,False,True,True,False,False,False,False,False,False,False,False,False,True,False,False,False
0,0.01639344262295082,0.0,0.13934426229508196,0.6,0.6,0.0,0.09523809523809523,0.0,0.3333333333333333,0.125,0.06666666666666667,0.021739130434782608,0.4729683990276624,True,False,False,False,True,False,False,False,False,False,False,False,True,False,False,True
0,0.0,1.0,0.04918032786885246,0.4,0.4,0.5,0.2857142857142857,0.0,0.13333333333333333,0.0625,0.0,0.0,0.870888335025693,True,False,False,False,False,False,True,False,True,False,False,False,False,True,True,False
0,0.16393442622950818,0.0,0.09016393442622951,0.6,0.8,0.75,0.14285714285714285,1.0,0.06666666666666667,0.0625,0.06666666666666667,0.06521739130434782,0.6568509800301547,True,False,False,False,True,False,False,False,True,False,True,False,False,False,True,False
0,0.2459016393442623,0.0,0.05737704918032787,0.4,0.4,1.0,0.42857142857142855,0.0,0.13333333333333333,0.3125,0.06666666666666667,0.15217391304347827,0.7184221052955476,True,False,False,False,True,False,False,False,True,False,False,False,False,False,True,False
0,0.14754098360655737,0.0,0.03278688524590164,0.4,0.6,0.25,0.0,0.0,0.13333333333333333,0.0,0.0,0.021739130434782608,0.3706267885165697,False,True,False,False,False,False,False,False,True,False,False,True,False,False,False,True
0,0.06557377049180328,1.0,0.13934426229508196,0.8,0.8,1.0,0.14285714285714285,0.0,0.06666666666666667,0.125,0.06666666666666667,0.17391304347826086,0.6043262869626758,True,False,False,False,False,False,True,False,True,False,False,False,False,False,True,False
1,0.22950819672131148,0.0,0.07377049180327869,0.4,0.4,0.5,0.42857142857142855,1.0,0.06666666666666667,0.0625,0.06666666666666667,0.15217391304347827,0.38342718237484236,False,True,False,False,False,True,False,False,True,False,False,True,False,False,False,False
1,0.01639344262295082,0.0,0.040983606557377046,0.6,0.6,0.5,0.09523809523809523,0.0,0.2,0.0625,0.06666666666666667,0.021739130434782608,0.428320871411428,False,True,False,False,False,True,False,False,True,False,False,False,True,False,False,True
0,0.21311475409836064,1.0,0.00819672131147541,0.4,0.8,0.0,0.09523809523809523,1.0,0.7333333333333333,0.0625,0.0,0.043478260869565216,0.5371549893842887,True,False,False,False,True,False,False,False,True,False,True,False,False,False,True,False
0,0.18032786885245902,0.0,0.09836065573770492,0.8,0.6,1.0,0.3333333333333333,0.0,0.6666666666666666,0.125,0.06666666666666667,0.08695652173913043,0.4908458721806825,True,False,False,False,True,False,False,False,False,False,False,False,True,False,False,False
0,0.2459016393442623,0.5,0.09836065573770492,0.8,0.8,0.25,0.19047619047619047,0.0,0.26666666666666666,0.8125,0.8,0.15217391304347827,0.9735991876673129,True,False,False,False,False,False,False,True,True,False,False,False,False,True,True,False
0,0.4098360655737705,0.0,0.03278688524590164,0.4,0.6,0.5,0.09523809523809523,1.0,0.2,0.0,0.0,0.08695652173913043,0.5529093202867781,True,False,False,False,True,False,False,False,True,False,False,False,False,False,False,False
0,0.21311475409836064,0.0,0.09016393442622951,0.8,0.6,0.75,1.0,0.0,0.3333333333333333,0.125,0.06666666666666667,0.08695652173913043,0.5933105634019508,False,False,False,False,False,True,False,False,True,False,True,False,False,False,False,True
0,0.45901639344262296,0.5,0.1721311475409836,0.6,0.6,0.75,0.14285714285714285,0.0,0.3333333333333333,0.1875,0.06666666666666667,0.043478260869565216,0.7146373734576448,True,False,False,False,True,False,False,False,True,False,False,False,False,False,True,False
1,0.01639344262295082,0.0,0.2540983606557377,0.8,0.8,0.75,0.047619047619047616,0.0,0.06666666666666667,0.125,0.06666666666666667,0.10869565217391304,0.4916766669743684,False,False,False,False,True,False,False,False,True,False,False,False,True,False,False,True
0,0.09836065573770492,1.0,0.02459016393442623,0.8,0.8,0.75,0.047619047619047616,0.0,0.26666666666666666,0.1875,0.13333333333333333,0.06521739130434782,0.4544447521462199,False,True,False,False,True,False,False,False,True,False,False,False,True,False,True,False
1,0.01639344262295082,0.0,0.09016393442622951,0.8,0.6,1.0,0.23809523809523808,0.0,0.4666666666666667,0.0625,0.06666666666666667,0.17391304347826086,0.5491245884488754,False,False,False,False,False,True,False,False,True,False,True,False,False,False,True,False
1,0.14754098360655737,0.0,0.00819672131147541,0.4,0.4,0.5,0.0,0.0,0.2,0.0,0.0,0.10869565217391304,0.3710268008246408,False,True,False,True,False,False,False,False,True,False,False,True,False,False,False,True
0,0.3442622950819672,1.0,0.040983606557377046,0.6,0.6,0.5,0.47619047619047616,1.0,0.13333333333333333,0.0625,0.7333333333333333,0.30434782608695654,0.8083325640788946,False,False,False,False,True,False,False,False,False,True,False,False,False,False,True,False
0,0.21311475409836064,0.0,0.01639344262295082,0.8,0.6,0.0,0.09523809523809523,1.0,0.3333333333333333,0.25,0.3333333333333333,0.1956521739130435,0.5837718083633342,False,False,False,False,False,True,False,False,True,False,True,False,False,False,True,False
0,0.04918032786885246,0.0,0.00819672131147541,0.6,0.4,0.75,0.047619047619047616,0.0,0.13333333333333333,0.0,0.0,0.15217391304347827,0.423028400873873,False,True,False,False,True,False,False,False,True,False,False,False,True,False,True,False
1,0.0,1.0,0.08196721311475409,0.6,0.4,1.0,0.0,1.0,0.4,0.0,0.0,0.06521739130434782,0.5607557155604788,True,False,False,False,False,False,True,False,False,False,True,False,False,False,False,True
0,0.2786885245901639,0.0,0.09836065573770492,0.6,0.8,0.5,0.09523809523809523,0.0,0.06666666666666667,0.0625,0.06666666666666667,0.021739130434782608,0.546386042647466,False,False,False,False,False,True,False,False,False,False,True,False,False,False,True,False
1,0.0,1.0,0.22950819672131148,0.4,0.4,0.0,0.047619047619047616,0.0,0.7333333333333333,0.0,0.0,0.1956521739130435,0.5427551616972829,True,False,False,False,False,False,True,False,False,False,False,False,False,False,True,False
0,0.01639344262295082,1.0,0.12295081967213115,0.8,0.6,0.75,0.09523809523809523,0.0,0.2,0.0625,0.06666666666666667,0.021739130434782608,0.44718299024585373,False,False,False,False,False,True,False,False,False,False,False,False,True,False,False,False
1,0.13114754098360656,0.0,0.02459016393442623,0.8,0.6,0.75,0.09523809523809523,1.0,0.13333333333333333,0.1875,0.13333333333333333,0.08695652173913043,0.4566909751069263,False,False,False,False,True,False,False,False,True,False,False,False,True,False,True,False
0,0.01639344262295082,0.0,0.040983606557377046,0.8,0.8,0.5,0.09523809523809523,1.0,0.3333333333333333,0.0625,0.06666666666666667,0.043478260869565216,0.4635834948767654,False,False,False,False,True,False,False,False,True,False,False,False,True,False,True,False
1,0.0,0.0,0.07377049180327869,0.4,0.4,0.75,0.09523809523809523,1.0,0.13333333333333333,0.0625,0.0,0.043478260869565216,0.38071940675097693,False,True,False,False,False,False,False,False,True,False,False,True,False,False,True,False
0,0.4262295081967213,0.0,0.03278688524590164,0.6,0.8,0.0,0.38095238095238093,0.0,0.3333333333333333,0.1875,0.13333333333333333,0.06521739130434782,0.48346102957014064,True,False,False,False,False,True,False,False,False,False,False,False,True,False,False,True
0,0.16393442622950818,0.0,0.16393442622950818,0.4,0.4,0.5,0.14285714285714285,0.0,0.4,0.0,0.0,0.043478260869565216,0.4851841595126004,True,False,False,False,False,True,False,False,True,False,True,False,False,False,True,False
0,0.0,0.0,0.09016393442622951,0.6,0.2,0.5,0.047619047619047616,0.0,0.4666666666666667,0.0625,0.0,0.043478260869565216,0.4155512477306994,False,True,False,False,True,False,False,False,True,False,False,True,False,False,False,True
1,0.01639344262295082,0.0,0.2540983606557377,0.8,0.8,0.75,0.047619047619047616,0.0,0.06666666666666667,0.0625,0.06666666666666667,0.10869565217391304,0.4916766669743684,False,False,False,False,True,False,False,False,True,False,False,False,True,False,False,True
1,0.01639344262295082,0.5,0.20491803278688525,0.6,0.6,1.0,0.47619047619047616,1.0,0.3333333333333333,0.125,0.06666666666666667,0.06521739130434782,0.6907904858611034,False,False,False,False,False,False,False,True,False,False,False,False,False,False,True,False
0,0.04918032786885246,1.0,0.09016393442622951,0.6,0.6,0.5,0.047619047619047616,0.0,0.4666666666666667,0.0,0.0,0.08695652173913043,0.5101080033231792,True,False,False,False,False,False,True,False,True,False,True,False,False,False,True,False
1,0.01639344262295082,1.0,0.09016393442622951,0.6,1.0,0.75,0.09523809523809523,0.0,0.2,0.125,0.13333333333333333,0.06521739130434782,0.46955290932028676,True,False,False,False,False,False,True,False,False,False,False,False,True,False,False,True
1,0.01639344262295082,0.0,0.1557377049180328,0.6,0.6,0.5,0.09523809523809523,1.0,0.2,0.25,0.4666666666666667,0.17391304347826086,0.45829102433921043,False,True,False,False,False,True,False,False,False,False,False,False,True,False,False,True
1,0.01639344262295082,0.0,0.05737704918032787,0.6,0.6,0.75,0.047619047619047616,0.0,0.4666666666666667,0.0625,0.06666666666666667,0.06521739130434782,0.4591525893104403,False,False,False,False,True,False,False,False,False,False,False,False,True,False,False,True
0,0.09836065573770492,0.0,0.05737704918032787,0.8,0.8,0.75,0.19047619047619047,0.0,0.13333333333333333,0.125,0.13333333333333333,0.13043478260869565,0.5654943229022431,True,False,False,False,False,True,False,False,False,False,True,False,False,False,True,False
1,0.0,0.0,0.2459016393442623,0.6,0.6,0.75,0.0,0.0,0.0,0.0625,0.0,0.08695652173913043,0.4147512231145573,False,False,False,False,False,False,False,False,True,False,False,True,False,False,False,True
0,0.45901639344262296,0.0,0.02459016393442623,0.6,0.4,0.75,0.14285714285714285,0.0,0.4666666666666667,0.0625,0.0,0.06521739130434782,0.6454352441613588,False,False,False,False,False,True,False,False,True,False,False,False,False,False,False,False
0,0.03278688524590164,0.0,0.02459016393442623,0.4,0.4,0.0,0.047619047619047616,0.0,0.5333333333333333,0.0,0.0,0.06521739130434782,0.5801101572356072,False,False,False,False,False,True,False,False,True,False,True,False,False,False,True,False
1,0.01639344262295082,1.0,0.01639344262295082,0.8,0.8,0.75,0.09523809523809523,1.0,0.06666666666666667,0.125,0.06666666666666667,0.06521739130434782,0.45152158527954706,False,False,True,False,False,False,False,False,False,False,False,False,True,False,False,True
0,0.18032786885245902,0.0,0.09016393442622951,0.6,0.4,0.5,0.14285714285714285,0.0,0.5333333333333333,0.0,0.0,0.0,0.6099879996307579,True,False,False,False,True,False,False,False,False,False,True,False,False,False,True,False
1,0.0,1.0,0.00819672131147541,0.6,0.4,0.5,0.14285714285714285,0.0,0.26666666666666666,0.0625,0.0,0.043478260869565216,0.39721222191452044,False,False,True,False,False,False,False,False,True,False,False,True,False,False,False,False
0,0.06557377049180328,0.0,0.20491803278688525,0.6,0.6,1.0,0.047619047619047616,0.0,0.5333333333333333,0.0,0.0,0.17391304347826086,0.5173082248684575,True,False,False,False,True,False,False,False,False,False,True,False,False,False,False,True
1,0.08196721311475409,0.0,0.03278688524590164,0.6,1.0,0.25,0.23809523809523808,1.0,0.2,0.0625,0.06666666666666667,0.021739130434782608,0.4701067725160774,True,False,False,False,False,True,False,False,False,False,False,False,True,False,True,False
0,0.11475409836065574,0.0,0.2459016393442623,0.4,0.4,0.5,0.19047619047619047,0.0,0.13333333333333333,0.3125,0.4,0.15217391304347827,0.47475306932520994,True,False,False,False,True,False,False,False,True,False,True,False,False,False,True,False
0,0.22950819672131148,0.0,0.06557377049180328,0.4,0.8,0.5,0.047619047619047616,0.0,0.26666666666666666,0.0625,0.26666666666666666,0.21739130434782608,0.9222745315240469,False,False,False,False,False,True,False,False,False,False,False,False,False,True,True,False
1,0.09836065573770492,1.0,0.11475409836065574,0.6,0.6,1.0,0.047619047619047616,1.0,0.13333333333333333,0.0625,0.8666666666666667,0.32608695652173914,0.8079633219483676,False,False,False,False,False,True,False,False,True,True,False,False,False,False,False,True
1,0.2786885245901639,1.0,0.21311475409836064,0.8,0.6,1.0,0.3333333333333333,1.0,0.2,0.0625,0.13333333333333333,0.06521739130434782,0.7061140342779777,True,False,False,False,False,True,False,False,True,False,False,False,False,False,False,True
0,0.14754098360655737,0.5,0.20491803278688525,0.4,0.4,0.75,0.047619047619047616,0.0,0.3333333333333333,0.0,0.0,0.08695652173913043,0.3746884519523678,False,True,False,False,False,False,False,False,True,False,False,True,False,False,False,True
0,0.19672131147540983,0.0,0.06557377049180328,0.8,0.8,0.5,0.14285714285714285,0.0,0.06666666666666667,0.1875,0.4666666666666667,0.17391304347826086,0.5483553340102773,False,False,False,False,False,True,False,False,True,False,True,False,False,False,True,False
1,0.01639344262295082,0.0,0.03278688524590164,0.6,0.8,1.0,0.38095238095238093,0.0,0.06666666666666667,0.125,0.06666666666666667,0.021739130434782608,0.46342964398904585,False,False,False,False,True,False,False,False,True,False,False,False,True,False,False,True
1,0.01639344262295082,1.0,0.16393442622950818,0.8,0.6,0.5,0.047619047619047616,1.0,0.5333333333333333,0.25,0.2,0.06521739130434782,0.5266008184867226,False,False,False,False,False,False,True,False,False,False,True,False,False,False,False,False
0,0.2459016393442623,0.0,0.03278688524590164,0.8,0.8,0.5,0.14285714285714285,1.0,0.4666666666666667,0.0625,0.06666666666666667,0.17391304347826086,0.5942028985507246,False,False,False,False,False,False,False,True,False,False,True,False,False,False,False,True
0,0.16393442622950818,0.0,0.09836065573770492,0.6,0.6,1.0,0.38095238095238093,1.0,0.2,0.1875,0.3333333333333333,0.17391304347826086,0.6406658666420505,True,False,False,False,False,True,False,False,True,False,False,False,False,False,True,False
1,0.18032786885245902,0.0,0.00819672131147541,0.6,0.6,0.5,0.42857142857142855,1.0,0.13333333333333333,0.0,0.0,0.0,0.4732761008031016,True,False,False,False,False,True,False,False,True,False,False,False,False,False,False,True
1,0.32786885245901637,0.0,0.13114754098360656,0.8,0.6,0.75,0.47619047619047616,1.0,0.5333333333333333,0.125,0.26666666666666666,0.08695652173913043,0.5373396104495523,True,False,False,False,False,True,False,False,False,False,False,False,True,False,False,False
0,0.09836065573770492,1.0,0.14754098360655737,0.4,0.4,0.5,0.047619047619047616,0.0,0.0,0.0625,0.3333333333333333,0.0,0.8444567525154619,False,False,False,False,False,True,False,False,True,True,False,False,False,False,False,True
1,0.0,0.0,0.12295081967213115,0.4,0.6,0.75,0.047619047619047616,1.0,0.8666666666666667,0.0625,0.0,0.043478260869565216,0.4228745499861534,False,True,False,False,False,False,False,True,True,False,False,False,True,False,True,False
1,0.11475409836065574,0.0,0.13114754098360656,0.6,0.4,0.25,0.047619047619047616,0.0,0.0,0.0,0.0,0.10869565217391304,0.5531862518846734,True,False,False,False,True,False,False,False,False,False,False,False,False,False,False,False
1,0.11475409836065574,0.0,0.07377049180327869,0.4,0.4,1.0,0.19047619047619047,0.0,0.06666666666666667,0.0625,0.0,0.043478260869565216,0.3803809347979938,False,True,False,False,False,True,False,False,True,False,False,True,False,False,False,False
0,0.18032786885245902,1.0,0.12295081967213115,0.6,0.4,0.75,0.0,0.0,0.0,0.3125,0.4,0.15217391304347827,0.6130650173851503,True,False,False,False,False,True,False,False,True,False,True,False,False,False,True,False
1,0.01639344262295082,0.0,0.10655737704918032,0.8,1.0,0.75,0.2857142857142857,0.0,0.3333333333333333,0.125,0.06666666666666667,0.021739130434782608,0.5316163574263824,True,False,False,False,True,False,False,False,False,False,True,False,False,False,False,False
0,0.2786885245901639,0.0,0.23770491803278687,0.6,0.2,0.75,0.2857142857142857,0.0,0.13333333333333333,0.125,0.06666666666666667,0.06521739130434782,0.5346626050032308,True,False,True,False,False,False,False,False,True,False,False,False,True,False,True,False
1,0.0,1.0,0.09016393442622951,0.4,0.6,1.0,0.42857142857142855,0.0,0.4,0.0,0.3333333333333333,0.0,0.6248192252069295,True,False,False,False,True,False,False,False,True,False,False,False,False,False,True,False
1,0.0,1.0,0.00819672131147541,0.6,0.6,0.5,0.2857142857142857,1.0,0.5333333333333333,0.0,0.0,0.043478260869565216,0.39385827256223266,False,True,False,False,False,False,False,False,False,False,False,True,False,False,True,False
0,0.06557377049180328,1.0,0.04918032786885246,0.6,0.4,0.0,0.047619047619047616,0.0,0.0,0.0,0.0,0.043478260869565216,0.47619926766977444,True,False,False,False,False,True,False,False,False,False,True,False,False,False,True,False
1,0.16393442622950818,0.0,0.1885245901639344,0.8,0.6,0.75,0.23809523809523808,0.0,0.8,0.125,0.2,0.06521739130434782,0.6592818240561248,True,False,False,False,True,False,False,False,False,False,True,False,False,False,True,False
1,0.0,1.0,0.07377049180327869,0.6,0.8,1.0,0.0,0.0,0.6666666666666666,0.0625,0.0,0.0,0.37924243822886855,False,False,True,False,False,False,False,False,False,False,False,True,False,False,False,True
1,0.01639344262295082,0.0,0.040983606557377046,0.8,0.6,1.0,0.09523809523809523,1.0,0.06666666666666667,0.625,0.6,0.17391304347826086,0.4876457737161143,False,False,False,False,False,True,False,False,True,False,False,False,True,False,False,True
1,0.0,0.0,0.07377049180327869,0.4,0.0,0.5,0.14285714285714285,1.0,0.2,0.0,0.0,0.06521739130434782,0.38253484722606845,False,False,False,False,False,True,False,False,False,False,False,True,False,False,False,True
0,0.14754098360655737,0.0,0.02459016393442623,0.4,0.4,0.0,0.047619047619047616,1.0,0.8,0.0625,0.0,0.0,0.36007261761900367,False,False,False,False,False,True,False,False,True,False,False,False,True,False,True,False
1,0.01639344262295082,0.5,0.12295081967213115,0.6,0.8,1.0,0.23809523809523808,1.0,0.3333333333333333,0.125,0.13333333333333333,0.021739130434782608,0.45647558386411885,False,True,False,False,False,False,False,True,True,False,False,False,True,False,True,False
1,0.0,1.0,0.20491803278688525,0.4,0.6,0.75,0.0,1.0,0.8,0.25,0.6,0.21739130434782608,0.44921382196375276,False,True,False,False,True,False,False,False,False,False,True,False,False,False,False,True
1,0.06557377049180328,0.0,0.09016393442622951,0.6,0.6,1.0,0.19047619047619047,0.0,0.26666666666666666,0.125,0.06666666666666667,0.021739130434782608,0.44672143758269484,False,True,False,False,False,True,False,False,True,False,False,False,True,False,False,True
0,0.09836065573770492,1.0,0.07377049180327869,0.4,0.4,0.5,0.0,0.0,0.06666666666666667,0.0625,0.0,0.043478260869565216,0.5262931167112834,True,False,False,False,False,False,True,False,True,False,True,False,False,False,True,False
0,0.4262295081967213,0.0,0.01639344262295082,0.8,0.8,0.5,0.047619047619047616,0.0,0.26666666666666666,0.5,0.7333333333333333,0.21739130434782608,1.0,True,False,False,False,False,True,False,False,True,False,False,False,False,True,True,False
1,0.0,0.0,0.02459016393442623,0.4,0.8,0.0,0.23809523809523808,1.0,0.13333333333333333,0.0625,0.06666666666666667,0.043478260869565216,0.4142896704513985,False,True,False,False,False,False,False,False,True,False,False,True,False,False,True,False
0,0.14754098360655737,0.0,0.19672131147540983,0.6,0.4,0.75,0.19047619047619047,0.0,0.06666666666666667,0.0,0.0,0.043478260869565216,0.3705344779839379,False,False,False,False,False,False,False,False,True,False,True,False,False,False,True,False
0,0.11475409836065574,0.0,0.16393442622950818,0.4,0.4,0.75,0.19047619047619047,0.0,0.13333333333333333,0.1875,0.26666666666666666,0.21739130434782608,0.4444444444444444,False,False,False,False,True,False,False,False,False,False,True,False,False,False,True,False
0,0.09836065573770492,0.0,0.06557377049180328,0.4,0.4,0.5,0.047619047619047616,0.0,0.6,0.0,0.06666666666666667,0.17391304347826086,0.49133819502138526,False,False,False,False,False,True,False,False,True,False,True,False,False,False,True,False
1,0.29508196721311475,1.0,0.02459016393442623,0.4,0.4,0.0,0.19047619047619047,0.0,0.3333333333333333,0.0625,0.4,0.06521739130434782,0.4664758915658943,True,False,False,False,True,False,False,False,True,False,True,False,False,False,False,True
0,0.36065573770491804,0.0,0.19672131147540983,0.6,0.6,0.0,0.19047619047619047,0.0,0.26666666666666666,0.0625,0.26666666666666666,0.17391304347826086,0.9130742484384134,False,False,False,False,True,False,False,False,False,True,False,False,False,False,True,False
0,0.16393442622950818,0.5,0.07377049180327869,0.4,0.4,0.75,0.09523809523809523,0.0,0.13333333333333333,0.25,0.2,0.15217391304347827,0.43296716822056064,False,True,False,False,False,False,False,True,True,False,True,False,False,False,True,False
1,0.0,0.0,0.07377049180327869,0.6,0.4,0.5,0.047619047619047616,0.0,0.06666666666666667,0.125,0.06666666666666667,0.043478260869565216,0.388011938828887,False,False,False,False,False,False,False,False,True,False,False,True,False,False,False,False
0,0.04918032786885246,0.0,0.07377049180327869,0.6,0.6,1.0,0.19047619047619047,0.0,0.26666666666666666,0.0625,0.06666666666666667,0.06521739130434782,0.4480753253946275,False,True,False,False,False,True,False,False,True,False,False,False,True,False,False,True
1,0.11475409836065574,0.0,0.07377049180327869,0.4,0.4,1.0,0.19047619047619047,0.0,0.06666666666666667,0.0625,0.0,0.043478260869565216,0.3803809347979938,False,True,False,False,False,True,False,False,True,False,False,True,False,False,True,False
1,0.0,1.0,0.10655737704918032,0.4,0.4,0.0,0.14285714285714285,1.0,0.8666666666666667,0.1875,0.3333333333333333,0.15217391304347827,0.4486599587679621,False,False,False,False,False,False,False,True,True,False,True,False,False,False,False,True
1,0.01639344262295082,0.0,0.07377049180327869,0.6,0.6,0.5,0.09523809523809523,1.0,0.4,0.0625,0.06666666666666667,0.06521739130434782,0.4734299516908213,False,False,False,False,False,True,False,False,False,False,False,False,True,False,True,False
1,0.0,0.0,0.01639344262295082,0.4,0.4,0.0,0.42857142857142855,1.0,0.2,0.125,0.06666666666666667,0.043478260869565216,0.4549986153420105,False,True,False,False,True,False,False,False,True,False,False,False,True,False,True,False
1,0.01639344262295082,0.0,0.22131147540983606,0.6,0.6,0.25,0.09523809523809523,1.0,0.9333333333333333,0.125,0.06666666666666667,0.043478260869565216,0.47062986553432407,True,False,False,False,False,True,False,False,True,False,False,False,True,False,False,True
1,0.0,1.0,0.04918032786885246,0.4,0.6,0.5,0.047619047619047616,1.0,0.0,0.0,0.0,0.06521739130434782,0.4844456752515462,True,False,False,False,False,False,True,False,True,False,True,False,False,False,False,True
0,0.0,0.0,0.07377049180327869,0.4,0.8,0.5,0.047619047619047616,0.0,0.5333333333333333,0.0625,0.0,0.043478260869565216,0.4498907658697191,False,False,False,False,False,True,False,False,True,False,False,False,True,False,True,False
0,0.08196721311475409,0.0,0.06557377049180328,0.6,0.2,0.75,0.047619047619047616,0.0,0.6,0.0,0.0,0.06521739130434782,0.39367365149696915,False,False,False,False,False,True,False,False,True,False,False,True,False,False,False,False
0,0.06557377049180328,0.0,0.03278688524590164,0.8,0.8,1.0,0.047619047619047616,0.0,0.4,0.0625,0.06666666666666667,0.17391304347826086,0.5374934613372719,False,False,True,False,False,False,False,False,False,False,False,False,True,False,False,True
0,0.29508196721311475,1.0,0.02459016393442623,0.4,0.8,0.5,0.0,0.0,0.13333333333333333,0.0625,0.13333333333333333,0.021739130434782608,0.511769592910551,True,False,True,False,False,False,False,False,True,False,True,False,False,False,False,True
0,0.14754098360655737,1.0,0.07377049180327869,0.4,0.4,0.0,0.19047619047619047,0.0,0.13333333333333333,0.0625,0.0,0.15217391304347827,0.46398350718483644,False,False,True,False,False,False,False,False,True,False,True,False,False,False,True,False
0,0.14754098360655737,0.5,0.02459016393442623,0.6,0.6,0.0,0.047619047619047616,0.0,0.6666666666666666,0.0625,0.0,0.17391304347826086,0.4272746853749346,False,False,False,False,False,False,False,True,True,False,True,False,False,False,False,True
0,0.26229508196721313,0.0,0.00819672131147541,0.4,0.4,0.25,0.19047619047619047,0.0,0.13333333333333333,0.0625,0.06666666666666667,0.043478260869565216,0.47884550293855194,False,False,False,False,False,True,False,False,False,False,True,False,False,False,False,False
0,0.04918032786885246,0.0,0.1721311475409836,0.6,0.6,0.0,0.23809523809523808,0.0,0.13333333333333333,0.125,0.06666666666666667,0.06521739130434782,0.5157697159912613,True,False,True,False,False,False,False,False,True,False,True,False,False,False,True,False
1,0.01639344262295082,0.0,0.03278688524590164,0.8,0.6,0.75,0.09523809523809523,0.0,0.13333333333333333,0.125,0.06666666666666667,0.021739130434782608,0.4274900766177421,False,True,False,False,False,True,False,False,True,False,False,False,True,False,False,True
1,0.14754098360655737,1.0,0.09016393442622951,0.6,0.4,0.75,0.23809523809523808,0.0,0.6666666666666666,0.0,0.0,0.15217391304347827,0.5327548539955075,True,False,False,False,False,True,False,False,False,False,False,False,False,False,True,False
0,0.16393442622950818,1.0,0.18032786885245902,0.6,0.4,0.0,0.23809523809523808,0.0,0.26666666666666666,0.0625,0.0,0.0,0.3991815132773316,False,False,False,False,False,False,False,False,False,False,False,True,False,False,True,False
1,0.0,0.0,0.05737704918032787,0.6,0.6,0.0,0.047619047619047616,1.0,0.4666666666666667,0.0,0.0,0.0,0.39773531493276715,False,False,False,False,False,True,False,False,False,False,False,True,False,False,False,True
1,0.06557377049180328,0.0,0.10655737704918032,0.4,0.4,0.5,0.047619047619047616,0.0,0.26666666666666666,0.5625,0.9333333333333333,0.17391304347826086,0.9091048955352472,True,False,False,True,False,False,False,False,False,False,False,False,False,True,False,False
0,0.21311475409836064,0.0,0.02459016393442623,0.6,0.6,0.5,0.09523809523809523,0.0,0.2,0.0,0.06666666666666667,0.043478260869565216,0.394135204160128,False,True,False,False,False,True,False,False,True,False,False,True,False,False,False,True
0,0.4918032786885246,0.0,0.09016393442622951,0.6,0.6,0.25,0.38095238095238093,0.0,0.06666666666666667,0.0625,0.06666666666666667,0.043478260869565216,0.7262685005692482,True,False,False,False,True,False,False,False,True,True,False,False,False,False,False,False
1,0.21311475409836064,1.0,0.10655737704918032,0.6,0.6,0.0,0.09523809523809523,0.0,0.5333333333333333,0.0625,0.4666666666666667,0.17391304347826086,0.6201421582202529,True,False,False,False,False,False,True,False,False,False,False,False,False,False,True,False
0,0.45901639344262296,0.0,0.040983606557377046,0.2,0.4,0.5,0.0,1.0,0.3333333333333333,0.0,0.0,0.043478260869565216,0.43185944182897934,False,True,False,False,False,True,False,False,True,False,True,False,False,False,False,False
0,0.14754098360655737,0.5,0.02459016393442623,0.6,0.6,0.0,0.047619047619047616,0.0,0.6666666666666666,0.0625,0.0,0.17391304347826086,0.4272746853749346,False,False,False,False,False,False,False,True,True,False,True,False,False,False,False,True
0,0.36065573770491804,0.0,0.01639344262295082,0.8,0.8,0.25,0.3333333333333333,0.0,0.26666666666666666,0.125,0.06666666666666667,0.021739130434782608,0.9466445121388349,True,False,False,False,False,True,False,False,True,False,False,False,False,True,False,True
0,0.14754098360655737,0.0,0.02459016393442623,0.4,0.6,1.0,0.19047619047619047,0.0,0.13333333333333333,0.0,0.0,0.08695652173913043,0.3746576817748238,False,True,False,True,False,False,False,False,True,False,True,False,False,False,False,True
1,0.0,0.0,0.07377049180327869,0.4,0.4,0.5,0.047619047619047616,0.0,0.6,0.0625,0.0,0.0,0.3808424874611527,False,True,False,False,False,False,False,False,True,False,False,True,False,False,True,False
1,0.0,0.0,0.07377049180327869,0.6,0.6,1.0,0.047619047619047616,1.0,0.26666666666666666,0.0625,0.0,0.0,0.3877042370534478,False,True,False,False,False,False,False,False,False,False,False,True,False,False,False,True
1,0.14754098360655737,0.0,0.02459016393442623,0.6,0.4,0.75,0.047619047619047616,0.0,0.06666666666666667,0.0625,0.0,0.0,0.35056463275793104,True,False,False,False,False,True,False,False,True,False,False,False,True,False,False,True
1,0.14754098360655737,0.0,0.00819672131147541,0.6,0.8,0.75,0.3333333333333333,1.0,0.13333333333333333,0.0625,0.13333333333333333,0.15217391304347827,0.3758884888765808,False,True,False,False,False,True,False,False,False,False,False,True,False,False,False,True
0,0.4098360655737705,0.0,0.01639344262295082,0.4,0.8,1.0,0.19047619047619047,0.0,0.6666666666666666,0.3125,0.8,0.1956521739130435,0.6149112280377858,False,False,False,False,True,False,False,False,False,False,False,False,False,False,False,True
0,0.13114754098360656,1.0,0.02459016393442623,0.6,0.6,0.0,0.09523809523809523,0.0,0.7333333333333333,0.1875,0.13333333333333333,0.06521739130434782,0.68888273485338,True,False,False,False,False,False,True,False,True,False,False,False,False,False,False,True
1,0.01639344262295082,0.0,0.03278688524590164,0.6,0.8,0.25,0.09523809523809523,0.0,0.8,0.0625,0.06666666666666667,0.021739130434782608,0.4185359549524601,False,True,False,False,False,True,False,False,True,False,False,False,True,False,False,True
0,0.3770491803278688,0.0,0.01639344262295082,0.6,0.8,0.5,0.38095238095238093,1.0,0.13333333333333333,0.0625,0.06666666666666667,0.17391304347826086,0.814301978522416,True,False,False,True,False,False,False,False,False,True,False,False,False,False,False,True
1,0.3114754098360656,0.0,0.12295081967213115,0.6,0.4,0.75,0.42857142857142855,1.0,0.4666666666666667,0.0625,0.2,0.06521739130434782,0.4604141665897412,True,False,False,False,False,True,False,False,False,False,False,False,True,False,False,False
0,0.13114754098360656,1.0,0.07377049180327869,0.6,0.4,0.25,0.047619047619047616,0.0,0.3333333333333333,0.0,0.0,0.043478260869565216,0.3868426720822179,False,True,False,False,False,True,False,False,False,False,False,True,False,False,False,False
0,0.26229508196721313,0.0,0.10655737704918032,0.4,0.6,0.75,0.047619047619047616,0.0,0.0,0.0,0.06666666666666667,0.1956521739130435,0.7488230407089449,True,False,False,False,False,True,False,False,True,True,False,False,False,False,True,False
1,0.29508196721311475,0.0,0.02459016393442623,0.6,0.4,1.0,0.23809523809523808,1.0,0.26666666666666666,0.0625,0.0,0.08695652173913043,0.9187667312840394,True,False,False,False,True,False,False,False,True,False,False,False,False,True,False,False
1,0.14754098360655737,1.0,0.1885245901639344,0.4,0.4,0.5,0.047619047619047616,1.0,0.5333333333333333,0.0,0.0,0.0,0.3592418228253177,True,False,False,False,False,False,True,False,True,False,False,False,True,False,False,True
1,0.01639344262295082,1.0,0.01639344262295082,0.8,1.0,1.0,0.047619047619047616,0.0,0.7333333333333333,0.125,0.06666666666666667,0.021739130434782608,0.45616788208867964,False,False,True,False,False,False,False,False,False,False,False,False,True,False,False,True
1,0.2786885245901639,1.0,0.21311475409836064,0.8,0.6,1.0,0.3333333333333333,1.0,0.2,0.1875,0.13333333333333333,0.06521739130434782,0.7061140342779777,True,False,False,False,False,True,False,False,True,False,False,False,False,False,False,True
1,0.01639344262295082,0.0,0.09016393442622951,0.6,0.6,1.0,0.38095238095238093,0.0,0.8,0.125,0.06666666666666667,0.10869565217391304,0.513861964983538,True,False,False,False,True,False,False,False,False,False,False,False,True,False,False,True
1,0.0,0.0,0.07377049180327869,0.4,0.6,0.0,0.23809523809523808,0.0,0.06666666666666667,0.0625,0.0,0.06521739130434782,0.38053478568571336,False,True,True,False,False,False,False,False,True,False,False,True,False,False,True,False
1,0.2786885245901639,0.0,0.03278688524590164,0.8,0.8,0.0,0.047619047619047616,0.0,0.4,0.125,0.06666666666666667,0.06521739130434782,0.6975291547432229,True,False,False,True,False,False,False,False,False,False,False,False,False,False,True,False
1,0.01639344262295082,1.0,0.07377049180327869,0.6,0.6,0.75,0.09523809523809523,0.0,0.2,0.125,0.06666666666666667,0.021739130434782608,0.46706052493922884,True,False,False,False,False,False,True,False,True,False,False,False,True,False,False,True
0,0.06557377049180328,1.0,0.04918032786885246,0.6,0.4,0.0,0.047619047619047616,0.0,0.0,0.0,0.0,0.043478260869565216,0.47619926766977444,True,False,False,False,False,True,False,False,False,False,True,False,False,False,True,False
0,0.14754098360655737,1.0,0.07377049180327869,0.6,0.6,0.0,0.09523809523809523,1.0,0.06666666666666667,0.125,0.06666666666666667,0.21739130434782608,0.544755223237638,True,False,False,False,False,True,False,False,False,False,True,False,False,False,True,False
1,0.3114754098360656,0.0,0.07377049180327869,0.6,0.4,0.0,0.047619047619047616,0.0,0.3333333333333333,0.0,0.0,0.0,0.3873042247453768,False,True,False,False,False,True,False,False,True,False,False,True,False,False,False,True
0,0.4262295081967213,1.0,0.06557377049180328,0.6,0.6,0.25,0.3333333333333333,1.0,0.4666666666666667,0.0,0.0,0.06521739130434782,0.6441428967045139,True,False,False,False,False,False,True,False,False,False,False,False,False,False,False,False
1,0.01639344262295082,0.0,0.06557377049180328,0.8,0.2,1.0,0.09523809523809523,1.0,0.7333333333333333,0.125,0.06666666666666667,0.021739130434782608,0.4338902735468783,False,True,False,False,False,True,False,False,True,False,False,False,True,False,False,False
0,0.29508196721311475,0.0,0.05737704918032787,0.6,0.8,0.5,0.19047619047619047,0.0,0.26666666666666666,0.0625,0.06666666666666667,0.08695652173913043,0.4819225206929444,False,False,False,False,False,True,False,False,True,False,False,False,True,False,False,True
1,0.01639344262295082,0.0,0.040983606557377046,0.6,0.6,1.0,0.2857142857142857,1.0,0.06666666666666667,0.125,0.06666666666666667,0.10869565217391304,0.46638358103326255,True,False,True,False,False,False,False,False,False,False,False,False,True,False,False,True
0,0.13114754098360656,0.0,0.07377049180327869,0.4,0.0,0.5,0.14285714285714285,0.0,0.13333333333333333,0.125,0.06666666666666667,0.043478260869565216,0.3848118403643189,False,True,False,False,False,True,False,False,False,False,False,True,False,False,False,True
0,0.01639344262295082,0.0,0.08196721311475409,0.6,0.2,0.5,0.38095238095238093,0.0,0.4666666666666667,0.0625,0.06666666666666667,0.06521739130434782,0.4928459337210375,True,False,False,False,True,False,False,False,False,False,False,False,True,False,True,False
1,0.0,1.0,0.13114754098360656,0.4,0.8,0.0,0.2857142857142857,1.0,0.2,0.0625,0.06666666666666667,0.043478260869565216,0.4750915412781932,True,False,False,False,True,False,False,False,True,False,True,False,False,False,True,False
0,0.18032786885245902,0.5,0.08196721311475409,0.6,0.6,0.75,0.14285714285714285,0.0,0.2,0.25,0.26666666666666666,0.17391304347826086,0.5098926120803717,True,False,False,False,False,False,False,True,True,False,True,False,False,False,True,False
1,0.01639344262295082,1.0,0.12295081967213115,0.6,0.6,0.75,0.2857142857142857,0.0,0.06666666666666667,0.0625,0.06666666666666667,0.021739130434782608,0.5620172928397796,False,False,True,False,False,False,False,False,False,False,True,False,False,False,False,True
0,0.21311475409836064,0.0,0.04918032786885246,0.6,0.6,0.5,0.047619047619047616,0.0,0.2,0.25,0.2,0.1956521739130435,0.5397704544755223,False,False,False,False,True,False,False,False,False,False,True,False,False,False,False,True
0,0.18032786885245902,0.0,0.09836065573770492,0.6,0.2,0.0,0.09523809523809523,1.0,1.0,0.0625,0.4,0.1956521739130435,0.8075325394627527,True,False,False,False,False,True,False,False,False,False,False,False,False,False,True,False
1,0.2459016393442623,0.0,0.08196721311475409,0.6,1.0,0.0,0.14285714285714285,0.0,0.3333333333333333,0.125,0.06666666666666667,0.08695652173913043,0.7123296101418505,False,False,False,False,False,True,False,False,True,False,False,False,False,False,False,True
0,0.03278688524590164,1.0,0.03278688524590164,0.6,0.6,0.75,0.09523809523809523,1.0,0.6666666666666666,0.5,0.4666666666666667,0.13043478260869565,0.5316778977814701,True,False,False,False,False,False,True,False,False,False,True,False,False,False,False,False
0,0.3770491803278688,0.0,0.23770491803278687,0.6,0.0,0.5,0.047619047619047616,1.0,0.0,0.0,0.13333333333333333,0.17391304347826086,0.4068125173082249,False,True,False,False,False,False,False,False,True,False,False,True,False,False,True,False
1,0.0,1.0,0.11475409836065574,0.4,0.4,1.0,0.09523809523809523,0.0,0.4,0.0,0.0,0.043478260869565216,0.4379519369826764,False,True,False,False,True,False,False,False,True,False,True,False,False,False,True,False
0,0.01639344262295082,0.0,0.01639344262295082,0.8,0.8,0.5,0.09523809523809523,0.0,0.2,0.125,0.06666666666666667,0.08695652173913043,0.44638296562971164,False,False,False,False,True,False,False,False,False,False,False,False,True,False,True,False
0,0.01639344262295082,1.0,0.08196721311475409,0.6,0.4,0.25,0.047619047619047616,0.0,0.3333333333333333,0.0625,0.0,0.15217391304347827,0.4693375180774793,True,False,False,False,False,True,False,False,True,False,True,False,False,False,False,True
1,0.01639344262295082,0.0,0.22131147540983606,0.6,0.8,0.75,0.23809523809523808,1.0,0.6666666666666666,0.125,0.13333333333333333,0.06521739130434782,0.4557986399581525,False,True,False,False,True,False,False,False,True,False,False,False,True,False,False,True
0,0.14754098360655737,0.0,0.04918032786885246,0.6,0.4,0.5,0.19047619047619047,0.0,0.4,0.0,0.06666666666666667,0.0,0.37210375703867815,False,False,False,False,False,False,False,True,True,False,False,True,False,False,True,False
1,0.11475409836065574,0.0,0.07377049180327869,0.6,0.4,0.75,0.047619047619047616,1.0,0.06666666666666667,0.125,0.06666666666666667,0.06521739130434782,0.37976553124711526,False,False,False,False,False,False,False,False,True,False,False,True,False,False,True,False
1,0.03278688524590164,0.0,0.02459016393442623,0.4,0.4,0.0,0.3333333333333333,0.0,0.0,0.625,0.6666666666666666,0.06521739130434782,0.6821440659712606,False,False,False,False,False,True,False,False,True,True,False,False,False,False,True,False
0,0.29508196721311475,1.0,0.22131147540983606,0.4,0.6,1.0,0.047619047619047616,0.0,0.26666666666666666,0.0,0.2,0.10869565217391304,0.4426290039693529,False,False,False,False,False,False,True,False,True,False,True,False,False,False,True,False
0,0.06557377049180328,0.0,0.040983606557377046,0.6,0.0,0.5,0.38095238095238093,0.0,0.06666666666666667,0.125,0.06666666666666667,0.043478260869565216,0.43010554170897564,False,True,False,False,True,False,False,False,False,False,False,False,True,False,True,False
1,0.0,1.0,0.11475409836065574,0.6,0.6,1.0,0.23809523809523808,1.0,0.13333333333333333,0.125,0.06666666666666667,0.043478260869565216,0.49644604449367674,True,False,False,False,False,False,True,False,True,False,True,False,False,False,True,False
0,0.11475409836065574,0.0,0.13114754098360656,0.8,0.6,0.75,0.09523809523809523,0.0,0.2,0.0625,0.06666666666666667,0.15217391304347827,0.46942982861011107,True,False,False,False,True,False,False,False,False,False,False,False,True,False,False,False
0,0.3770491803278688,0.0,0.040983606557377046,0.6,0.8,1.0,0.23809523809523808,0.0,1.0,0.125,0.06666666666666667,0.06521739130434782,0.5319855995569094,True,False,False,False,True,False,False,False,False,False,True,False,False,False,False,False
0,0.36065573770491804,0.0,0.02459016393442623,0.8,0.8,0.0,0.3333333333333333,0.0,0.26666666666666666,0.125,0.06666666666666667,0.021739130434782608,0.9466445121388349,True,False,False,False,False,True,False,False,True,False,False,False,False,True,False,True
1,0.01639344262295082,0.0,0.03278688524590164,0.8,0.6,0.0,0.3333333333333333,1.0,0.2,0.0625,0.13333333333333333,0.06521739130434782,0.49915382011754206,False,False,False,False,False,True,False,False,True,False,False,False,True,False,True,False
1,0.0,1.0,0.05737704918032787,0.6,0.8,0.5,0.19047619047619047,1.0,0.4666666666666667,0.0,0.4,0.15217391304347827,0.49761531124034586,True,False,False,False,False,True,False,False,True,False,True,False,False,False,True,False
0,0.21311475409836064,0.0,0.19672131147540983,0.6,0.6,1.0,0.09523809523809523,1.0,0.2,0.125,0.06666666666666667,0.1956521739130435,0.7194067509769532,False,False,False,False,True,False,False,False,False,False,False,False,False,False,False,True
1,0.0,0.0,0.02459016393442623,0.4,0.4,0.5,0.2857142857142857,0.0,0.4,0.125,0.06666666666666667,0.021739130434782608,0.4425366934367211,False,True,False,False,True,False,False,False,True,False,False,False,True,False,False,True
1,0.11475409836065574,0.0,0.09016393442622951,0.6,0.4,0.5,0.047619047619047616,1.0,0.0,0.0625,0.0,0.043478260869565216,0.3980430167082064,False,True,False,False,False,True,False,False,True,False,False,True,False,False,False,True
1,0.09836065573770492,0.0,0.07377049180327869,0.4,0.6,0.5,0.42857142857142855,1.0,0.3333333333333333,0.0625,0.0,0.0,0.38268869811378814,False,False,True,False,False,False,False,False,True,False,False,True,False,False,True,False
1,0.06557377049180328,0.0,0.02459016393442623,0.6,0.8,0.0,0.19047619047619047,1.0,0.13333333333333333,0.0,0.0,0.0,0.3931813286562663,False,True,False,False,False,True,False,False,False,False,False,True,False,False,True,False
1,0.01639344262295082,0.0,0.08196721311475409,0.8,0.8,0.5,0.09523809523809523,1.0,0.06666666666666667,0.125,0.06666666666666667,0.06521739130434782,0.5073694575217699,True,False,False,False,True,False,False,False,True,False,False,False,True,False,False,True
0,0.26229508196721313,0.0,0.08196721311475409,0.6,0.4,0.5,0.14285714285714285,1.0,0.13333333333333333,0.0625,0.2,0.15217391304347827,0.4824456137111911,False,False,False,False,True,False,False,False,True,False,True,False,False,False,True,False
0,0.13114754098360656,0.0,0.01639344262295082,0.6,0.6,0.0,0.09523809523809523,0.0,0.13333333333333333,0.125,0.5333333333333333,0.1956521739130435,0.467429767069756,True,False,False,False,False,True,False,False,True,False,False,False,True,False,True,False
1,0.0,1.0,0.08196721311475409,0.4,0.6,1.0,0.3333333333333333,0.0,0.8,0.0,0.0,0.06521739130434782,0.41253577033139477,False,True,False,False,False,True,False,False,True,False,False,True,False,False,False,True
0,0.19672131147540983,1.0,0.09836065573770492,0.8,0.8,0.5,0.047619047619047616,1.0,0.26666666666666666,0.125,0.13333333333333333,0.06521739130434782,0.6535585710329549,True,False,False,False,False,False,True,False,True,False,False,False,False,False,True,False
1,0.0,1.0,0.040983606557377046,0.4,0.8,0.0,0.047619047619047616,0.0,0.0,0.375,0.5333333333333333,0.17391304347826086,0.6277116218960583,True,False,False,False,True,False,False,False,True,False,False,False,False,False,True,False
1,0.0,0.0,0.1721311475409836,0.6,0.4,0.5,0.14285714285714285,0.0,0.06666666666666667,0.0625,0.0,0.0,0.6099879996307579,False,False,False,False,False,True,False,False,True,False,False,False,False,False,True,False
1,0.01639344262295082,0.5,0.20491803278688525,0.6,0.6,1.0,0.47619047619047616,1.0,0.3333333333333333,0.125,0.06666666666666667,0.06521739130434782,0.6907904858611034,False,False,False,False,False,False,False,True,False,False,False,False,False,False,True,False
0,0.4098360655737705,0.5,0.05737704918032787,0.6,0.6,0.75,0.09523809523809523,1.0,0.06666666666666667,0.0625,0.06666666666666667,0.2391304347826087,0.8162097295301394,True,False,False,False,False,True,False,False,True,True,False,False,False,False,True,False
0,0.08196721311475409,1.0,0.18032786885245902,0.6,0.6,0.5,0.09523809523809523,0.0,0.2,0.125,0.06666666666666667,0.021739130434782608,0.5979260900335395,False,False,False,False,False,False,True,False,False,False,True,False,False,False,True,False
1,0.11475409836065574,0.0,0.09016393442622951,0.6,0.4,0.5,0.047619047619047616,1.0,0.0,0.0625,0.0,0.043478260869565216,0.3980430167082064,False,True,False,False,False,True,False,False,True,False,False,True,False,False,False,True
1,0.0,0.0,0.04918032786885246,0.4,0.4,0.5,0.047619047619047616,1.0,0.13333333333333333,0.0,0.06666666666666667,0.043478260869565216,0.41358195636788825,False,True,True,False,False,False,False,False,True,False,False,True,False,False,False,True
0,0.4098360655737705,1.0,0.03278688524590164,0.4,0.6,1.0,0.047619047619047616,0.0,0.0,0.0625,0.0,0.34782608695652173,0.8263638881196345,True,False,False,False,False,False,True,False,True,True,False,False,False,False,False,False
0,0.11475409836065574,0.0,0.00819672131147541,0.4,0.4,0.0,0.42857142857142855,0.0,0.4,0.0625,0.06666666666666667,0.021739130434782608,0.4764454290901258,True,False,False,False,False,True,False,False,True,False,True,False,False,False,True,False
1,0.0,0.0,0.13934426229508196,0.6,0.8,1.0,0.047619047619047616,1.0,0.7333333333333333,0.25,0.3333333333333333,0.15217391304347827,0.4282901012338841,False,False,False,False,False,True,False,False,False,False,False,False,True,False,False,True
1,0.14754098360655737,0.0,0.09016393442622951,0.6,0.6,0.75,0.047619047619047616,1.0,0.9333333333333333,0.0625,0.0,0.0,0.3649035354933998,False,False,False,False,False,False,False,False,False,False,False,False,True,False,False,True
1,0.08196721311475409,0.0,0.16393442622950818,0.6,0.2,0.5,0.2857142857142857,1.0,0.06666666666666667,0.125,0.06666666666666667,0.043478260869565216,0.3925966952829318,False,False,False,False,False,False,False,False,True,False,False,True,False,False,True,False
0,0.47540983606557374,1.0,0.09836065573770492,0.4,0.6,1.0,0.19047619047619047,0.0,0.3333333333333333,0.0,0.0,0.0,0.47324533062555774,True,False,False,False,False,False,True,False,False,False,True,False,False,False,True,False
0,0.11475409836065574,1.0,0.03278688524590164,0.4,0.8,0.0,0.23809523809523808,0.0,0.06666666666666667,0.125,0.06666666666666667,0.043478260869565216,0.4932151758515646,True,False,False,False,False,True,False,False,False,False,True,False,False,False,False,True
0,0.3770491803278688,1.0,0.03278688524590164,0.8,0.8,0.75,0.14285714285714285,0.0,0.26666666666666666,0.125,0.06666666666666667,0.1956521739130435,0.550478476260808,False,False,False,False,True,False,False,False,True,False,True,False,False,False,True,False
0,0.3770491803278688,0.0,0.14754098360655737,0.8,0.6,1.0,0.23809523809523808,1.0,0.4,0.125,0.13333333333333333,0.06521739130434782,0.46422966860518783,True,False,False,False,True,False,False,False,False,False,False,False,True,False,True,False
0,0.0,0.0,0.02459016393442623,0.4,0.4,0.25,0.0,0.0,0.4666666666666667,0.0,0.06666666666666667,0.043478260869565216,0.43776731591741286,False,True,False,False,False,True,False,False,False,False,True,False,False,False,False,False
1,0.01639344262295082,1.0,0.21311475409836064,0.6,0.2,1.0,0.09523809523809523,0.0,0.4666666666666667,0.0625,0.06666666666666667,0.021739130434782608,0.4181974829994769,False,False,True,False,False,False,False,False,True,False,False,False,True,False,False,True
1,0.13114754098360656,0.5,0.01639344262295082,0.8,0.8,1.0,0.47619047619047616,0.0,0.26666666666666666,0.1875,0.2,0.06521739130434782,0.7071602203144711,True,False,False,False,True,False,False,False,True,False,False,False,False,False,False,False
1,0.0,1.0,0.06557377049180328,0.6,0.4,0.75,0.047619047619047616,0.0,0.13333333333333333,0.0625,0.0,0.0,0.3901350810794178,False,True,False,False,False,False,True,False,True,False,False,True,False,False,False,True
1,0.0,0.0,0.07377049180327869,0.6,0.4,1.0,0.047619047619047616,1.0,0.4,0.0,0.0,0.0,0.38148866118957503,False,True,False,False,False,False,False,False,False,False,False,True,False,False,True,False
1,0.01639344262295082,1.0,0.09836065573770492,0.6,0.8,1.0,0.47619047619047616,0.0,0.4666666666666667,0.3125,0.4,0.06521739130434782,0.7017446690667405,True,False,False,False,True,False,False,False,True,False,False,False,False,False,True,False
1,0.01639344262295082,1.0,0.09016393442622951,0.6,0.6,0.25,0.09523809523809523,1.0,0.26666666666666666,0.0625,0.06666666666666667,0.06521739130434782,0.45610634173359177,False,False,False,False,False,False,True,False,False,False,False,False,True,False,False,True
0,0.13114754098360656,0.0,0.09016393442622951,0.6,0.6,0.25,0.047619047619047616,0.0,0.06666666666666667,0.125,0.06666666666666667,0.06521739130434782,0.6461737284224129,True,False,False,False,False,True,False,False,True,False,False,False,False,False,True,False
1,0.22950819672131148,0.0,0.07377049180327869,0.4,0.8,0.0,0.09523809523809523,0.0,0.26666666666666666,0.0625,0.0,0.06521739130434782,0.6354041662820394,False,False,False,False,False,True,False,False,True,False,False,False,False,False,False,True
1,0.0,0.0,0.07377049180327869,0.6,0.6,1.0,0.047619047619047616,1.0,0.26666666666666666,0.0,0.0,0.0,0.3877042370534478,False,True,False,False,False,False,False,False,False,False,False,True,False,False,False,True
0,0.09836065573770492,0.0,0.00819672131147541,0.6,0.6,1.0,0.14285714285714285,1.0,0.0,0.0625,0.0,0.043478260869565216,0.3938275023846888,False,True,False,False,False,False,False,True,True,False,False,True,False,False,False,True
1,0.01639344262295082,0.0,0.03278688524590164,0.8,0.6,0.5,0.14285714285714285,0.0,0.06666666666666667,0.125,0.06666666666666667,0.021739130434782608,0.49186128803963197,True,False,False,False,False,True,False,False,True,False,False,False,True,False,False,True
0,0.08196721311475409,0.0,0.21311475409836064,0.8,0.8,1.0,0.09523809523809523,0.0,0.6,0.0625,0.06666666666666667,0.1956521739130435,0.5942336687282685,True,False,False,False,True,False,False,False,False,False,True,False,False,False,False,True
1,0.0,0.0,0.07377049180327869,0.6,0.6,0.0,0.047619047619047616,1.0,0.8666666666666667,0.0625,0.0,0.0,0.3827502384688759,False,False,False,False,False,True,False,False,True,False,False,True,False,False,False,True
1,0.0,1.0,0.11475409836065574,0.4,0.4,0.5,0.14285714285714285,1.0,0.0,0.125,0.06666666666666667,0.043478260869565216,0.6109111049570756,True,False,False,False,False,False,True,False,False,False,True,False,False,False,False,True
0,0.19672131147540983,0.0,0.07377049180327869,0.4,0.4,0.5,0.047619047619047616,0.0,0.0,0.0,0.0,0.15217391304347827,0.42324379211668056,False,False,False,False,False,True,False,False,False,False,False,False,True,False,False,False
0,0.2459016393442623,1.0,0.01639344262295082,0.6,0.4,1.0,0.09523809523809523,0.0,0.4,0.125,0.06666666666666667,0.17391304347826086,0.6428505492476692,True,False,False,False,False,False,True,False,True,False,False,False,False,False,False,False
1,0.32786885245901637,0.0,0.07377049180327869,0.4,0.6,0.25,0.42857142857142855,1.0,0.2,0.0,0.0,0.0,0.38093479799378444,False,False,False,False,False,True,False,False,True,False,False,True,False,False,True,False
1,0.01639344262295082,1.0,0.06557377049180328,0.6,1.0,0.5,0.047619047619047616,0.0,0.4,0.0625,0.06666666666666667,0.021739130434782608,0.4569679067048216,False,False,False,False,False,False,True,False,False,False,False,False,True,False,True,False
1,0.01639344262295082,0.0,0.02459016393442623,0.8,0.2,0.75,0.09523809523809523,0.0,0.06666666666666667,0.125,0.26666666666666666,0.17391304347826086,0.6137419612911167,False,False,False,False,False,True,False,False,False,False,False,False,False,False,False,True
1,0.01639344262295082,0.0,0.03278688524590164,0.6,0.8,0.0,0.09523809523809523,0.0,0.8,0.125,0.06666666666666667,0.021739130434782608,0.4185359549524601,False,True,False,False,False,True,False,False,True,False,False,False,True,False,False,True
0,0.2459016393442623,0.0,0.02459016393442623,0.6,0.6,0.0,0.14285714285714285,0.0,0.8,0.0625,0.0,0.0,0.5163543493645958,True,False,False,False,False,False,False,True,True,False,True,False,False,False,False,True
1,0.01639344262295082,0.0,0.040983606557377046,0.6,0.6,0.5,0.09523809523809523,0.0,0.13333333333333333,0.1875,0.4666666666666667,0.17391304347826086,0.5102926243884427,False,False,False,False,False,True,False,False,False,False,False,False,True,False,False,True
0,0.4262295081967213,0.0,0.03278688524590164,0.4,0.4,0.5,0.14285714285714285,1.0,0.3333333333333333,0.0625,0.0,0.06521739130434782,0.8487645773716114,True,False,False,False,True,False,False,False,True,True,False,False,False,False,True,False
0,0.0,1.0,0.07377049180327869,0.4,0.4,0.25,0.047619047619047616,0.0,0.8666666666666667,0.0,0.06666666666666667,0.043478260869565216,0.388011938828887,False,False,False,False,False,False,False,False,True,False,False,True,False,False,False,True
0,0.26229508196721313,0.0,0.07377049180327869,0.4,0.4,0.0,0.0,0.0,0.5333333333333333,0.0,0.0,0.15217391304347827,0.3832425613095788,False,False,False,False,False,True,False,False,False,False,False,True,False,False,False,True
0,0.16393442622950818,1.0,0.08196721311475409,0.8,0.8,1.0,0.09523809523809523,0.0,0.3333333333333333,0.0625,0.06666666666666667,0.21739130434782608,0.61808055632481,False,False,False,False,False,True,False,False,True,False,False,False,False,False,False,True
0,0.16393442622950818,0.0,0.09836065573770492,0.4,0.4,0.25,0.047619047619047616,1.0,0.2,0.0,0.0,0.06521739130434782,0.6826363888119635,False,False,False,False,False,False,False,True,True,False,False,False,False,False,True,False
0,0.03278688524590164,0.0,0.13114754098360656,0.4,0.6,0.5,0.0,1.0,0.06666666666666667,0.0625,0.0,0.17391304347826086,0.43672112988091943,False,True,False,False,False,True,False,False,False,False,True,False,False,False,False,True
1,0.01639344262295082,0.0,0.07377049180327869,0.6,0.6,0.5,0.19047619047619047,1.0,0.2,0.125,0.4666666666666667,0.17391304347826086,0.48736884211821896,True,False,True,False,False,False,False,False,False,False,False,False,True,False,True,False
0,0.0,1.0,0.07377049180327869,0.4,0.4,0.5,0.0,1.0,0.7333333333333333,0.0,0.0,0.08695652173913043,0.45869103664728145,False,True,False,False,False,False,False,True,False,False,True,False,False,False,True,False
0,0.29508196721311475,0.0,0.1721311475409836,0.6,0.8,1.0,0.09523809523809523,1.0,0.4666666666666667,0.0,0.0,0.15217391304347827,0.6415889719683682,True,False,False,False,True,False,False,False,True,False,False,False,False,False,True,False
0,0.36065573770491804,0.0,0.18032786885245902,0.6,0.6,0.5,0.23809523809523808,0.0,0.4666666666666667,0.125,0.06666666666666667,0.021739130434782608,0.4541370503707806,False,True,False,False,True,False,False,False,True,False,False,False,True,False,True,False
1,0.19672131147540983,1.0,0.09836065573770492,0.4,0.4,0.25,0.047619047619047616,0.0,0.4666666666666667,0.0,0.4,0.15217391304347827,0.5432167143604418,True,False,False,False,False,False,True,False,False,False,False,False,False,False,False,False
1,0.01639344262295082,1.0,0.21311475409836064,0.6,0.2,1.0,0.09523809523809523,0.0,0.4666666666666667,0.125,0.06666666666666667,0.021739130434782608,0.4181974829994769,False,False,True,False,False,False,False,False,True,False,False,False,True,False,False,True
1,0.3442622950819672,0.0,0.07377049180327869,0.6,0.8,1.0,0.38095238095238093,1.0,0.26666666666666666,0.3125,0.3333333333333333,0.06521739130434782,0.6925751561586511,True,False,False,False,True,False,False,False,False,False,False,False,False,False,False,False
1,0.01639344262295082,0.0,0.040983606557377046,0.6,0.6,0.5,0.047619047619047616,1.0,0.6,0.125,0.06666666666666667,0.06521739130434782,0.5129696298347641,True,False,False,False,False,True,False,False,False,False,True,False,False,False,False,False
0,0.06557377049180328,0.0,0.01639344262295082,0.4,0.8,1.0,0.047619047619047616,0.0,0.6666666666666666,0.375,0.4666666666666667,0.15217391304347827,0.4616449736914982,False,False,False,False,False,True,False,False,True,False,True,False,False,False,True,False
0,0.01639344262295082,0.0,0.01639344262295082,0.8,0.6,1.0,0.09523809523809523,0.0,0.06666666666666667,0.0625,0.06666666666666667,0.17391304347826086,0.6126957752546233,True,False,False,False,False,True,False,False,False,False,False,False,False,False,True,False
0,0.01639344262295082,0.0,0.21311475409836064,0.6,0.6,0.75,0.42857142857142855,0.0,0.8,0.0625,0.06666666666666667,0.06521739130434782,0.4953075479245515,True,False,False,False,True,False,False,False,True,False,False,False,True,False,False,True
1,0.01639344262295082,0.0,0.09836065573770492,0.8,0.8,0.75,0.09523809523809523,1.0,1.0,0.0625,0.06666666666666667,0.021739130434782608,0.44182897935321086,False,False,False,False,True,False,False,False,False,False,False,False,True,False,False,True
1,0.01639344262295082,1.0,0.2540983606557377,0.8,1.0,1.0,0.42857142857142855,0.0,0.5333333333333333,0.125,0.13333333333333333,0.06521739130434782,0.5375242315148158,False,False,False,False,True,False,False,False,True,False,True,False,False,False,False,True
0,0.09836065573770492,0.0,0.2540983606557377,0.6,0.8,0.75,0.09523809523809523,0.0,0.2,0.0625,0.26666666666666666,0.043478260869565216,0.47192221299116893,True,False,False,False,False,True,False,False,False,False,False,False,True,False,False,True
0,0.3770491803278688,0.0,0.1885245901639344,0.4,0.8,0.0,0.047619047619047616,1.0,0.13333333333333333,0.8125,0.06666666666666667,0.1956521739130435,0.7511308040247392,False,False,False,False,True,False,False,False,True,True,False,False,False,False,False,True
1,0.01639344262295082,0.0,0.09016393442622951,0.8,0.6,1.0,0.23809523809523808,0.0,0.4666666666666667,0.0625,0.06666666666666667,0.17391304347826086,0.5491245884488754,False,False,False,False,False,True,False,False,True,False,True,False,False,False,True,False
0,0.06557377049180328,0.0,0.01639344262295082,0.6,0.6,0.0,0.09523809523809523,0.0,0.8666666666666667,0.125,0.2,0.17391304347826086,0.5080464014277363,False,False,False,False,True,False,False,False,False,False,True,False,False,False,False,True
1,0.08196721311475409,1.0,0.04918032786885246,0.6,0.6,0.75,0.09523809523809523,0.0,0.5333333333333333,0.3125,0.4666666666666667,0.06521739130434782,0.6724822302224684,False,False,False,False,False,False,True,False,True,False,True,False,False,False,False,True
1,0.0,0.5,0.1557377049180328,0.6,0.0,1.0,0.0,0.0,0.4,0.0625,0.0,0.0,0.3986584202590849,False,True,False,False,False,False,False,True,True,False,False,True,False,False,True,False
1,0.0,0.0,0.19672131147540983,0.4,0.6,0.5,0.14285714285714285,1.0,0.13333333333333333,0.0625,0.0,0.021739130434782608,0.4897381457891012,True,False,False,False,False,True,False,False,True,False,True,False,False,False,False,False
1,0.01639344262295082,1.0,0.05737704918032787,0.8,0.6,0.75,0.09523809523809523,1.0,0.26666666666666666,0.125,0.06666666666666667,0.021739130434782608,0.44241361272654545,False,False,False,False,False,False,True,False,True,False,False,False,True,False,False,True
0,0.36065573770491804,0.0,0.18032786885245902,0.6,0.6,0.5,0.23809523809523808,0.0,0.4666666666666667,0.0625,0.06666666666666667,0.021739130434782608,0.4541370503707806,False,True,False,False,True,False,False,False,True,False,False,False,True,False,False,False
0,0.21311475409836064,0.0,0.09016393442622951,0.6,0.6,1.0,0.09523809523809523,0.0,1.0,0.3125,0.4666666666666667,0.21739130434782608,0.54312440382781,True,False,False,False,True,False,False,False,True,False,True,False,False,False,True,False
0,0.22950819672131148,0.0,0.02459016393442623,0.6,0.6,0.75,0.19047619047619047,0.0,0.8,0.125,0.06666666666666667,0.08695652173913043,0.458075633096403,False,True,False,False,False,True,False,False,True,False,False,False,True,False,True,False
0,0.01639344262295082,0.0,0.01639344262295082,0.6,0.6,0.75,0.09523809523809523,0.0,0.6666666666666666,0.0625,0.06666666666666667,0.10869565217391304,0.5814640450475399,False,False,False,False,False,True,False,False,False,False,True,False,False,False,True,False
0,0.3770491803278688,0.0,0.00819672131147541,0.6,0.4,0.75,0.14285714285714285,1.0,0.5333333333333333,0.0625,0.0,0.15217391304347827,0.8668574417674391,False,False,False,False,False,True,False,False,False,False,False,False,False,True,True,False
0,0.13114754098360656,0.0,0.01639344262295082,0.6,0.8,0.0,0.047619047619047616,0.0,0.06666666666666667,0.0625,0.0,0.021739130434782608,0.39930459398750734,False,True,False,False,False,True,False,False,False,False,False,True,False,False,True,False
1,0.01639344262295082,1.0,0.01639344262295082,0.8,0.6,0.75,0.09523809523809523,1.0,0.4,0.0625,0.06666666666666667,0.10869565217391304,0.4831533277947014,True,False,True,False,False,False,False,False,False,False,False,False,True,False,False,True
1,0.08196721311475409,0.0,0.03278688524590164,0.6,1.0,0.0,0.23809523809523808,1.0,0.2,0.0625,0.06666666666666667,0.021739130434782608,0.4701067725160774,True,False,False,False,False,True,False,False,False,False,False,False,True,False,True,False
0,0.0,0.0,0.00819672131147541,0.4,0.6,1.0,0.047619047619047616,0.0,0.3333333333333333,0.0,0.0,0.06521739130434782,0.4293978276254654,False,True,False,False,True,False,False,False,True,False,False,False,True,False,False,False
0,0.11475409836065574,1.0,0.03278688524590164,0.8,0.6,0.75,0.42857142857142855,0.0,0.3333333333333333,0.125,0.06666666666666667,0.17391304347826086,0.5430013231176344,False,False,False,False,False,False,True,False,False,False,True,False,False,False,False,True
1,0.0,1.0,0.20491803278688525,0.6,0.8,0.25,0.047619047619047616,1.0,0.2,0.0625,0.0,0.0,0.3421028339333518,False,False,False,False,False,True,False,False,True,False,False,False,True,False,False,True
0,0.01639344262295082,0.5,0.22131147540983606,0.8,0.6,0.5,0.09523809523809523,0.0,0.8666666666666667,0.1875,0.3333333333333333,0.17391304347826086,0.47515308163328096,True,False,False,False,False,True,False,False,False,False,False,False,True,False,True,False
1,0.21311475409836064,1.0,0.01639344262295082,0.6,0.4,0.5,0.3333333333333333,0.0,0.06666666666666667,0.0625,0.0,0.021739130434782608,0.5147235299547678,False,False,False,False,False,True,False,False,True,False,True,False,False,False,True,False
0,0.2786885245901639,0.0,0.09016393442622951,0.8,0.6,0.5,0.19047619047619047,1.0,0.2,0.1875,0.26666666666666666,0.17391304347826086,0.5593710575710021,False,False,False,False,True,False,False,False,True,False,True,False,False,False,True,False
0,0.14754098360655737,0.0,0.07377049180327869,0.4,0.6,0.75,0.047619047619047616,1.0,0.3333333333333333,0.0625,0.0,0.15217391304347827,0.37333456414043514,False,False,False,False,False,False,False,False,False,False,True,False,False,False,True,False
0,0.18032786885245902,1.0,0.14754098360655737,0.8,0.8,0.5,0.23809523809523808,0.0,0.6,0.125,0.06666666666666667,0.021739130434782608,0.5795255238622726,True,False,False,False,False,False,True,False,True,False,True,False,False,False,True,False
1,0.01639344262295082,1.0,0.21311475409836064,0.8,1.0,0.0,0.09523809523809523,1.0,0.26666666666666666,0.125,0.06666666666666667,0.021739130434782608,0.4190282777931629,False,False,False,False,False,True,False,False,True,False,False,False,True,False,False,True
1,0.32786885245901637,0.0,0.19672131147540983,0.6,0.4,0.25,0.047619047619047616,0.0,0.06666666666666667,0.6875,0.9333333333333333,0.13043478260869565,0.625003846272193,True,False,False,False,True,False,False,False,False,False,False,False,False,False,False,False
0,0.11475409836065574,1.0,0.03278688524590164,0.8,0.6,0.75,0.42857142857142855,0.0,0.3333333333333333,0.0625,0.06666666666666667,0.17391304347826086,0.5430013231176344,False,False,False,False,False,False,True,False,False,False,True,False,False,False,False,True
1,0.06557377049180328,1.0,0.22131147540983606,0.6,0.8,0.75,0.14285714285714285,1.0,0.13333333333333333,0.125,0.06666666666666667,0.06521739130434782,0.664451213883504,True,False,False,False,False,False,True,False,True,False,False,False,False,False,False,True
0,0.13114754098360656,0.0,0.21311475409836064,0.4,0.6,0.0,0.19047619047619047,0.0,0.2,0.0625,0.0,0.043478260869565216,0.4209667989784301,False,True,False,False,False,False,False,True,True,False,True,False,False,False,False,True
0,0.22950819672131148,0.0,0.14754098360655737,0.8,0.6,0.5,0.47619047619047616,0.0,0.4,0.125,0.06666666666666667,0.021739130434782608,0.4936767285147235,False,False,False,False,False,True,False,False,True,False,False,False,True,False,True,False
1,0.01639344262295082,0.0,0.11475409836065574,0.8,0.6,0.25,0.09523809523809523,1.0,0.06666666666666667,0.125,0.06666666666666667,0.021739130434782608,0.4620142158220253,True,False,False,False,False,True,False,False,False,False,False,False,True,False,False,False
1,0.04918032786885246,0.0,0.20491803278688525,0.8,0.6,1.0,0.047619047619047616,0.0,0.2,0.0625,0.06666666666666667,0.08695652173913043,0.5047539924305363,True,False,False,False,True,False,False,False,True,False,False,False,True,False,False,True
0,0.29508196721311475,0.0,0.06557377049180328,0.6,0.2,0.5,0.19047619047619047,0.0,0.4,0.0,0.0,0.043478260869565216,0.5056770977568541,False,False,False,False,False,True,False,False,True,False,True,False,False,False,False,False
0,0.21311475409836064,0.0,0.01639344262295082,0.8,0.6,0.5,0.38095238095238093,0.0,0.26666666666666666,0.0625,0.06666666666666667,0.06521739130434782,0.45330625557709464,False,True,False,False,True,False,False,False,False,False,False,False,True,False,True,False
1,0.0,1.0,0.13934426229508196,0.6,0.4,1.0,0.23809523809523808,0.0,0.26666666666666666,0.0625,0.0,0.043478260869565216,0.47152220068309797,True,False,False,False,False,False,True,False,False,False,True,False,False,False,False,True
1,0.0,0.0,0.07377049180327869,0.6,0.4,0.5,0.047619047619047616,0.0,0.06666666666666667,0.0625,0.06666666666666667,0.043478260869565216,0.388011938828887,False,False,False,False,False,False,False,False,True,False,False,True,False,False,True,False
0,0.13114754098360656,0.0,0.03278688524590164,0.8,0.8,0.5,0.19047619047619047,0.0,0.13333333333333333,0.375,0.3333333333333333,0.17391304347826086,0.4697990707406382,True,False,False,False,False,True,False,False,True,False,False,False,True,False,True,False
0,0.14754098360655737,1.0,0.03278688524590164,0.8,0.6,0.0,0.09523809523809523,0.0,0.2,0.1875,0.13333333333333333,0.06521739130434782,0.4465983568725191,False,True,False,False,False,False,True,False,False,False,False,False,True,False,True,False
0,0.04918032786885246,1.0,0.13114754098360656,0.6,0.6,1.0,0.09523809523809523,0.0,0.0,0.0625,0.0,0.15217391304347827,0.5274008431028647,True,False,False,False,False,False,True,False,True,False,False,False,False,False,True,False
1,0.0,0.0,0.07377049180327869,0.4,0.4,0.75,0.0,0.0,0.4,0.0,0.0,0.043478260869565216,0.38222714545062925,False,False,False,False,False,False,False,False,False,False,False,True,False,False,False,True
1,0.14754098360655737,1.0,0.04918032786885246,0.4,0.4,0.0,0.14285714285714285,0.0,0.2,0.0,0.0,0.0,0.3718883657958707,False,True,False,True,False,False,False,False,True,False,True,False,False,False,True,False
1,0.32786885245901637,0.0,0.07377049180327869,0.8,0.6,0.5,0.42857142857142855,0.0,0.06666666666666667,0.4375,0.6,0.1956521739130435,0.45659866457429454,False,True,True,False,False,False,False,False,True,False,False,False,True,False,True,False
0,0.47540983606557374,0.0,0.19672131147540983,0.8,0.8,0.75,0.2857142857142857,0.0,0.13333333333333333,0.125,0.06666666666666667,0.06521739130434782,0.49346133727191605,True,False,True,False,False,False,False,False,True,False,False,False,True,False,True,False
1,0.01639344262295082,0.0,0.21311475409836064,0.8,0.8,1.0,0.09523809523809523,0.0,0.13333333333333333,0.0625,0.06666666666666667,0.06521739130434782,0.6530047078371642,False,False,False,True,False,False,False,False,True,False,False,False,False,False,False,True
1,0.01639344262295082,0.0,0.10655737704918032,0.8,0.8,1.0,0.09523809523809523,1.0,0.3333333333333333,0.125,0.06666666666666667,0.021739130434782608,0.46462968091325885,True,False,False,False,True,False,False,False,False,False,False,False,True,False,False,True
0,0.13114754098360656,1.0,0.00819672131147541,0.6,0.4,0.5,0.047619047619047616,0.0,0.3333333333333333,0.0625,0.0,0.06521739130434782,0.45721406812517307,False,True,False,False,True,False,False,False,False,False,True,False,False,False,False,True
0,0.01639344262295082,1.0,0.09016393442622951,0.6,0.6,1.0,0.09523809523809523,0.0,0.06666666666666667,0.0625,0.06666666666666667,0.06521739130434782,0.4685682636388812,True,False,False,False,False,True,False,False,True,False,False,False,True,False,False,True
0,0.19672131147540983,1.0,0.14754098360655737,0.6,0.6,0.75,0.14285714285714285,0.0,0.13333333333333333,0.125,0.06666666666666667,0.06521739130434782,0.5138004246284501,True,False,False,False,False,True,False,False,False,False,True,False,False,False,False,True
0,0.4098360655737705,1.0,0.02459016393442623,0.6,0.6,0.5,0.047619047619047616,1.0,0.4666666666666667,0.0625,0.9333333333333333,0.2608695652173913,0.8944275208467953,False,False,False,False,False,True,False,False,True,False,False,False,False,True,False,True
1,0.01639344262295082,1.0,0.11475409836065574,0.8,0.8,1.0,0.09523809523809523,0.0,0.5333333333333333,0.125,0.06666666666666667,0.021739130434782608,0.44718299024585373,False,False,False,False,False,True,False,False,True,False,False,False,True,False,False,False
0,0.0,0.0,0.03278688524590164,0.6,0.6,0.5,0.047619047619047616,0.0,0.06666666666666667,0.0,0.0,0.043478260869565216,0.4010277239299671,False,True,False,False,False,True,False,False,True,False,False,True,False,False,False,True
0,0.04918032786885246,1.0,0.040983606557377046,0.8,0.6,0.5,0.09523809523809523,0.0,0.26666666666666666,0.0625,0.06666666666666667,0.06521739130434782,0.5557401766208191,True,False,False,False,True,False,False,False,False,False,True,False,False,False,True,False
1,0.26229508196721313,1.0,0.03278688524590164,0.6,1.0,0.0,0.09523809523809523,0.0,0.3333333333333333,0.25,0.4,0.21739130434782608,0.9952613926582355,True,False,False,False,False,False,True,False,False,False,False,False,False,True,True,False
1,0.0,1.0,0.13934426229508196,0.6,0.4,1.0,0.23809523809523808,0.0,0.26666666666666666,0.0625,0.0,0.043478260869565216,0.47152220068309797,True,False,False,False,False,False,True,False,False,False,True,False,False,False,False,True
0,0.01639344262295082,0.0,0.03278688524590164,0.8,0.2,0.5,0.09523809523809523,0.0,0.4666666666666667,0.125,0.06666666666666667,0.17391304347826086,0.5448167635927259,False,False,False,False,False,True,False,False,True,False,True,False,False,False,True,False
1,0.0,0.0,0.1721311475409836,0.6,0.4,0.5,0.14285714285714285,0.0,0.06666666666666667,0.0625,0.0,0.0,0.6099879996307579,False,False,False,False,False,True,False,False,True,False,False,False,False,False,False,False
0,0.14754098360655737,0.0,0.10655737704918032,0.4,0.6,0.0,0.0,0.0,0.0,0.3125,0.4,0.17391304347826086,0.5802640081233269,True,False,False,False,True,False,False,False,False,False,False,False,False,False,False,True
1,0.22950819672131148,1.0,0.2459016393442623,0.6,0.8,1.0,0.23809523809523808,1.0,0.2,0.0625,0.06666666666666667,0.021739130434782608,0.7186067263608111,True,False,False,False,False,False,True,False,True,False,False,False,False,False,True,False
0,0.3770491803278688,1.0,0.0,0.4,0.4,0.5,0.19047619047619047,1.0,0.26666666666666666,0.0,0.0,0.0,0.9025200775408474,True,False,False,False,False,False,True,False,True,False,False,False,False,True,True,False
1,0.0,1.0,0.00819672131147541,0.6,0.4,0.75,0.047619047619047616,1.0,0.3333333333333333,0.0,0.0,0.08695652173913043,0.40622788393489034,False,True,True,False,False,False,False,False,False,False,False,True,False,False,False,True
1,0.0,0.0,0.06557377049180328,0.6,0.8,0.5,0.047619047619047616,1.0,0.8666666666666667,0.0625,0.0,0.13043478260869565,0.4945998338410413,False,False,False,False,False,True,False,False,True,False,True,False,False,False,False,True
1,0.09836065573770492,0.0,0.07377049180327869,0.4,0.6,0.5,0.42857142857142855,1.0,0.3333333333333333,0.0625,0.0,0.0,0.38268869811378814,False,False,True,False,False,False,False,False,True,False,False,True,False,False,True,False
1,0.16393442622950818,1.0,0.09836065573770492,0.8,0.6,0.75,0.2857142857142857,0.0,0.7333333333333333,0.125,0.06666666666666667,0.17391304347826086,0.6096802978553185,True,False,False,False,False,True,False,False,False,False,False,False,False,False,True,False
0,0.14754098360655737,1.0,0.07377049180327869,0.8,0.6,0.5,0.09523809523809523,0.0,0.2,0.125,0.06666666666666667,0.021739130434782608,0.45859872611464964,False,True,False,False,False,True,False,False,True,False,False,False,True,False,False,False
0,0.13114754098360656,0.0,0.07377049180327869,0.6,0.6,0.0,0.09523809523809523,0.0,0.2,0.0625,0.06666666666666667,0.021739130434782608,0.47607618695959875,True,False,False,False,True,False,False,False,True,False,False,False,True,False,False,True
0,0.0,1.0,0.07377049180327869,0.4,0.4,0.0,0.0,0.0,0.13333333333333333,0.0625,0.06666666666666667,0.021739130434782608,0.3815502015446629,False,False,False,False,False,False,False,False,True,False,False,True,False,False,True,False
1,0.32786885245901637,0.0,0.02459016393442623,0.4,0.4,0.75,0.3333333333333333,1.0,0.26666666666666666,0.4375,0.8,0.17391304347826086,0.8999046124496137,True,False,False,False,False,True,False,False,True,False,False,False,False,True,False,True
1,0.22950819672131148,0.0,0.07377049180327869,0.4,0.4,0.5,0.42857142857142855,1.0,0.06666666666666667,0.0,0.06666666666666667,0.15217391304347827,0.38342718237484236,False,True,False,False,False,True,False,False,True,False,False,True,False,False,True,False
1,0.01639344262295082,1.0,0.01639344262295082,0.8,0.6,0.5,0.19047619047619047,0.0,0.3333333333333333,0.125,0.06666666666666667,0.06521739130434782,0.47413766577433153,False,False,True,False,False,False,False,False,True,False,False,False,True,False,False,False
0,0.18032786885245902,0.0,0.04918032786885246,0.6,0.6,0.5,0.38095238095238093,1.0,0.3333333333333333,0.125,0.06666666666666667,0.08695652173913043,0.47681467122065296,True,False,False,False,False,True,False,False,True,False,False,False,True,False,True,False
0,0.3442622950819672,0.0,0.07377049180327869,0.6,0.0,0.75,0.23809523809523808,0.0,0.0,0.0,0.0,0.0,0.3864426597741469,False,True,True,False,False,False,False,False,True,False,False,True,False,False,False,True
0,0.13114754098360656,0.0,0.09836065573770492,0.6,0.2,0.0,0.09523809523809523,0.0,0.2,0.375,0.4666666666666667,0.06521739130434782,0.5299855380165543,False,False,False,False,False,True,False,False,True,False,True,False,False,False,True,False
0,0.4918032786885246,0.0,0.04918032786885246,0.4,0.6,0.75,0.09523809523809523,1.0,0.13333333333333333,0.0625,0.0,0.08695652173913043,0.6323886888827349,True,False,False,True,False,False,False,False,False,False,False,False,False,False,True,False
0,0.19672131147540983,0.0,0.00819672131147541,0.6,0.6,0.25,0.047619047619047616,0.0,0.3333333333333333,0.0,0.6666666666666666,0.06521739130434782,0.6997753777039294,True,False,False,False,False,True,False,False,False,True,False,False,False,False,False,False
1,0.0,0.0,0.02459016393442623,0.6,0.4,0.5,0.09523809523809523,0.0,0.0,0.0,0.0,0.0,0.4149358441798209,False,True,False,False,False,True,False,False,True,False,False,True,False,False,False,True
1,0.21311475409836064,1.0,0.10655737704918032,0.6,0.6,0.25,0.09523809523809523,0.0,0.5333333333333333,0.0625,0.4666666666666667,0.17391304347826086,0.6201421582202529,True,False,False,False,False,False,True,False,False,False,False,False,False,False,False,False
1,0.0,0.0,0.07377049180327869,0.6,0.6,0.75,0.23809523809523808,0.0,0.3333333333333333,0.0,0.0,0.021739130434782608,0.3860426474660759,False,True,True,False,False,False,False,False,False,False,False,True,False,False,False,False
1,0.01639344262295082,0.0,0.03278688524590164,0.8,0.6,1.0,0.09523809523809523,1.0,0.13333333333333333,0.125,0.06666666666666667,0.021739130434782608,0.44844456752515466,False,True,False,False,False,True,False,False,False,False,False,False,True,False,True,False
0,0.21311475409836064,0.0,0.09836065573770492,0.6,0.4,0.5,0.047619047619047616,0.0,0.0,0.125,0.5333333333333333,0.08695652173913043,0.5022616080494784,False,False,True,False,False,False,False,False,False,False,True,False,False,False,True,False
1,0.0,0.0,0.03278688524590164,0.6,0.4,1.0,0.23809523809523808,0.0,0.13333333333333333,0.0625,0.0,0.043478260869565216,0.43173636111880365,False,True,False,False,True,False,False,False,True,False,False,False,True,False,False,False
1,0.0,0.0,0.13934426229508196,0.6,0.0,1.0,0.047619047619047616,0.0,0.3333333333333333,0.9375,0.9333333333333333,0.30434782608695654,0.392104372442229,False,True,False,False,False,True,False,False,False,False,False,True,False,False,False,True
1,0.09836065573770492,1.0,0.08196721311475409,0.4,0.8,0.5,0.38095238095238093,0.0,0.13333333333333333,0.0625,0.0,0.06521739130434782,0.4721991445890643,True,False,False,False,False,False,True,False,False,False,True,False,False,False,False,True
1,0.01639344262295082,0.0,0.01639344262295082,0.8,0.6,0.25,0.09523809523809523,1.0,0.2,0.375,0.4666666666666667,0.1956521739130435,0.4672759161820364,True,False,False,False,False,False,False,True,True,False,False,False,True,False,False,True
1,0.0,0.0,0.13114754098360656,0.4,0.4,0.5,0.3333333333333333,0.0,0.2,0.0,0.0,0.0,0.45644481368657497,False,True,False,False,False,False,False,True,True,False,True,False,False,False,True,False
0,0.08196721311475409,1.0,0.05737704918032787,0.6,0.6,0.5,0.09523809523809523,0.0,0.6,0.125,0.06666666666666667,0.06521739130434782,0.6414351210806486,True,False,False,True,False,False,False,False,True,False,True,False,False,False,True,False
1,0.01639344262295082,0.0,0.03278688524590164,0.8,0.6,0.5,0.14285714285714285,0.0,0.06666666666666667,0.0625,0.06666666666666667,0.021739130434782608,0.49186128803963197,True,False,False,False,False,True,False,False,True,False,False,False,True,False,False,True
1,0.2459016393442623,0.0,0.07377049180327869,0.4,0.6,0.75,0.09523809523809523,0.0,0.26666666666666666,0.4375,0.4,0.15217391304347827,0.45973722268377487,False,True,False,False,True,False,False,False,True,False,True,False,False,False,False,False
0,0.14754098360655737,1.0,0.02459016393442623,0.6,0.4,0.5,0.2857142857142857,0.0,0.4666666666666667,0.0625,0.0,0.043478260869565216,0.37635004153973967,False,False,False,False,False,False,True,False,False,False,False,True,False,False,False,False
1,0.13114754098360656,1.0,0.02459016393442623,0.6,0.8,0.75,0.09523809523809523,1.0,0.3333333333333333,0.0625,0.0,0.2391304347826087,0.8869195975260777,True,False,False,False,False,False,True,False,False,False,False,False,False,True,False,True
1,0.01639344262295082,1.0,0.23770491803278687,0.6,0.6,0.0,0.09523809523809523,1.0,0.5333333333333333,0.0625,0.4666666666666667,0.17391304347826086,0.5634942613618881,True,False,False,False,False,True,False,False,True,False,True,False,False,False,False,True
1,0.32786885245901637,0.0,0.07377049180327869,0.8,0.6,0.5,0.42857142857142855,0.0,0.06666666666666667,0.4375,0.6,0.1956521739130435,0.45659866457429454,False,True,True,False,False,False,False,False,True,False,False,False,True,False,True,False
0,0.45901639344262296,0.5,0.22950819672131148,0.4,0.2,0.0,0.14285714285714285,1.0,0.26666666666666666,0.1875,0.26666666666666666,0.10869565217391304,0.9178128557801778,False,False,False,False,False,False,False,True,False,True,False,False,False,False,False,True
0,0.0,1.0,0.08196721311475409,0.6,0.4,1.0,0.047619047619047616,0.0,0.0,0.0,0.0,0.043478260869565216,0.3916428197790701,False,True,False,False,False,True,False,False,True,False,False,True,False,False,False,True
0,0.22950819672131148,1.0,0.01639344262295082,0.6,1.0,0.0,0.14285714285714285,1.0,0.8,0.125,0.06666666666666667,0.06521739130434782,0.6140804332440998,True,False,False,False,True,False,False,False,True,False,True,False,False,False,True,False
1,0.0,0.0,0.02459016393442623,0.4,0.6,0.0,0.047619047619047616,0.0,0.7333333333333333,0.0625,0.0,0.0,0.341610511092649,True,False,False,False,False,True,False,False,True,False,False,False,True,False,False,True
1,0.0,1.0,0.00819672131147541,0.4,0.6,0.5,0.23809523809523808,0.0,0.0,0.3125,0.6666666666666666,1.0,0.6341425890027385,True,False,False,False,False,True,False,False,True,False,False,False,False,False,True,False
1,0.01639344262295082,1.0,0.07377049180327869,0.8,0.6,0.0,0.09523809523809523,1.0,0.7333333333333333,0.125,0.06666666666666667,0.06521739130434782,0.45462937321148345,False,True,False,False,False,True,False,False,True,False,False,False,True,False,True,False
1,0.14754098360655737,1.0,0.10655737704918032,0.6,0.6,1.0,0.047619047619047616,0.0,0.4666666666666667,0.0625,0.0,0.0,0.3702575463860427,False,False,False,False,False,True,False,False,True,False,False,True,False,False,True,False
0,0.45901639344262296,0.0,0.09016393442622951,0.8,0.6,0.5,0.19047619047619047,0.0,0.06666666666666667,0.125,0.13333333333333333,0.08695652173913043,0.4737684236438044,True,False,False,False,False,True,False,False,False,False,True,False,False,False,True,False
0,0.14754098360655737,0.0,0.09836065573770492,0.6,0.6,0.25,0.09523809523809523,0.0,0.6666666666666666,0.125,0.06666666666666667,0.06521739130434782,0.5051540047386073,True,False,False,False,False,False,False,True,True,False,False,False,True,False,True,False
1,0.14754098360655737,0.0,0.06557377049180328,0.6,0.4,1.0,0.14285714285714285,1.0,0.2,0.0,0.0,0.06521739130434782,0.3743499799993846,False,True,False,False,False,True,False,False,True,False,False,True,False,False,False,True
1,0.0,1.0,0.08196721311475409,0.6,0.6,1.0,0.14285714285714285,0.0,0.06666666666666667,0.0625,0.06666666666666667,0.043478260869565216,0.44309055663251173,False,True,False,False,False,True,False,False,True,False,False,False,True,False,False,False
0,0.19672131147540983,1.0,0.01639344262295082,0.6,0.8,1.0,0.23809523809523808,0.0,0.26666666666666666,0.0625,0.06666666666666667,0.021739130434782608,0.4725683867195914,True,False,False,False,False,True,False,False,True,False,False,False,True,False,False,True
0,0.0,0.0,0.00819672131147541,0.4,0.6,1.0,0.23809523809523808,0.0,0.5333333333333333,0.0,0.06666666666666667,0.0,0.4399519985230314,False,False,True,False,False,False,False,False,True,False,True,False,False,False,False,False
0,0.06557377049180328,0.0,0.05737704918032787,0.6,0.6,1.0,0.2857142857142857,0.0,0.26666666666666666,0.0625,0.13333333333333333,0.6739130434782609,0.4832148681497892,True,False,True,False,False,False,False,False,False,False,False,False,True,False,True,False
1,0.0,0.5,0.07377049180327869,0.4,0.6,1.0,0.19047619047619047,1.0,0.26666666666666666,0.125,0.06666666666666667,0.0,0.3795501400043078,False,True,False,False,False,False,False,True,True,False,False,True,False,False,True,False
1,0.01639344262295082,0.0,0.13114754098360656,0.6,0.6,0.0,0.2857142857142857,1.0,0.2,0.125,0.06666666666666667,0.10869565217391304,0.4595833717960553,False,True,False,False,True,False,False,False,True,False,False,False,True,False,True,False
1,0.0,1.0,0.00819672131147541,0.4,0.8,0.75,0.2857142857142857,0.0,0.26666666666666666,0.0,0.0,0.0,0.5149389211975752,True,False,False,False,False,True,False,False,True,False,True,False,False,False,False,True
0,0.13114754098360656,0.0,0.09016393442622951,0.6,0.8,0.75,0.09523809523809523,0.0,0.26666666666666666,0.3125,0.4666666666666667,0.06521739130434782,0.6498969199052279,True,False,False,False,True,False,False,False,False,False,False,False,False,False,False,True
0,0.04918032786885246,1.0,0.09836065573770492,0.6,0.8,0.5,0.47619047619047616,0.0,0.06666666666666667,0.125,0.06666666666666667,0.10869565217391304,0.5652173913043478,True,False,False,False,True,False,False,False,True,False,True,False,False,False,False,True
0,0.03278688524590164,0.0,0.01639344262295082,0.6,0.0,0.5,0.38095238095238093,1.0,0.06666666666666667,0.0625,0.0,0.043478260869565216,0.5013692729007047,False,False,False,False,False,True,False,False,True,False,True,False,False,False,False,True
1,0.01639344262295082,0.0,0.040983606557377046,0.6,0.6,0.5,0.09523809523809523,0.0,0.13333333333333333,0.4375,0.4666666666666667,0.17391304347826086,0.5102926243884427,False,False,False,False,False,True,False,False,False,False,False,False,True,False,False,True
1,0.0,0.0,0.07377049180327869,0.4,0.4,0.5,0.047619047619047616,0.0,0.6,0.0625,0.0,0.0,0.3808424874611527,False,True,False,False,False,False,False,False,True,False,False,True,False,False,True,False
0,0.13114754098360656,0.0,0.13934426229508196,0.6,0.4,0.5,0.19047619047619047,1.0,0.06666666666666667,0.0,0.0,0.0,0.5425397704544754,True,False,False,False,False,True,False,False,True,False,False,False,False,False,True,False
0,0.0,0.0,0.03278688524590164,0.6,0.6,0.5,0.047619047619047616,0.0,0.4,0.0625,0.0,0.0,0.4070894489061202,False,True,False,False,False,False,False,False,True,False,False,True,False,False,False,True
0,0.08196721311475409,0.0,0.07377049180327869,0.6,0.6,0.75,0.2857142857142857,0.0,0.6,0.0,0.0,0.043478260869565216,0.379457829471676,False,False,False,False,False,True,False,False,False,False,False,True,False,False,True,False
1,0.01639344262295082,1.0,0.040983606557377046,0.8,0.6,0.0,0.09523809523809523,1.0,0.13333333333333333,0.125,0.06666666666666667,0.021739130434782608,0.43290562786547276,False,False,False,False,True,False,False,False,False,False,False,False,True,False,False,True
0,0.4426229508196721,0.0,0.09836065573770492,0.4,0.4,0.0,0.14285714285714285,0.0,0.6,0.0,0.06666666666666667,0.2608695652173913,0.8010092618234407,False,False,False,False,True,False,False,False,False,True,False,False,False,False,True,False
0,0.13114754098360656,0.0,0.2540983606557377,0.6,0.6,0.5,0.23809523809523808,0.0,0.2,0.0625,0.4666666666666667,0.17391304347826086,0.551678513185021,True,False,False,False,True,False,False,False,True,False,True,False,False,False,False,False
0,0.11475409836065574,0.0,0.05737704918032787,0.6,0.8,0.25,0.23809523809523808,0.0,0.3333333333333333,0.0625,0.06666666666666667,0.06521739130434782,0.6036801132342533,True,False,False,False,False,True,False,False,True,False,False,False,False,False,True,False
0,0.3114754098360656,1.0,0.00819672131147541,0.6,0.4,1.0,0.047619047619047616,0.0,0.9333333333333333,0.5,0.9333333333333333,0.15217391304347827,0.6293424413058863,True,False,False,False,False,False,True,False,False,False,False,False,False,False,True,False
0,0.09836065573770492,1.0,0.02459016393442623,0.6,0.4,0.0,0.047619047619047616,0.0,0.2,0.0625,0.0,0.08695652173913043,0.4770916028185483,True,False,False,False,True,False,False,False,True,False,True,False,False,False,True,False
0,0.04918032786885246,1.0,0.040983606557377046,0.8,0.6,0.5,0.09523809523809523,0.0,0.26666666666666666,0.0625,0.06666666666666667,0.06521739130434782,0.5557401766208191,True,False,False,False,True,False,False,False,False,False,True,False,False,False,False,False
0,0.14754098360655737,1.0,0.07377049180327869,0.6,0.4,0.0,0.14285714285714285,1.0,0.6666666666666666,0.0625,0.0,0.043478260869565216,0.38905812486538044,False,True,False,False,False,True,False,False,True,False,False,True,False,False,False,True
0,0.09836065573770492,0.0,0.05737704918032787,0.6,0.2,0.0,0.19047619047619047,0.0,0.4666666666666667,0.125,0.06666666666666667,0.06521739130434782,0.48653804732453304,True,False,False,False,False,False,False,True,False,False,False,False,True,False,True,False
1,0.01639344262295082,0.0,0.02459016393442623,0.4,0.4,0.75,0.19047619047619047,0.0,0.0,0.0625,0.0,0.08695652173913043,0.45709098741499743,False,True,False,False,True,False,False,False,True,False,True,False,False,False,True,False
1,0.01639344262295082,1.0,0.12295081967213115,0.8,0.8,1.0,0.2857142857142857,1.0,0.2,0.1875,0.13333333333333333,0.06521739130434782,0.5733714883534878,True,False,False,False,False,False,True,False,True,False,True,False,False,False,True,False
1,0.16393442622950818,0.0,0.2459016393442623,0.4,0.4,0.75,0.047619047619047616,1.0,0.06666666666666667,0.3125,0.5333333333333333,0.06521739130434782,0.6722976091572048,False,False,False,False,False,True,False,False,True,False,False,False,False,False,False,False
0,0.18032786885245902,0.0,0.00819672131147541,0.6,0.4,1.0,0.047619047619047616,0.0,0.13333333333333333,0.1875,0.06666666666666667,0.2391304347826087,0.7256223268408258,True,False,False,True,False,False,False,False,False,False,False,False,False,False,False,False
0,0.03278688524590164,0.0,0.07377049180327869,0.6,0.6,0.25,0.2857142857142857,0.0,0.2,0.0625,0.0,0.06521739130434782,0.3856118649804609,False,True,False,False,False,False,False,False,False,False,False,True,False,False,True,False
1,0.0,1.0,0.22131147540983606,0.4,0.6,1.0,0.23809523809523808,0.0,0.26666666666666666,0.0625,0.0,0.021739130434782608,0.5137388842733622,False,False,False,False,False,False,True,False,False,False,True,False,False,False,False,True
1,0.22950819672131148,1.0,0.2459016393442623,0.6,0.8,1.0,0.23809523809523808,1.0,0.2,0.1875,0.06666666666666667,0.021739130434782608,0.7186067263608111,True,False,False,False,False,False,True,False,True,False,False,False,False,False,True,False
0,0.03278688524590164,0.0,0.13934426229508196,0.6,0.6,0.5,0.09523809523809523,0.0,0.4,0.0625,0.13333333333333333,0.06521739130434782,0.45253700113849654,False,True,False,False,False,True,False,False,True,False,False,False,True,False,True,False
1,0.04918032786885246,1.0,0.1885245901639344,0.6,0.6,0.5,0.09523809523809523,1.0,0.06666666666666667,0.0625,0.0,0.0,0.5040155081694822,True,False,False,False,False,False,True,False,True,False,True,False,False,False,False,False
1,0.01639344262295082,0.0,0.1557377049180328,0.6,0.8,0.0,0.2857142857142857,0.0,0.13333333333333333,0.0625,0.06666666666666667,0.08695652173913043,0.4574602295455244,False,True,True,False,False,False,False,False,True,False,False,False,True,False,True,False
0,0.5081967213114754,1.0,0.01639344262295082,0.8,0.6,0.0,0.19047619047619047,1.0,0.26666666666666666,0.125,0.06666666666666667,0.10869565217391304,0.7509154127819317,True,False,False,True,False,False,False,False,True,False,False,False,False,False,True,False
1,0.01639344262295082,0.0,0.04918032786885246,0.6,0.8,0.5,0.2857142857142857,0.0,0.4,0.125,0.06666666666666667,0.06521739130434782,0.504446290655097,False,False,True,False,False,False,False,False,True,False,False,False,True,False,False,True
1,0.01639344262295082,1.0,0.03278688524590164,0.6,0.6,1.0,0.047619047619047616,0.0,0.06666666666666667,0.125,0.06666666666666667,0.06521739130434782,0.47819932921012953,True,False,False,False,False,False,True,False,True,False,False,False,True,False,True,False
0,0.36065573770491804,0.0,0.1557377049180328,0.4,0.6,0.5,0.047619047619047616,1.0,0.26666666666666666,0.0,0.0,0.1956521739130435,0.9077817779008585,True,False,False,False,False,True,False,False,True,False,False,False,False,True,True,False
1,0.06557377049180328,1.0,0.040983606557377046,0.4,0.4,0.75,0.047619047619047616,0.0,0.4666666666666667,0.4375,0.4,0.15217391304347827,0.5955567863626573,False,False,False,False,False,False,True,False,True,False,True,False,False,False,False,True
1,0.11475409836065574,0.5,0.00819672131147541,0.6,0.6,1.0,0.42857142857142855,0.0,0.2,0.125,0.13333333333333333,0.13043478260869565,0.6302347764546601,True,False,False,False,True,False,False,False,True,False,False,False,False,False,False,False
0,0.29508196721311475,0.0,0.02459016393442623,0.4,0.6,0.0,0.047619047619047616,0.0,0.5333333333333333,0.1875,0.13333333333333333,0.1956521739130435,0.4852456998676882,True,False,False,False,False,False,False,True,False,False,True,False,False,False,True,False
1,0.01639344262295082,0.0,0.09836065573770492,0.8,0.6,0.5,0.3333333333333333,0.0,0.06666666666666667,0.0625,0.06666666666666667,0.06521739130434782,0.693805963260408,False,False,False,False,True,False,False,False,True,False,False,False,False,False,True,False
0,0.01639344262295082,1.0,0.09016393442622951,0.6,0.4,0.75,0.047619047619047616,0.0,0.7333333333333333,0.0,0.0,0.0,0.3400720022154528,True,False,False,False,True,False,False,False,True,False,False,False,True,False,True,False
1,0.0,0.0,0.08196721311475409,0.4,0.4,1.0,0.09523809523809523,1.0,0.0,0.0,0.0,0.0,0.40530477860857256,False,False,False,False,False,False,False,False,True,False,False,True,False,False,False,True
1,0.01639344262295082,0.0,0.09016393442622951,0.8,0.8,0.5,0.047619047619047616,1.0,0.4666666666666667,0.125,0.06666666666666667,0.021739130434782608,0.4888765808178713,True,False,False,False,True,False,False,False,True,False,False,False,True,False,True,False
0,0.08196721311475409,0.0,0.20491803278688525,0.8,0.8,0.25,0.047619047619047616,0.0,0.7333333333333333,0.125,0.4666666666666667,0.1956521739130435,0.5563863503492414,True,False,False,False,True,False,False,False,True,False,True,False,False,False,False,False
0,0.11475409836065574,0.0,0.02459016393442623,0.6,0.4,0.25,0.047619047619047616,0.0,0.0,0.0625,0.2,0.2391304347826087,0.5134619526754669,True,False,True,False,False,False,False,False,False,False,True,False,False,False,False,True
1,0.16393442622950818,1.0,0.08196721311475409,0.4,0.8,0.5,0.3333333333333333,0.0,0.0,0.0625,0.8666666666666667,0.06521739130434782,0.7057447921474507,False,False,False,False,False,True,False,False,True,True,False,False,False,False,True,False
1,0.06557377049180328,1.0,0.1721311475409836,0.6,0.4,0.75,0.047619047619047616,1.0,0.7333333333333333,0.0,0.0,0.043478260869565216,0.404320132927167,False,True,False,False,False,False,True,False,False,False,False,True,False,False,False,True
0,0.4918032786885246,1.0,0.00819672131147541,0.4,0.6,0.5,0.3333333333333333,0.0,0.0,0.0625,0.0,0.06521739130434782,0.47610695713714263,False,False,False,False,False,True,False,False,False,False,True,False,False,False,False,True
0,0.4426229508196721,1.0,0.03278688524590164,0.6,0.8,0.75,0.14285714285714285,0.0,0.13333333333333333,0.375,0.4,0.2826086956521739,0.6161728053170866,False,False,False,False,False,False,True,False,False,False,False,False,False,False,True,False
1,0.01639344262295082,1.0,0.01639344262295082,0.6,0.8,0.75,0.09523809523809523,1.0,0.06666666666666667,0.125,0.06666666666666667,0.06521739130434782,0.45152158527954706,False,False,True,False,False,False,False,False,False,False,False,False,True,False,False,True
0,0.09836065573770492,0.0,0.12295081967213115,0.6,0.4,0.75,0.047619047619047616,0.0,0.13333333333333333,0.0625,0.0,0.13043478260869565,0.39250438475030003,False,True,False,False,False,False,False,False,False,False,False,True,False,False,True,False
0,0.45901639344262296,1.0,0.040983606557377046,0.6,0.6,1.0,0.14285714285714285,0.0,0.26666666666666666,0.125,0.06666666666666667,0.13043478260869565,0.5674020739099664,True,False,False,False,False,False,True,False,False,False,True,False,False,False,False,False
1,0.0,1.0,0.13114754098360656,0.4,0.8,0.0,0.2857142857142857,1.0,0.2,0.0,0.06666666666666667,0.043478260869565216,0.4750915412781932,True,False,False,False,True,False,False,False,True,False,True,False,False,False,True,False
1,0.0,0.0,0.23770491803278687,0.6,0.6,1.0,0.14285714285714285,0.0,0.6,0.0,0.0,0.06521739130434782,0.4395212160374165,False,False,False,False,False,True,False,False,True,False,True,False,False,False,False,True
1,0.0,1.0,0.02459016393442623,0.4,0.6,0.75,0.3333333333333333,1.0,0.06666666666666667,0.125,0.06666666666666667,0.043478260869565216,0.6125419243669036,True,False,False,False,False,False,True,False,True,False,True,False,False,False,False,True
0,0.2786885245901639,0.0,0.08196721311475409,0.6,0.6,0.75,0.23809523809523808,0.0,0.7333333333333333,0.125,0.06666666666666667,0.021739130434782608,0.5312471152958552,True,False,False,False,False,True,False,False,False,False,True,False,False,False,True,False
1,0.0,1.0,0.1721311475409836,0.6,0.8,0.5,0.14285714285714285,1.0,0.0,0.0625,0.06666666666666667,0.043478260869565216,0.44798301486199577,False,True,False,False,False,True,False,False,False,False,True,False,False,False,False,False
0,0.06557377049180328,0.0,0.09016393442622951,0.8,0.6,0.5,0.38095238095238093,1.0,0.5333333333333333,0.0625,0.06666666666666667,0.17391304347826086,0.5290932028677805,False,False,False,False,True,False,False,False,False,False,True,False,False,False,False,True
0,0.22950819672131148,0.0,0.05737704918032787,0.6,0.6,0.75,0.2857142857142857,1.0,0.26666666666666666,0.0625,0.0,0.043478260869565216,0.4933074863841964,True,False,False,False,True,False,False,False,True,False,True,False,False,False,False,True
0,0.32786885245901637,0.0,0.16393442622950818,0.6,0.6,0.5,0.14285714285714285,0.0,0.26666666666666666,0.0625,0.06666666666666667,0.1956521739130435,0.5326317732853318,True,False,False,False,True,False,False,False,False,False,True,False,False,False,True,False
0,0.4098360655737705,0.0,0.0,0.4,0.4,0.75,0.3333333333333333,0.0,0.5333333333333333,0.125,0.2,0.0,0.6290962798855348,True,False,False,False,False,True,False,False,True,False,False,False,False,False,False,True
0,0.13114754098360656,0.0,0.13934426229508196,0.8,0.6,1.0,0.38095238095238093,0.0,0.26666666666666666,0.1875,0.4,0.21739130434782608,0.907935628788578,False,False,False,False,True,False,False,False,True,True,False,False,False,False,True,False
0,0.14754098360655737,1.0,0.00819672131147541,0.4,0.4,0.0,0.047619047619047616,1.0,0.2,0.1875,0.2,0.2391304347826087,0.4985076463891196,True,False,False,False,False,True,False,False,True,False,True,False,False,False,True,False
0,0.47540983606557374,0.0,0.03278688524590164,0.8,0.8,0.0,0.42857142857142855,0.0,0.6666666666666666,0.0625,0.06666666666666667,0.10869565217391304,0.4665374319209822,True,False,True,False,False,False,False,False,True,False,False,False,True,False,True,False
0,0.47540983606557374,0.0,0.02459016393442623,0.6,0.2,0.0,0.14285714285714285,0.0,0.2,0.0625,0.06666666666666667,0.021739130434782608,0.83793347487615,True,False,False,False,True,False,False,False,True,True,False,False,False,False,True,False
0,0.14754098360655737,0.0,0.14754098360655737,0.8,0.6,0.5,0.23809523809523808,1.0,0.13333333333333333,0.0625,0.06666666666666667,0.021739130434782608,0.6194652143142866,True,False,False,False,False,True,False,False,True,False,False,False,False,False,False,False
1,0.01639344262295082,0.0,0.14754098360655737,0.6,0.6,0.75,0.14285714285714285,1.0,0.2,0.125,0.06666666666666667,0.06521739130434782,0.45764485061078797,False,True,False,False,True,False,False,False,True,False,False,False,True,False,True,False
0,0.13114754098360656,0.0,0.09836065573770492,0.6,0.2,0.0,0.09523809523809523,0.0,0.2,0.25,0.4666666666666667,0.06521739130434782,0.5299855380165543,False,False,False,False,False,True,False,False,True,False,True,False,False,False,True,False
0,0.5081967213114754,1.0,0.07377049180327869,0.6,0.2,0.0,0.047619047619047616,1.0,0.5333333333333333,0.0625,0.06666666666666667,0.21739130434782608,0.5452475460783408,True,False,False,False,False,False,True,False,True,False,True,False,False,False,True,False
0,0.2459016393442623,0.0,0.01639344262295082,0.8,0.6,0.0,0.19047619047619047,0.0,0.8,0.0625,0.06666666666666667,0.021739130434782608,0.4702298532262531,True,False,False,False,False,True,False,False,True,False,False,False,True,False,True,False
0,0.26229508196721313,0.0,0.09016393442622951,0.8,0.6,0.0,0.09523809523809523,0.0,0.2,0.0625,0.3333333333333333,0.1956521739130435,0.49764608141788974,False,False,False,False,True,False,False,False,False,False,False,False,True,False,False,True
1,0.0,0.0,0.07377049180327869,0.6,0.6,1.0,0.2857142857142857,1.0,0.6,0.0625,0.0,0.0,0.3816732822548386,False,True,False,False,False,True,False,False,False,False,False,True,False,False,False,True
1,0.14754098360655737,1.0,0.08196721311475409,0.6,0.6,0.0,0.047619047619047616,0.0,0.3333333333333333,0.1875,0.2,0.15217391304347827,0.6036801132342533,True,False,False,False,True,False,False,False,True,False,False,False,False,False,False,True
0,0.32786885245901637,0.0,0.12295081967213115,0.6,0.4,0.75,0.38095238095238093,0.0,0.4666666666666667,0.0,0.0,0.15217391304347827,0.47592233607187906,False,False,True,False,False,False,False,False,True,False,True,False,False,False,True,False
1,0.26229508196721313,1.0,0.20491803278688525,0.6,0.4,1.0,0.2857142857142857,1.0,0.13333333333333333,0.0,0.06666666666666667,0.043478260869565216,0.6291885904181667,True,False,False,False,False,True,False,False,True,False,False,False,False,False,False,True
1,0.0,1.0,0.20491803278688525,0.4,0.6,0.75,0.0,1.0,0.8,0.125,0.6,0.21739130434782608,0.44921382196375276,False,True,False,False,True,False,False,False,False,False,True,False,False,False,False,True
0,0.5081967213114754,0.0,0.040983606557377046,0.6,0.2,1.0,0.23809523809523808,1.0,0.6666666666666666,0.0625,0.06666666666666667,0.021739130434782608,0.4667835933413335,True,False,False,False,True,False,False,False,False,False,False,False,True,False,True,False
1,0.01639344262295082,1.0,0.09016393442622951,0.6,0.6,1.0,0.09523809523809523,0.0,0.6,0.125,0.06666666666666667,0.021739130434782608,0.4397058371026801,False,False,False,False,False,False,True,False,True,False,False,False,True,False,True,False
0,0.14754098360655737,0.0,0.04918032786885246,0.4,0.0,0.5,0.09523809523809523,1.0,0.06666666666666667,0.0625,0.0,0.06521739130434782,0.3731499430751716,False,True,False,False,False,False,False,False,True,False,False,True,False,False,False,False
0,0.2459016393442623,1.0,0.06557377049180328,0.6,0.6,0.5,0.09523809523809523,0.0,0.13333333333333333,0.25,0.5333333333333333,0.06521739130434782,0.6689744299824609,True,False,False,False,False,False,True,False,True,False,False,False,False,False,False,True
1,0.0,0.0,0.08196721311475409,0.6,0.6,0.5,0.0,1.0,0.4,0.0,0.0,0.0,0.41195113695806024,False,True,False,False,False,False,False,False,True,False,False,True,False,False,False,False
0,0.14754098360655737,0.0,0.03278688524590164,0.6,0.8,0.75,0.14285714285714285,0.0,0.5333333333333333,0.4375,0.4,0.06521739130434782,0.7007600233853349,True,False,False,False,False,True,False,False,True,False,False,False,False,False,True,False
1,0.14754098360655737,0.0,0.09016393442622951,0.4,0.6,1.0,0.047619047619047616,0.0,0.13333333333333333,0.0,0.0,0.0,0.35127234684144126,True,False,False,False,False,True,False,False,False,False,False,False,True,False,False,True
0,0.4918032786885246,0.0,0.07377049180327869,0.4,0.4,0.5,0.047619047619047616,0.0,0.06666666666666667,0.0625,0.06666666666666667,0.043478260869565216,0.380688636573433,False,True,False,False,False,True,False,False,True,False,False,True,False,False,True,False
0,0.36065573770491804,0.0,0.03278688524590164,0.4,0.6,1.0,0.19047619047619047,0.0,0.9333333333333333,0.0625,0.0,0.043478260869565216,0.45506015569709835,False,True,False,False,True,False,False,False,False,False,True,False,False,False,False,False
1,0.01639344262295082,1.0,0.01639344262295082,0.8,0.6,0.75,0.09523809523809523,1.0,0.4,0.125,0.06666666666666667,0.10869565217391304,0.4831533277947014,True,False,True,False,False,False,False,False,False,False,False,False,True,False,False,True
0,0.08196721311475409,0.0,0.05737704918032787,0.6,0.6,0.0,0.047619047619047616,1.0,0.13333333333333333,0.125,0.06666666666666667,0.08695652173913043,0.532970245238315,True,False,True,False,False,False,False,False,True,False,False,False,True,False,True,False
1,0.01639344262295082,0.0,0.1557377049180328,0.8,0.6,0.75,0.09523809523809523,0.0,0.2,0.125,0.06666666666666667,0.021739130434782608,0.4526293116711283,False,True,False,False,False,True,False,False,False,False,False,False,True,False,True,False
0,0.22950819672131148,1.0,0.09836065573770492,0.6,0.8,0.75,0.38095238095238093,0.0,0.13333333333333333,0.125,0.06666666666666667,0.08695652173913043,0.5954644758300256,True,False,False,True,False,False,False,False,False,False,True,False,False,False,True,False
0,0.01639344262295082,0.0,0.1885245901639344,0.6,0.8,1.0,0.047619047619047616,0.0,0.26666666666666666,0.0625,0.06666666666666667,0.021739130434782608,0.45527554693990585,False,True,True,False,False,False,False,False,True,False,False,False,True,False,True,False
1,0.32786885245901637,0.0,0.06557377049180328,0.4,0.6,1.0,0.3333333333333333,1.0,0.2,0.0625,0.26666666666666666,0.1956521739130435,0.61564971229884,True,False,False,False,True,False,False,False,False,False,False,False,False,False,True,False
1,0.19672131147540983,1.0,0.09836065573770492,0.4,0.4,0.0,0.047619047619047616,0.0,0.4666666666666667,0.0,0.4,0.15217391304347827,0.5432167143604418,True,False,False,False,False,False,True,False,False,False,False,False,False,False,True,False
1,0.01639344262295082,1.0,0.14754098360655737,0.8,0.6,1.0,0.14285714285714285,1.0,0.6666666666666666,0.125,0.06666666666666667,0.06521739130434782,0.6481430197852242,True,False,False,False,False,True,False,False,False,False,False,False,False,False,False,True
0,0.19672131147540983,0.0,0.06557377049180328,0.6,0.8,0.5,0.09523809523809523,0.0,0.06666666666666667,0.125,0.06666666666666667,0.10869565217391304,0.4985384165666636,True,False,False,False,False,False,False,True,False,False,False,False,True,False,True,False
1,0.0,1.0,0.040983606557377046,0.4,0.8,0.25,0.047619047619047616,0.0,0.0,0.4375,0.5333333333333333,0.17391304347826086,0.6277116218960583,True,False,False,False,True,False,False,False,True,False,False,False,False,False,False,False
1,0.01639344262295082,1.0,0.12295081967213115,0.8,0.8,1.0,0.2857142857142857,1.0,0.2,0.125,0.13333333333333333,0.06521739130434782,0.5733714883534878,True,False,False,False,False,False,True,False,True,False,True,False,False,False,True,False
0,0.26229508196721313,1.0,0.040983606557377046,0.4,0.6,0.0,0.14285714285714285,0.0,0.2,0.625,0.9333333333333333,0.3695652173913043,0.6225114618911352,True,False,False,False,False,False,True,False,False,False,False,False,False,False,False,True
1,0.0,1.0,0.09016393442622951,0.4,0.6,1.0,0.42857142857142855,0.0,0.4,0.25,0.3333333333333333,0.0,0.6248192252069295,True,False,False,False,True,False,False,False,True,False,False,False,False,False,True,False
1,0.11475409836065574,0.0,0.20491803278688525,0.6,0.4,0.5,0.14285714285714285,1.0,0.7333333333333333,0.0,0.0,0.0,0.4049663066555894,False,False,False,False,False,True,False,False,True,False,False,True,False,False,True,False
1,0.01639344262295082,1.0,0.13934426229508196,0.6,1.0,0.0,0.3333333333333333,1.0,0.26666666666666666,0.0625,0.13333333333333333,0.06521739130434782,0.5520169851380042,True,False,False,False,True,False,False,False,True,False,True,False,False,False,True,False
1,0.13114754098360656,0.0,0.13934426229508196,0.8,0.6,0.25,0.09523809523809523,0.0,0.06666666666666667,0.0625,0.06666666666666667,0.13043478260869565,0.6301116957444844,True,False,False,False,True,False,False,False,False,False,False,False,False,False,False,False
0,0.03278688524590164,1.0,0.03278688524590164,0.6,0.4,0.5,0.047619047619047616,0.0,0.2,0.0,0.0,0.043478260869565216,0.47881473276100806,True,False,False,False,True,False,False,False,False,False,True,False,False,False,True,False
0,0.21311475409836064,0.0,0.16393442622950818,0.6,0.4,0.0,0.38095238095238093,1.0,0.26666666666666666,0.1875,0.13333333333333333,0.15217391304347827,0.39204283208714114,False,True,False,False,False,False,False,False,True,False,True,False,False,False,True,False
0,0.36065573770491804,0.0,0.01639344262295082,0.6,0.8,1.0,0.38095238095238093,0.0,0.06666666666666667,0.0625,0.06666666666666667,0.06521739130434782,0.8585494938305793,True,False,False,False,False,True,False,False,False,True,False,False,False,False,False,False
0,0.2459016393442623,0.0,0.02459016393442623,0.4,0.4,0.0,0.047619047619047616,0.0,0.13333333333333333,0.0,0.06666666666666667,0.043478260869565216,0.43352103141635123,False,True,False,False,False,True,False,False,False,False,True,False,False,False,True,False
1,0.01639344262295082,0.0,0.21311475409836064,0.6,0.6,0.75,0.09523809523809523,1.0,0.4666666666666667,0.0625,0.06666666666666667,0.021739130434782608,0.4587218068248254,False,True,False,False,True,False,False,False,True,False,False,False,True,False,True,False
1,0.01639344262295082,1.0,0.01639344262295082,0.6,1.0,0.75,0.3333333333333333,0.0,0.3333333333333333,0.0625,0.06666666666666667,0.021739130434782608,0.5918643650573864,True,False,False,False,False,True,False,False,True,False,True,False,False,False,False,True
1,0.26229508196721313,1.0,0.05737704918032787,0.8,0.6,0.75,0.47619047619047616,1.0,0.6,0.375,0.4666666666666667,0.06521739130434782,0.6445121388350411,True,False,False,False,False,True,False,False,True,False,False,False,False,False,False,True
1,0.01639344262295082,0.0,0.0,0.6,0.8,0.75,0.09523809523809523,0.0,0.3333333333333333,0.0625,0.06666666666666667,0.021739130434782608,0.4645066002030832,False,False,False,False,True,False,False,False,True,False,False,False,True,False,True,False
0,0.09836065573770492,0.0,0.03278688524590164,0.6,0.8,1.0,0.23809523809523808,0.0,0.2,0.0625,0.06666666666666667,0.10869565217391304,0.4515831256346349,False,True,True,False,False,False,False,False,True,False,True,False,False,False,False,True
1,0.01639344262295082,1.0,0.09016393442622951,0.6,0.6,0.0,0.09523809523809523,0.0,0.2,0.0625,0.06666666666666667,0.021739130434782608,0.41788978122403764,False,True,False,False,True,False,False,False,True,False,False,False,True,False,False,True
1,0.2459016393442623,1.0,0.02459016393442623,0.4,0.8,0.25,0.047619047619047616,0.0,0.26666666666666666,0.3125,0.3333333333333333,0.1956521739130435,0.9183359487984245,True,False,False,False,False,False,True,False,False,False,False,False,False,True,False,False
0,0.29508196721311475,0.0,0.01639344262295082,0.4,0.4,0.5,0.19047619047619047,0.0,0.06666666666666667,0.0,0.0,0.06521739130434782,0.47382996399889227,False,False,False,False,True,False,False,False,True,False,True,False,False,False,False,True
0,0.08196721311475409,0.0,0.00819672131147541,0.6,0.4,0.25,0.0,0.0,0.06666666666666667,0.0,0.0,0.043478260869565216,0.37890396627588535,False,False,False,False,False,True,False,False,True,False,False,True,False,False,True,False
1,0.0,0.0,0.03278688524590164,0.6,0.4,1.0,0.0,0.0,0.7333333333333333,0.0,0.0,0.08695652173913043,0.4031508661804979,False,False,True,False,False,False,False,False,True,False,False,True,False,False,False,True
1,0.06557377049180328,0.0,0.10655737704918032,0.4,0.4,0.5,0.047619047619047616,0.0,0.26666666666666666,0.0625,0.9333333333333333,0.17391304347826086,0.9091048955352472,True,False,False,True,False,False,False,False,False,False,False,False,False,True,True,False
0,0.13114754098360656,0.0,0.02459016393442623,0.4,0.6,0.75,0.09523809523809523,0.0,0.4666666666666667,0.375,0.3333333333333333,0.08695652173913043,0.6238345795255239,True,False,False,False,False,True,False,False,True,False,False,False,False,False,True,False
1,0.14754098360655737,0.0,0.02459016393442623,0.4,0.4,1.0,0.2857142857142857,1.0,0.2,0.0625,0.0,0.043478260869565216,0.3705344779839379,False,False,False,False,False,True,False,False,True,False,False,True,False,False,False,False
1,0.01639344262295082,1.0,0.07377049180327869,0.6,0.6,0.75,0.09523809523809523,0.0,0.2,0.0625,0.06666666666666667,0.021739130434782608,0.46706052493922884,True,False,False,False,False,False,True,False,True,False,False,False,True,False,False,True
0,0.01639344262295082,0.0,0.01639344262295082,0.8,1.0,0.25,0.19047619047619047,0.0,0.26666666666666666,0.1875,0.13333333333333333,0.021739130434782608,0.5189082741007415,False,False,False,False,False,True,False,False,False,False,False,False,True,False,True,False
0,0.0,1.0,0.04918032786885246,0.6,0.6,0.5,0.0,0.0,0.4666666666666667,0.0,0.0,0.0,0.39896612203452414,False,True,False,False,False,False,False,True,False,False,False,True,False,False,False,True
1,0.01639344262295082,0.0,0.13934426229508196,0.6,0.6,0.5,0.38095238095238093,0.0,0.26666666666666666,0.0625,0.06666666666666667,0.021739130434782608,0.533370257546386,True,False,False,False,False,False,False,True,True,False,True,False,False,False,True,False
1,0.14754098360655737,1.0,0.04918032786885246,0.6,0.4,0.75,0.047619047619047616,1.0,0.2,0.0625,0.0,0.0,0.36548816886673435,False,False,False,False,False,False,True,False,True,False,False,False,True,False,False,True
1,0.01639344262295082,1.0,0.01639344262295082,0.6,0.6,0.75,0.09523809523809523,1.0,0.06666666666666667,0.125,0.13333333333333333,0.06521739130434782,0.4554601680051694,False,False,False,False,False,True,False,False,False,False,False,False,True,False,False,True
1,0.22950819672131148,1.0,0.08196721311475409,0.6,0.6,0.5,0.19047619047619047,1.0,0.26666666666666666,0.125,0.06666666666666667,0.08695652173913043,0.5937413458875658,False,False,True,False,False,False,False,False,True,False,True,False,False,False,False,False
1,0.18032786885245902,0.0,0.00819672131147541,0.6,0.6,0.5,0.42857142857142855,1.0,0.13333333333333333,0.0,0.0,0.0,0.4732761008031016,True,False,False,False,False,True,False,False,True,False,False,False,False,False,False,True
1,0.01639344262295082,0.0,0.13934426229508196,0.6,0.6,0.5,0.38095238095238093,0.0,0.26666666666666666,0.0625,0.06666666666666667,0.021739130434782608,0.533370257546386,True,False,False,False,False,False,False,True,True,False,True,False,False,False,True,False
0,0.01639344262295082,1.0,0.09016393442622951,0.6,0.6,1.0,0.09523809523809523,0.0,0.06666666666666667,0.0625,0.06666666666666667,0.06521739130434782,0.4685682636388812,True,False,False,False,False,True,False,False,True,False,False,False,True,False,False,True
0,0.19672131147540983,0.5,0.01639344262295082,0.6,0.2,0.5,0.09523809523809523,0.0,0.2,0.25,0.3333333333333333,0.021739130434782608,0.4721376042339764,True,False,False,False,False,False,False,True,True,False,False,False,True,False,True,False
1,0.01639344262295082,0.0,0.03278688524590164,0.6,0.6,1.0,0.3333333333333333,1.0,0.26666666666666666,0.125,0.06666666666666667,0.06521739130434782,0.447459921843749,False,False,False,False,False,True,False,False,True,False,False,False,True,False,False,False
0,0.47540983606557374,0.0,0.03278688524590164,0.6,0.8,1.0,0.42857142857142855,0.0,0.26666666666666666,0.125,0.06666666666666667,0.021739130434782608,0.9704298593802886,True,False,False,False,True,False,False,False,True,False,False,False,False,True,True,False
0,0.11475409836065574,0.0,0.02459016393442623,0.6,0.4,0.0,0.047619047619047616,0.0,0.0,0.25,0.2,0.2391304347826087,0.5134619526754669,True,False,True,False,False,False,False,False,False,False,True,False,False,False,False,True
1,0.01639344262295082,1.0,0.06557377049180328,0.8,1.0,0.5,0.23809523809523808,1.0,0.5333333333333333,0.0625,0.4666666666666667,0.17391304347826086,0.5745407551001569,True,False,False,False,False,True,False,False,True,False,True,False,False,False,True,False
0,0.04918032786885246,0.5,0.08196721311475409,0.4,0.4,0.0,0.0,1.0,0.5333333333333333,0.25,0.2,0.15217391304347827,0.5030000923105327,True,False,False,False,False,False,False,True,True,False,True,False,False,False,True,False
1,0.01639344262295082,1.0,0.02459016393442623,0.8,0.8,1.0,0.09523809523809523,0.0,0.06666666666666667,0.125,0.4,0.06521739130434782,0.6835287239607372,True,False,False,False,False,True,False,False,True,False,True,False,False,False,True,False
1,0.14754098360655737,0.5,0.07377049180327869,0.6,0.6,0.0,0.2857142857142857,0.0,0.0,0.0625,0.0,0.043478260869565216,0.3747807624849996,False,False,False,False,False,False,False,True,False,False,False,True,False,False,True,False
0,0.3442622950819672,1.0,0.03278688524590164,0.8,0.8,0.25,0.09523809523809523,1.0,0.5333333333333333,0.125,0.06666666666666667,0.06521739130434782,0.4859841841287424,True,False,False,False,False,True,False,False,False,False,False,False,True,False,False,True
0,0.13114754098360656,1.0,0.1885245901639344,0.8,0.2,0.0,0.09523809523809523,0.0,0.13333333333333333,0.0625,0.3333333333333333,0.17391304347826086,0.54884765685098,True,False,False,False,False,True,False,False,True,False,True,False,False,False,False,True
0,0.14754098360655737,0.0,0.06557377049180328,0.6,0.4,0.5,0.047619047619047616,0.0,0.13333333333333333,0.0,0.0,0.0,0.346902981630204,False,False,False,True,False,False,False,False,True,False,False,False,True,False,True,False
1,0.14754098360655737,0.0,0.21311475409836064,0.6,0.4,0.75,0.047619047619047616,1.0,0.5333333333333333,0.0,0.4,0.17391304347826086,0.3699190744330595,False,False,False,False,False,True,False,False,False,False,False,True,False,False,True,False
1,0.0,0.0,0.09016393442622951,0.4,0.4,1.0,0.047619047619047616,0.0,0.26666666666666666,0.0,0.0,0.17391304347826086,0.4373365334317979,False,True,False,False,True,False,False,False,True,False,True,False,False,False,False,True
0,0.09836065573770492,0.0,0.2540983606557377,0.6,0.8,0.75,0.09523809523809523,0.0,0.2,0.25,0.26666666666666666,0.043478260869565216,0.47192221299116893,True,False,False,False,False,True,False,False,False,False,False,False,True,False,False,True
1,0.01639344262295082,0.0,0.03278688524590164,0.8,0.6,1.0,0.09523809523809523,1.0,0.13333333333333333,0.125,0.06666666666666667,0.021739130434782608,0.44844456752515466,False,True,False,False,False,True,False,False,False,False,False,False,True,False,True,False
1,0.01639344262295082,1.0,0.09016393442622951,0.6,1.0,0.75,0.09523809523809523,0.0,0.2,0.1875,0.13333333333333333,0.06521739130434782,0.46955290932028676,True,False,False,False,False,False,True,False,False,False,False,False,True,False,False,True
0,0.26229508196721313,0.0,0.11475409836065574,0.6,0.6,0.75,0.42857142857142855,0.0,0.8,0.125,0.06666666666666667,0.10869565217391304,0.46973753038555033,True,False,False,False,True,False,False,False,True,False,False,False,True,False,True,False
1,0.01639344262295082,1.0,0.08196721311475409,0.6,0.8,1.0,0.3333333333333333,0.0,0.4666666666666667,0.0625,0.06666666666666667,0.06521739130434782,0.5485091848979968,True,False,True,False,False,False,False,False,True,False,True,False,False,False,False,True
0,0.0,1.0,0.09016393442622951,0.4,0.4,0.0,0.047619047619047616,0.0,0.13333333333333333,0.0625,0.0,0.043478260869565216,0.4518292870549863,False,True,False,False,True,False,False,False,True,False,True,False,False,False,False,True
1,0.01639344262295082,1.0,0.14754098360655737,0.8,0.6,1.0,0.14285714285714285,1.0,0.6666666666666666,0.0625,0.06666666666666667,0.06521739130434782,0.6481430197852242,True,False,False,False,False,True,False,False,False,False,False,False,False,False,False,True
1,0.0,0.0,0.07377049180327869,0.4,0.4,1.0,0.23809523809523808,1.0,0.0,0.0,0.0,0.08695652173913043,0.38945813717345146,False,True,True,False,False,False,False,False,False,False,False,True,False,False,False,True
1,0.11475409836065574,0.0,0.07377049180327869,0.4,0.4,0.75,0.047619047619047616,1.0,0.06666666666666667,0.0625,0.06666666666666667,0.06521739130434782,0.37976553124711526,False,False,False,False,False,False,False,False,True,False,False,True,False,False,True,False
1,0.0,1.0,0.22131147540983606,0.6,0.4,0.0,0.047619047619047616,1.0,0.0,0.0,0.0,0.17391304347826086,0.48053786270346777,False,False,False,False,False,False,True,False,True,False,True,False,False,False,True,False
1,0.04918032786885246,0.0,0.06557377049180328,0.8,0.6,1.0,0.38095238095238093,1.0,0.7333333333333333,0.125,0.13333333333333333,0.06521739130434782,0.45859872611464964,False,True,False,False,True,False,False,False,True,False,False,False,True,False,False,False
1,0.01639344262295082,0.0,0.09836065573770492,0.6,0.8,0.5,0.09523809523809523,0.0,0.6666666666666666,0.1875,0.13333333333333333,0.06521739130434782,0.46539893535185695,False,False,False,False,False,True,False,False,False,False,False,False,True,False,False,True
1,0.14754098360655737,0.0,0.1885245901639344,0.4,0.4,0.5,0.19047619047619047,1.0,0.0,0.0,0.0,0.021739130434782608,0.37330379396289115,False,True,False,False,False,True,False,False,False,False,False,True,False,False,True,False
1,0.01639344262295082,0.5,0.1557377049180328,0.6,0.6,0.5,0.047619047619047616,1.0,0.06666666666666667,0.0625,0.06666666666666667,0.021739130434782608,0.4689682759469522,False,False,False,False,False,True,False,False,False,False,False,False,True,False,True,False
0,0.09836065573770492,0.0,0.07377049180327869,0.4,0.6,0.75,0.2857142857142857,0.0,0.6666666666666666,0.0,0.0,0.021739130434782608,0.3883811809594141,False,True,False,False,False,False,False,False,False,False,False,True,False,False,True,False
0,0.14754098360655737,0.0,0.08196721311475409,0.6,0.0,0.75,0.047619047619047616,0.0,0.7333333333333333,0.0625,0.0,0.043478260869565216,0.3941659743376719,False,False,False,False,False,True,False,False,True,False,False,True,False,False,True,False
1,0.21311475409836064,1.0,0.03278688524590164,0.6,0.6,0.5,0.047619047619047616,1.0,0.2,0.0,0.0,0.043478260869565216,0.39025816178959355,False,True,False,False,False,False,True,False,True,False,False,True,False,False,False,False
1,0.14754098360655737,0.0,0.02459016393442623,0.6,0.6,0.5,0.2857142857142857,1.0,0.26666666666666666,0.0,0.0,0.0,0.37201144650604634,False,True,False,False,False,False,False,True,True,False,False,True,False,False,False,True
0,0.01639344262295082,0.0,0.1721311475409836,0.8,0.6,0.0,0.09523809523809523,0.0,0.9333333333333333,0.1875,0.13333333333333333,0.06521739130434782,0.45610634173359177,False,True,False,False,True,False,False,False,True,False,False,False,True,False,True,False
1,0.01639344262295082,0.0,0.040983606557377046,0.8,0.6,1.0,0.2857142857142857,0.0,0.2,0.125,0.06666666666666667,0.06521739130434782,0.5086618049786147,True,False,False,False,True,False,False,False,True,False,False,False,True,False,True,False
0,0.29508196721311475,0.0,0.2540983606557377,0.6,0.6,0.25,0.09523809523809523,0.0,1.0,0.125,0.06666666666666667,0.391304347826087,0.5243545955260162,True,False,False,False,False,False,False,True,True,False,True,False,False,False,False,True
0,0.45901639344262296,0.0,0.02459016393442623,0.6,0.6,0.0,0.3333333333333333,0.0,0.26666666666666666,0.4375,0.8,0.17391304347826086,0.9178128557801778,True,False,False,False,True,False,False,False,False,True,False,False,False,False,False,True
0,0.14754098360655737,0.0,0.09016393442622951,0.6,0.6,0.5,0.09523809523809523,0.0,0.6,0.0625,0.06666666666666667,0.1956521739130435,0.541493584417982,True,False,False,False,True,False,False,False,True,False,True,False,False,False,False,True
1,0.22950819672131148,1.0,0.08196721311475409,0.6,0.6,0.5,0.19047619047619047,1.0,0.26666666666666666,0.0625,0.06666666666666667,0.08695652173913043,0.5937413458875658,False,False,False,True,False,False,False,False,True,False,True,False,False,False,True,False
1,0.01639344262295082,0.5,0.16393442622950818,0.6,0.2,1.0,0.047619047619047616,0.0,0.4666666666666667,0.125,0.06666666666666667,0.021739130434782608,0.47558386411889597,True,False,False,False,False,False,False,True,True,False,False,False,True,False,True,False
0,0.26229508196721313,0.0,0.05737704918032787,0.4,0.6,0.25,0.19047619047619047,1.0,0.2,0.0625,0.0,0.0,0.8193175174620757,True,False,False,False,False,False,False,True,True,True,False,False,False,False,True,False
1,0.26229508196721313,0.0,0.02459016393442623,0.6,0.6,0.0,0.0,0.0,0.3333333333333333,0.0625,0.0,0.1956521739130435,0.6206037108834118,True,False,False,True,False,False,False,False,False,False,False,False,False,False,True,False
1,0.0,0.0,0.13114754098360656,0.4,0.4,0.5,0.3333333333333333,1.0,0.06666666666666667,0.1875,0.06666666666666667,0.15217391304347827,0.7264838918120559,True,False,False,False,True,False,False,False,True,False,False,False,False,False,True,False
1,0.13114754098360656,0.0,0.040983606557377046,0.6,0.6,1.0,0.23809523809523808,0.0,0.13333333333333333,0.125,0.06666666666666667,0.06521739130434782,0.4573063786578049,False,True,False,False,False,True,False,False,True,False,False,False,True,False,False,False
0,0.14754098360655737,1.0,0.00819672131147541,0.6,0.4,0.5,0.2857142857142857,0.0,0.13333333333333333,0.0625,0.0,0.0,0.5174005354010892,True,False,False,False,False,True,False,False,False,False,True,False,False,False,False,True
1,0.01639344262295082,1.0,0.18032786885245902,0.8,1.0,0.5,0.19047619047619047,1.0,0.06666666666666667,0.125,0.13333333333333333,0.06521739130434782,0.5249084587218068,True,False,False,False,False,True,False,False,False,False,True,False,False,False,False,False
1,0.3442622950819672,0.0,0.20491803278688525,0.8,0.6,0.25,0.09523809523809523,0.0,0.13333333333333333,0.75,1.0,0.06521739130434782,0.701929290132004,True,False,False,False,True,False,False,False,False,False,False,False,False,False,False,False
0,0.3114754098360656,0.0,0.22131147540983606,0.6,0.6,0.75,0.19047619047619047,0.0,0.26666666666666666,0.125,0.06666666666666667,0.021739130434782608,0.9403673959198745,False,False,False,False,True,False,False,False,False,False,False,False,False,True,False,True
1,0.01639344262295082,0.0,0.07377049180327869,0.8,1.0,0.5,0.09523809523809523,1.0,0.9333333333333333,0.125,0.06666666666666667,0.15217391304347827,0.5715252777008524,False,False,False,False,False,True,False,False,True,False,True,False,False,False,False,True
1,0.0,0.0,0.07377049180327869,0.6,0.6,0.5,0.047619047619047616,1.0,0.0,0.0625,0.0,0.043478260869565216,0.4304440136619588,False,True,False,False,True,False,False,False,True,False,False,False,True,False,False,True
0,0.04918032786885246,0.0,0.07377049180327869,0.4,0.4,0.0,0.0,0.0,0.2,0.0625,0.3333333333333333,0.15217391304347827,0.38659651066186645,False,False,False,False,False,False,False,False,False,False,False,True,False,False,False,True
0,0.2459016393442623,1.0,0.07377049180327869,0.4,0.4,0.75,0.0,0.0,0.0,0.125,0.2,0.043478260869565216,0.5177082371765285,True,False,False,False,False,False,True,False,True,False,True,False,False,False,True,False
0,0.4426229508196721,0.0,0.01639344262295082,0.6,0.8,0.5,0.23809523809523808,1.0,0.6666666666666666,0.0625,0.06666666666666667,0.06521739130434782,0.7835625711560354,False,False,False,False,True,False,False,False,False,True,False,False,False,False,True,False
1,0.01639344262295082,0.0,0.09016393442622951,0.6,0.6,1.0,0.14285714285714285,1.0,0.06666666666666667,0.0625,0.06666666666666667,0.021739130434782608,0.48223022246838365,False,False,False,False,True,False,False,False,True,False,False,False,True,False,False,True
0,0.04918032786885246,0.0,0.03278688524590164,0.8,0.6,0.75,0.047619047619047616,0.0,0.2,0.0625,0.06666666666666667,0.06521739130434782,0.48247638388873504,False,False,False,False,False,True,False,False,False,False,False,False,True,False,False,False
1,0.01639344262295082,0.0,0.040983606557377046,0.6,0.8,0.0,0.047619047619047616,1.0,0.06666666666666667,0.0625,0.06666666666666667,0.021739130434782608,0.47241453583187176,False,False,False,False,False,True,False,False,True,False,False,False,True,False,True,False
1,0.0,0.0,0.00819672131147541,0.6,0.0,0.75,0.047619047619047616,0.0,0.0,0.1875,0.2,0.15217391304347827,0.5368165174313055,False,False,False,False,False,True,False,False,False,False,False,False,False,False,False,True
1,0.01639344262295082,0.0,0.21311475409836064,0.6,0.8,0.5,0.2857142857142857,1.0,0.26666666666666666,0.0625,0.06666666666666667,0.08695652173913043,0.4470291393581341,False,True,False,False,False,True,False,False,True,False,False,False,True,False,False,True
0,0.03278688524590164,1.0,0.09836065573770492,0.8,0.6,0.75,0.09523809523809523,0.0,0.8,0.125,0.06666666666666667,0.021739130434782608,0.4169974460752639,False,True,False,False,True,False,False,False,True,False,False,False,True,False,False,False
1,0.0,0.0,0.09016393442622951,0.4,0.8,0.25,0.3333333333333333,0.0,0.13333333333333333,0.0,0.0,0.06521739130434782,0.41256654050893876,False,True,False,False,False,False,False,False,True,False,False,True,False,False,True,False
1,0.13114754098360656,0.0,0.21311475409836064,0.6,0.6,0.5,0.19047619047619047,1.0,0.8,0.0625,0.06666666666666667,0.021739130434782608,0.4818917505154005,False,False,False,False,False,True,False,False,True,False,False,False,True,False,True,False
1,0.04918032786885246,1.0,0.20491803278688525,0.6,0.0,0.75,0.19047619047619047,1.0,0.3333333333333333,0.0625,0.06666666666666667,0.0,0.7136834979537832,False,False,False,False,False,True,False,False,False,True,False,False,False,False,False,True
0,0.01639344262295082,0.0,0.02459016393442623,0.6,0.8,0.5,0.09523809523809523,1.0,0.2,0.0625,0.06666666666666667,0.021739130434782608,0.47487615003538575,True,False,False,False,False,True,False,False,False,False,False,False,True,False,True,False
0,0.21311475409836064,0.0,0.12295081967213115,0.8,0.8,0.75,0.3333333333333333,1.0,0.26666666666666666,0.875,1.0,0.06521739130434782,0.9115049693836734,True,False,False,False,True,False,False,False,False,True,False,False,False,False,True,False
1,0.08196721311475409,1.0,0.10655737704918032,0.4,0.4,1.0,0.0,1.0,0.06666666666666667,0.125,0.06666666666666667,0.30434782608695654,0.7310378780885565,False,False,False,False,False,True,False,False,True,True,False,False,False,False,False,True
0,0.06557377049180328,0.0,0.07377049180327869,0.6,0.8,0.75,0.09523809523809523,0.0,0.13333333333333333,0.125,0.06666666666666667,0.043478260869565216,0.4505061694205975,False,True,False,False,True,False,False,False,True,False,False,False,True,False,True,False
1,0.01639344262295082,0.0,0.14754098360655737,0.6,1.0,1.0,0.09523809523809523,1.0,0.8666666666666667,0.25,0.2,0.021739130434782608,0.455614018892889,False,False,True,False,False,False,False,False,True,False,False,False,True,False,True,False
0,0.29508196721311475,0.0,0.00819672131147541,0.6,0.4,0.75,0.047619047619047616,0.0,0.06666666666666667,0.375,0.4,0.15217391304347827,0.536662666543586,True,False,True,False,False,False,False,False,True,False,False,False,False,False,True,False
1,0.01639344262295082,1.0,0.04918032786885246,0.6,0.6,1.0,0.047619047619047616,1.0,0.8,0.1875,0.26666666666666666,0.06521739130434782,0.6794670605249392,True,False,False,True,False,False,False,False,True,False,False,False,False,False,False,True
0,0.4098360655737705,0.0,0.00819672131147541,0.6,0.4,0.25,0.09523809523809523,0.0,0.26666666666666666,0.0625,0.4,0.17391304347826086,0.8338410412628081,True,False,False,False,False,True,False,False,True,True,False,False,False,False,False,False
0,0.3442622950819672,0.0,0.05737704918032787,0.6,0.6,0.5,0.23809523809523808,0.0,0.26666666666666666,0.0625,0.06666666666666667,0.043478260869565216,0.9477214683528724,True,False,False,False,False,True,False,False,True,False,False,False,False,True,False,False
1,0.19672131147540983,1.0,0.07377049180327869,0.8,0.6,0.5,0.14285714285714285,1.0,0.06666666666666667,0.3125,0.4666666666666667,0.17391304347826086,0.46632204067817473,False,False,False,False,True,False,False,False,False,False,False,False,True,False,True,False
0,0.11475409836065574,0.0,0.16393442622950818,0.6,0.6,0.0,0.047619047619047616,0.0,0.06666666666666667,0.1875,0.4666666666666667,0.15217391304347827,0.3978276254653989,False,True,False,False,False,True,False,False,False,False,False,True,False,False,True,False
1,0.21311475409836064,1.0,0.00819672131147541,0.4,0.4,0.5,0.14285714285714285,1.0,0.2,0.0625,0.0,0.0,0.45318317486691895,False,False,False,False,False,False,False,True,True,False,True,False,False,False,False,True
1,0.01639344262295082,0.0,0.06557377049180328,0.8,0.8,0.25,0.09523809523809523,1.0,0.5333333333333333,0.125,0.06666666666666667,0.021739130434782608,0.4746607587925782,False,False,False,False,False,True,False,False,False,False,False,False,True,False,False,True
0,0.19672131147540983,0.0,0.1885245901639344,0.4,0.4,1.0,0.047619047619047616,1.0,0.13333333333333333,0.0625,0.06666666666666667,0.17391304347826086,0.6424813071171421,False,False,False,False,True,False,False,False,False,False,False,False,False,False,False,True
0,0.18032786885245902,1.0,0.02459016393442623,0.4,0.4,1.0,0.14285714285714285,0.0,0.26666666666666666,0.0,0.0,0.15217391304347827,0.5198006092495153,True,False,False,False,False,True,False,False,False,False,True,False,False,False,True,False
0,0.22950819672131148,0.0,0.09016393442622951,0.8,0.8,0.25,0.47619047619047616,0.0,0.26666666666666666,0.125,0.06666666666666667,0.06521739130434782,0.5346626050032308,False,False,False,False,False,True,False,False,True,False,True,False,False,False,False,False
1,0.01639344262295082,0.0,0.21311475409836064,0.8,0.8,0.0,0.09523809523809523,1.0,0.9333333333333333,0.125,0.06666666666666667,0.021739130434782608,0.459675682328687,False,False,False,False,False,True,False,False,True,False,False,False,True,False,False,True
1,0.01639344262295082,0.0,0.03278688524590164,0.6,0.6,1.0,0.3333333333333333,1.0,0.26666666666666666,0.0625,0.06666666666666667,0.06521739130434782,0.447459921843749,False,False,False,False,False,True,False,False,True,False,False,False,True,False,True,False
0,0.26229508196721313,0.0,0.09836065573770492,0.6,0.6,0.5,0.19047619047619047,0.0,0.8,0.125,0.2,0.08695652173913043,0.4749684605680175,False,False,True,False,False,False,False,False,True,False,False,False,True,False,True,False
0,0.06557377049180328,0.5,0.02459016393442623,0.6,0.6,1.0,0.14285714285714285,0.0,0.06666666666666667,0.0,0.0,0.0,0.5049386134957998,True,False,False,False,False,False,False,True,True,False,True,False,False,False,True,False
0,0.39344262295081966,0.5,0.04918032786885246,0.4,0.4,0.75,0.047619047619047616,1.0,0.0,0.0625,0.06666666666666667,0.21739130434782608,0.7392842856703282,True,False,False,False,False,True,False,False,True,True,False,False,False,False,True,False
1,0.01639344262295082,0.0,0.04918032786885246,0.6,0.6,0.0,0.47619047619047616,1.0,0.8666666666666667,0.125,0.06666666666666667,0.021739130434782608,0.45493707498692265,False,False,True,False,False,False,False,False,True,False,False,False,True,False,False,True
1,0.14754098360655737,0.0,0.13934426229508196,0.4,0.8,1.0,0.047619047619047616,1.0,0.8,0.1875,0.13333333333333333,0.0,0.3786885750330779,False,False,True,False,False,False,False,False,True,False,False,True,False,False,True,False
0,0.18032786885245902,1.0,0.04918032786885246,0.6,0.6,0.25,0.23809523809523808,0.0,0.4666666666666667,0.125,0.3333333333333333,0.1956521739130435,0.07692544385981107,False,False,False,False,False,False,True,False,True,False,False,False,True,False,True,False
1,0.01639344262295082,1.0,0.07377049180327869,0.6,0.6,0.0,0.09523809523809523,1.0,0.7333333333333333,0.125,0.06666666666666667,0.06521739130434782,0.45462937321148345,False,True,False,False,False,True,False,False,True,False,False,False,True,False,True,False
1,0.21311475409836064,0.0,0.2459016393442623,0.8,0.8,1.0,0.19047619047619047,0.0,0.6666666666666666,0.0625,0.06666666666666667,0.08695652173913043,0.5164466598972276,False,False,False,False,False,True,False,False,True,False,True,False,False,False,False,True
0,0.01639344262295082,0.0,0.09016393442622951,0.6,0.6,0.75,0.09523809523809523,0.0,0.4,0.125,0.06666666666666667,0.08695652173913043,0.4547524539216591,False,True,False,False,True,False,False,False,False,False,False,False,True,False,False,True
1,0.14754098360655737,1.0,0.04918032786885246,0.4,0.4,0.25,0.14285714285714285,0.0,0.2,0.0,0.0,0.0,0.3718883657958707,False,True,False,True,False,False,False,False,True,False,True,False,False,False,False,False
1,0.01639344262295082,0.0,0.10655737704918032,0.8,1.0,0.75,0.2857142857142857,0.0,0.3333333333333333,0.125,0.06666666666666667,0.021739130434782608,0.5316163574263824,True,False,False,False,True,False,False,False,False,False,True,False,False,False,True,False
0,0.2459016393442623,0.0,0.2459016393442623,0.6,0.4,0.5,0.09523809523809523,0.0,0.0,0.0625,0.0,0.043478260869565216,0.44789070432936395,False,False,False,False,False,True,False,False,False,False,True,False,False,False,True,False
1,0.26229508196721313,0.0,0.02459016393442623,0.6,0.6,0.0,0.0,0.0,0.3333333333333333,0.0,0.0,0.1956521739130435,0.6206037108834118,True,False,False,True,False,False,False,False,False,False,False,False,False,False,True,False
0,0.14754098360655737,0.0,0.03278688524590164,0.6,0.4,0.5,0.047619047619047616,0.0,0.6,0.0625,0.0,0.0,0.3717960552632389,False,False,False,False,False,False,False,False,False,False,False,True,False,False,True,False
1,0.0,1.0,0.1557377049180328,0.6,0.4,0.5,0.0,1.0,0.4666666666666667,0.0,0.13333333333333333,0.043478260869565216,0.44967537462691154,False,False,False,False,False,False,True,False,False,False,True,False,False,False,True,False
0,0.01639344262295082,0.0,0.03278688524590164,0.8,0.6,0.0,0.047619047619047616,0.0,0.26666666666666666,0.1875,0.13333333333333333,0.043478260869565216,0.4622603772423766,True,False,True,False,False,False,False,False,True,False,False,False,True,False,True,False
1,0.14754098360655737,0.5,0.1885245901639344,0.4,0.8,0.5,0.047619047619047616,0.0,0.0,0.0,0.0,0.0,0.35554940152004677,True,False,False,False,False,False,False,True,True,False,False,False,True,False,True,False
1,0.0,0.0,0.00819672131147541,0.6,0.6,0.5,0.0,1.0,0.2,0.0,0.0,0.043478260869565216,0.4224745376780824,False,True,False,False,False,True,False,False,True,False,False,False,True,False,False,True
0,0.32786885245901637,0.0,0.040983606557377046,0.6,0.6,0.75,0.38095238095238093,1.0,0.06666666666666667,0.3125,0.8666666666666667,0.21739130434782608,0.6256500200006154,True,False,False,False,False,True,False,False,False,False,False,False,False,False,True,False
0,0.04918032786885246,0.0,0.18032786885245902,0.6,0.6,0.0,0.09523809523809523,0.0,0.2,0.125,0.2,0.2391304347826087,0.5019231360964953,False,False,False,False,True,False,False,False,True,False,False,False,True,False,True,False
0,0.26229508196721313,0.0,0.07377049180327869,0.6,0.4,0.5,0.19047619047619047,1.0,0.2,0.0,0.0,0.043478260869565216,0.44684451829287053,False,True,False,False,False,False,False,True,False,False,True,False,False,False,True,False
1,0.06557377049180328,1.0,0.21311475409836064,0.8,0.2,0.75,0.23809523809523808,1.0,0.4,0.125,0.06666666666666667,0.021739130434782608,0.7906089418135942,False,False,False,False,False,True,False,False,False,True,False,False,False,False,False,True
1,0.0,0.0,0.07377049180327869,0.4,0.4,1.0,0.23809523809523808,1.0,0.0,0.0625,0.0,0.08695652173913043,0.38945813717345146,False,True,True,False,False,False,False,False,False,False,False,True,False,False,False,True
0,0.2459016393442623,0.0,0.02459016393442623,0.4,0.4,0.5,0.0,1.0,0.13333333333333333,0.0625,0.06666666666666667,0.21739130434782608,0.8572879165512786,False,False,False,False,False,True,False,False,True,True,False,False,False,False,False,False
0,0.3114754098360656,0.0,0.18032786885245902,0.8,0.6,0.0,0.047619047619047616,1.0,0.26666666666666666,0.1875,0.06666666666666667,0.2391304347826087,0.7999015354318594,True,False,False,False,True,False,False,False,True,True,False,False,False,False,True,False
0,0.3442622950819672,0.0,0.14754098360655737,0.8,0.2,0.5,0.09523809523809523,1.0,0.6,0.125,0.13333333333333333,0.17391304347826086,0.5405397089141204,False,False,False,False,True,False,False,False,True,False,True,False,False,False,True,False
0,0.11475409836065574,0.0,0.2459016393442623,0.4,0.4,0.5,0.19047619047619047,0.0,0.13333333333333333,0.0,0.4,0.15217391304347827,0.47475306932520994,True,False,False,False,True,False,False,False,True,False,True,False,False,False,False,False
1,0.01639344262295082,1.0,0.05737704918032787,0.8,0.6,0.75,0.09523809523809523,1.0,0.26666666666666666,0.125,0.06666666666666667,0.021739130434782608,0.44241361272654545,False,False,False,False,False,False,True,False,True,False,False,False,True,False,False,True
0,0.11475409836065574,1.0,0.08196721311475409,0.6,0.6,1.0,0.14285714285714285,0.0,0.2,0.1875,0.13333333333333333,0.06521739130434782,0.5813101941598202,True,False,False,False,False,True,False,False,True,False,True,False,False,False,True,False
0,0.29508196721311475,0.0,0.07377049180327869,0.6,0.4,0.0,0.42857142857142855,0.0,0.2,0.5,0.5333333333333333,0.17391304347826086,0.42145912181913286,False,True,False,False,False,False,False,True,True,False,True,False,False,False,True,False
1,0.14754098360655737,1.0,0.1885245901639344,0.4,0.4,0.5,0.047619047619047616,1.0,0.5333333333333333,0.0625,0.0,0.0,0.3592418228253177,True,False,False,False,False,False,True,False,True,False,False,False,True,False,False,True
0,0.18032786885245902,0.0,0.10655737704918032,0.6,0.6,0.0,0.09523809523809523,1.0,0.26666666666666666,0.125,0.06666666666666667,0.17391304347826086,0.7595618326717746,False,False,False,False,False,False,False,True,True,False,False,False,False,False,True,False
1,0.01639344262295082,0.0,0.09836065573770492,0.8,0.6,0.5,0.3333333333333333,0.0,0.06666666666666667,0.125,0.06666666666666667,0.06521739130434782,0.693805963260408,False,False,False,False,True,False,False,False,True,False,False,False,False,False,True,False
0,0.19672131147540983,0.0,0.10655737704918032,0.6,0.4,0.75,0.19047619047619047,0.0,0.6666666666666666,0.0625,0.0,0.0,0.47062986553432407,True,False,False,False,True,False,False,False,True,False,True,False,False,False,True,False
0,0.26229508196721313,0.0,0.03278688524590164,0.6,0.6,0.0,0.14285714285714285,1.0,0.26666666666666666,0.3125,0.8666666666666667,0.06521739130434782,0.6961444967537462,False,False,False,False,False,True,False,False,True,False,False,False,False,False,True,False
1,0.01639344262295082,1.0,0.05737704918032787,0.6,0.8,0.5,0.09523809523809523,1.0,0.06666666666666667,0.125,0.06666666666666667,0.08695652173913043,0.5613711191113573,True,False,False,False,False,False,True,False,True,False,True,False,False,False,False,True
1,0.09836065573770492,1.0,0.11475409836065574,0.6,0.6,1.0,0.047619047619047616,1.0,0.13333333333333333,0.0625,0.8666666666666667,0.32608695652173914,0.8079633219483676,False,False,False,False,False,True,False,False,True,True,False,False,False,False,False,True
1,0.01639344262295082,0.0,0.14754098360655737,0.6,0.2,1.0,0.09523809523809523,0.0,0.4,0.25,1.0,0.32608695652173914,0.46902981630204005,True,False,False,False,False,True,False,False,False,False,False,False,True,False,False,True
1,0.0,1.0,0.13934426229508196,0.6,0.4,1.0,0.09523809523809523,1.0,0.6,0.0,0.0,0.0,0.571217575925413,True,False,False,False,False,True,False,False,False,False,False,False,False,False,False,True
1,0.01639344262295082,0.0,0.06557377049180328,0.6,0.6,1.0,0.14285714285714285,0.0,0.06666666666666667,0.125,0.06666666666666667,0.08695652173913043,0.4757069448290716,True,False,False,False,True,False,False,False,True,False,False,False,True,False,False,True
0,0.29508196721311475,0.0,0.02459016393442623,0.8,0.2,1.0,0.14285714285714285,0.0,0.3333333333333333,0.125,0.13333333333333333,0.06521739130434782,0.539493522877627,True,False,False,False,False,True,False,False,True,False,True,False,False,False,True,False
1,0.01639344262295082,0.0,0.22131147540983606,0.6,1.0,0.5,0.09523809523809523,0.0,0.13333333333333333,0.0625,0.06666666666666667,0.043478260869565216,0.4551832364072741,False,True,False,False,False,True,False,False,True,False,False,False,True,False,False,True
0,0.03278688524590164,1.0,0.05737704918032787,0.8,0.6,0.25,0.09523809523809523,0.0,0.26666666666666666,0.125,0.06666666666666667,0.06521739130434782,0.5356472506846365,True,False,False,False,True,False,False,False,True,False,True,False,False,False,False,True
1,0.01639344262295082,0.0,0.2459016393442623,0.8,0.8,1.0,0.19047619047619047,0.0,0.6666666666666666,0.0625,0.06666666666666667,0.08695652173913043,0.5164466598972276,False,False,False,False,False,True,False,False,True,False,True,False,False,False,False,True
0,0.4426229508196721,0.0,0.09016393442622951,0.6,0.4,1.0,0.2857142857142857,1.0,0.5333333333333333,0.0,0.0,0.08695652173913043,0.4443213637342687,False,True,False,False,True,False,False,False,False,False,True,False,False,False,False,True
0,0.08196721311475409,0.0,0.00819672131147541,0.6,0.4,0.0,0.0,0.0,0.06666666666666667,0.0625,0.0,0.043478260869565216,0.37890396627588535,False,False,False,False,False,True,False,False,True,False,False,True,False,False,True,False
0,0.16393442622950818,1.0,0.07377049180327869,0.6,0.2,1.0,0.14285714285714285,0.0,0.4,0.375,0.4,0.30434782608695654,0.5273700729253207,False,False,False,False,False,False,True,False,False,False,True,False,False,False,False,False
0,0.13114754098360656,0.0,0.06557377049180328,0.6,0.6,0.5,0.09523809523809523,0.0,0.26666666666666666,0.0625,0.13333333333333333,0.2391304347826087,0.5326010031077879,True,False,False,False,False,False,False,True,False,False,True,False,False,False,False,True
0,0.11475409836065574,0.5,0.03278688524590164,0.8,0.6,0.5,0.09523809523809523,0.0,0.2,0.125,0.06666666666666667,0.10869565217391304,0.49539985845718326,True,False,False,False,False,False,False,True,True,False,False,False,True,False,True,False
1,0.01639344262295082,0.0,0.07377049180327869,0.6,0.6,0.5,0.19047619047619047,1.0,0.2,0.3125,0.4666666666666667,0.17391304347826086,0.48736884211821896,True,False,True,False,False,False,False,False,False,False,False,False,True,False,True,False
1,0.0,1.0,0.08196721311475409,0.4,0.6,1.0,0.3333333333333333,0.0,0.8,0.0,0.0,0.06521739130434782,0.41253577033139477,False,True,False,False,False,True,False,False,True,False,True,False,False,False,False,True
1,0.01639344262295082,1.0,0.12295081967213115,0.6,0.6,0.5,0.19047619047619047,1.0,0.06666666666666667,0.1875,0.13333333333333333,0.06521739130434782,0.6878365488168866,True,False,False,False,False,False,True,False,False,False,True,False,False,False,False,True
1,0.01639344262295082,0.5,0.18032786885245902,0.8,0.6,0.75,0.047619047619047616,1.0,0.06666666666666667,0.0625,0.06666666666666667,0.10869565217391304,0.45072156066340496,False,True,False,False,True,False,False,False,False,False,False,False,True,False,True,False
1,0.01639344262295082,0.0,0.03278688524590164,0.8,0.8,0.5,0.3333333333333333,1.0,0.3333333333333333,0.0625,0.06666666666666667,0.021739130434782608,0.44893689036585743,False,True,False,False,False,False,False,True,True,False,False,False,True,False,False,True
1,0.0,1.0,0.20491803278688525,0.4,0.0,1.0,0.047619047619047616,0.0,0.4,0.0,0.0,0.0,0.3412720391396658,False,False,False,True,False,False,False,False,True,False,False,False,True,False,False,True
1,0.3114754098360656,0.0,0.07377049180327869,0.6,0.4,0.0,0.047619047619047616,0.0,0.3333333333333333,0.0,0.0,0.0,0.3873042247453768,False,True,False,False,False,True,False,False,True,False,False,True,False,False,False,True
1,0.3442622950819672,0.0,0.03278688524590164,0.6,0.6,0.5,0.23809523809523808,0.0,0.9333333333333333,0.125,0.06666666666666667,0.021739130434782608,0.460906489430444,True,False,True,False,False,False,False,False,True,False,False,False,True,False,False,True
1,0.0,1.0,0.07377049180327869,0.4,0.6,0.75,0.047619047619047616,1.0,0.4666666666666667,0.0,0.0,0.0,0.3819502138527339,False,True,False,False,False,False,True,False,True,False,False,True,False,False,True,False
1,0.01639344262295082,1.0,0.11475409836065574,0.6,0.2,0.75,0.09523809523809523,0.0,0.3333333333333333,0.0625,0.06666666666666667,0.021739130434782608,0.4681990215083541,True,False,False,False,False,True,False,False,False,False,False,False,True,False,False,True
0,0.11475409836065574,0.0,0.08196721311475409,0.4,0.6,0.75,0.047619047619047616,0.0,0.2,0.25,0.4,0.15217391304347827,0.5729714760454168,True,False,False,False,True,False,False,False,False,False,False,False,False,False,False,True
1,0.01639344262295082,1.0,0.01639344262295082,0.6,0.8,0.5,0.3333333333333333,1.0,0.6,0.0625,0.06666666666666667,0.06521739130434782,0.47078371642204375,True,False,False,False,True,False,False,False,False,False,False,False,True,False,True,False
1,0.01639344262295082,0.0,0.02459016393442623,0.4,0.4,0.75,0.19047619047619047,0.0,0.0,0.0,0.0,0.08695652173913043,0.45709098741499743,False,True,False,False,True,False,False,False,True,False,True,False,False,False,True,False
1,0.14754098360655737,1.0,0.04918032786885246,0.6,0.4,0.75,0.047619047619047616,1.0,0.2,0.0625,0.0,0.0,0.36548816886673435,False,False,False,False,False,False,True,False,True,False,False,False,True,False,False,True
1,0.01639344262295082,1.0,0.1885245901639344,0.6,0.8,0.75,0.09523809523809523,1.0,0.2,0.125,0.06666666666666667,0.021739130434782608,0.4498907658697191,False,True,False,False,False,False,False,True,True,False,False,False,True,False,False,True
1,0.01639344262295082,0.0,0.08196721311475409,0.8,0.6,1.0,0.09523809523809523,1.0,0.4666666666666667,0.0625,0.06666666666666667,0.021739130434782608,0.45841410504938607,False,True,False,False,True,False,False,False,False,False,False,False,True,False,True,False
1,0.0,0.0,0.08196721311475409,0.6,0.4,1.0,0.19047619047619047,0.0,0.4,0.0,0.0,0.15217391304347827,0.4721991445890643,False,False,False,False,False,True,False,False,True,False,True,False,False,False,True,False
0,0.2786885245901639,0.0,0.07377049180327869,0.6,0.4,0.25,0.23809523809523808,0.0,0.26666666666666666,0.0625,0.13333333333333333,0.06521739130434782,0.44890612018831344,False,False,False,False,True,False,False,False,True,False,False,False,True,False,True,False
1,0.01639344262295082,1.0,0.040983606557377046,0.8,0.6,0.5,0.47619047619047616,0.0,0.26666666666666666,0.125,0.13333333333333333,0.021739130434782608,0.5254623219175975,True,False,False,False,False,True,False,False,False,False,True,False,False,False,False,True
1,0.0,0.0,0.07377049180327869,0.6,0.8,0.0,0.047619047619047616,1.0,0.4666666666666667,0.0,0.0,0.0,0.37970399089202744,False,True,True,False,False,False,False,False,True,False,False,True,False,False,False,True
1,0.01639344262295082,1.0,0.18032786885245902,0.8,1.0,0.5,0.19047619047619047,1.0,0.06666666666666667,0.0625,0.13333333333333333,0.06521739130434782,0.5249084587218068,True,False,False,False,False,True,False,False,False,False,True,False,False,False,True,False
0,0.06557377049180328,1.0,0.22131147540983606,0.6,0.6,0.5,0.38095238095238093,1.0,0.13333333333333333,0.1875,0.13333333333333333,0.06521739130434782,0.5303547801470815,False,False,True,False,False,False,False,False,False,False,True,False,False,False,True,False
0,0.0,1.0,0.07377049180327869,0.4,0.4,0.0,0.047619047619047616,0.0,0.8666666666666667,0.125,0.06666666666666667,0.043478260869565216,0.388011938828887,False,False,False,False,False,False,False,False,True,False,False,True,False,False,False,True
1,0.01639344262295082,0.0,0.05737704918032787,0.6,0.6,0.5,0.09523809523809523,1.0,0.2,0.1875,0.13333333333333333,0.06521739130434782,0.4905074002276993,True,False,True,False,False,False,False,False,True,False,False,False,True,False,False,True
1,0.01639344262295082,1.0,0.1721311475409836,0.8,0.4,0.25,0.42857142857142855,1.0,0.2,0.125,0.06666666666666667,0.10869565217391304,0.5478322409920305,False,False,False,False,False,False,True,False,True,False,True,False,False,False,False,True
0,0.45901639344262296,0.0,0.05737704918032787,0.6,0.6,1.0,0.23809523809523808,0.0,0.26666666666666666,0.125,0.06666666666666667,0.06521739130434782,0.9817532847164528,True,False,False,False,True,False,False,False,True,False,False,False,False,True,True,False
1,0.14754098360655737,0.0,0.02459016393442623,0.6,0.4,0.75,0.047619047619047616,0.0,0.06666666666666667,0.0,0.0,0.0,0.35056463275793104,True,False,False,False,False,True,False,False,True,False,False,False,True,False,False,True
1,0.14754098360655737,0.0,0.21311475409836064,0.6,0.4,0.75,0.047619047619047616,1.0,0.5333333333333333,0.375,0.4,0.17391304347826086,0.3699190744330595,False,False,False,False,False,True,False,False,False,False,False,True,False,False,True,False
1,0.22950819672131148,0.0,0.07377049180327869,0.4,0.8,0.25,0.09523809523809523,0.0,0.26666666666666666,0.0,0.0,0.06521739130434782,0.6354041662820394,False,False,False,False,False,True,False,False,True,False,False,False,False,False,False,True
0,0.3770491803278688,0.0,0.02459016393442623,0.2,0.4,1.0,0.09523809523809523,0.0,0.7333333333333333,0.0625,0.06666666666666667,0.043478260869565216,0.8571340656635589,False,False,False,False,True,False,False,False,False,True,False,False,False,False,False,False
0,0.01639344262295082,1.0,0.10655737704918032,0.8,0.2,0.0,0.42857142857142855,0.0,0.26666666666666666,0.0625,0.06666666666666667,0.021739130434782608,0.4625988491953599,True,False,False,False,True,False,False,False,False,False,False,False,True,False,True,False
1,0.2459016393442623,1.0,0.02459016393442623,0.4,0.8,0.0,0.047619047619047616,0.0,0.26666666666666666,0.1875,0.3333333333333333,0.1956521739130435,0.9183359487984245,True,False,False,False,False,False,True,False,False,False,False,False,False,True,True,False
1,0.14754098360655737,0.0,0.18032786885245902,0.6,0.4,0.75,0.19047619047619047,0.0,0.7333333333333333,0.1875,0.13333333333333333,0.15217391304347827,0.5823563801963136,True,False,False,False,True,False,False,False,False,False,True,False,False,False,True,False
1,0.14754098360655737,0.0,0.13934426229508196,0.4,0.8,1.0,0.047619047619047616,1.0,0.8,0.0,0.13333333333333333,0.0,0.3786885750330779,False,False,True,False,False,False,False,False,True,False,False,True,False,False,True,False
1,0.0,0.0,0.07377049180327869,0.6,0.6,0.75,0.23809523809523808,0.0,0.3333333333333333,0.0625,0.0,0.021739130434782608,0.3860426474660759,False,True,True,False,False,False,False,False,False,False,False,True,False,False,True,False
1,0.01639344262295082,0.0,0.21311475409836064,0.6,0.6,0.75,0.09523809523809523,1.0,0.4666666666666667,0.0625,0.06666666666666667,0.021739130434782608,0.4587218068248254,False,True,False,False,True,False,False,False,True,False,False,False,True,False,True,False
1,0.0,0.0,0.040983606557377046,0.6,0.6,0.5,0.23809523809523808,0.0,0.3333333333333333,0.0,0.0,0.043478260869565216,0.427520846795286,False,False,True,False,False,False,False,False,True,False,False,False,True,False,False,True
1,0.01639344262295082,0.0,0.07377049180327869,0.6,0.6,0.5,0.09523809523809523,1.0,0.4,0.0625,0.06666666666666667,0.06521739130434782,0.4734299516908213,False,False,False,False,False,True,False,False,False,False,False,False,True,False,False,False
1,0.14754098360655737,0.0,0.02459016393442623,0.6,0.4,1.0,0.047619047619047616,1.0,0.06666666666666667,0.0625,0.0,0.0,0.37151912366534356,False,True,False,False,False,True,False,False,False,False,False,True,False,False,True,False
1,0.01639344262295082,1.0,0.1885245901639344,0.6,0.8,0.75,0.09523809523809523,1.0,0.2,0.0625,0.06666666666666667,0.021739130434782608,0.4498907658697191,False,True,False,False,False,False,False,True,True,False,False,False,True,False,False,True
1,0.01639344262295082,0.0,0.06557377049180328,0.6,0.6,1.0,0.14285714285714285,0.0,0.06666666666666667,0.0625,0.06666666666666667,0.08695652173913043,0.4757069448290716,True,False,False,False,True,False,False,False,True,False,False,False,True,False,False,True
1,0.14754098360655737,1.0,0.01639344262295082,0.4,0.8,0.5,0.047619047619047616,0.0,0.06666666666666667,0.0,0.0,0.0,0.34951844672143756,False,False,False,False,False,True,False,False,False,False,False,False,True,False,False,True
1,0.01639344262295082,1.0,0.16393442622950818,0.8,0.6,0.5,0.047619047619047616,1.0,0.5333333333333333,0.0625,0.2,0.06521739130434782,0.5266008184867226,False,False,False,False,False,False,True,False,False,False,True,False,False,False,True,False
1,0.01639344262295082,1.0,0.20491803278688525,0.6,0.8,1.0,0.09523809523809523,0.0,0.2,0.125,0.2,0.2391304347826087,0.610357241761285,True,False,False,False,False,True,False,False,False,False,False,False,False,False,True,False
1,0.01639344262295082,1.0,0.09016393442622951,0.6,0.6,0.0,0.09523809523809523,0.0,0.2,0.0625,0.06666666666666667,0.021739130434782608,0.41788978122403764,False,True,False,False,True,False,False,False,True,False,False,False,True,False,False,True
1,0.01639344262295082,0.0,0.03278688524590164,0.6,0.6,0.5,0.3333333333333333,0.0,0.4666666666666667,0.1875,0.13333333333333333,0.043478260869565216,0.5194621372965321,True,False,False,False,True,False,False,False,True,False,False,False,True,False,False,True
0,0.22950819672131148,0.0,0.1721311475409836,0.4,0.6,0.0,0.42857142857142855,1.0,0.3333333333333333,0.25,0.2,0.17391304347826086,0.4689682759469522,True,False,False,False,True,False,False,False,True,False,True,False,False,False,True,False
0,0.13114754098360656,1.0,0.01639344262295082,0.8,0.2,0.25,0.047619047619047616,0.0,0.06666666666666667,0.125,0.06666666666666667,0.06521739130434782,0.6838671959137204,True,False,False,False,False,False,True,False,True,False,True,False,False,False,True,False
1,0.0,0.5,0.07377049180327869,0.4,0.6,0.25,0.047619047619047616,0.0,0.06666666666666667,0.0625,0.0,0.0,0.38659651066186645,False,True,True,False,False,False,False,False,True,False,False,True,False,False,False,True
1,0.09836065573770492,0.0,0.1721311475409836,0.6,0.2,0.5,0.3333333333333333,1.0,0.13333333333333333,0.0625,0.13333333333333333,0.06521739130434782,0.4695221391427429,False,False,False,False,True,False,False,False,True,False,False,False,True,False,True,False
0,0.09836065573770492,0.0,0.11475409836065574,0.4,0.4,0.0,0.14285714285714285,0.0,0.4666666666666667,0.0625,0.0,0.043478260869565216,0.41392042832087145,False,True,False,False,False,True,False,False,False,False,False,True,False,False,False,True
0,0.03278688524590164,0.0,0.09016393442622951,0.8,0.6,0.5,0.2857142857142857,0.0,0.5333333333333333,0.0625,0.13333333333333333,0.06521739130434782,0.4577679313209637,False,True,False,False,True,False,False,False,False,False,False,False,True,False,True,False
0,0.06557377049180328,0.0,0.07377049180327869,0.6,0.8,0.75,0.09523809523809523,0.0,0.13333333333333333,0.0625,0.06666666666666667,0.043478260869565216,0.4505061694205975,False,True,False,False,True,False,False,False,True,False,False,False,True,False,True,False
1,0.32786885245901637,0.0,0.06557377049180328,0.4,0.6,1.0,0.3333333333333333,1.0,0.2,0.25,0.26666666666666666,0.1956521739130435,0.61564971229884,True,False,False,False,True,False,False,False,False,False,False,False,False,False,False,False
1,0.0,1.0,0.03278688524590164,0.6,0.4,0.5,0.42857142857142855,0.0,0.2,0.0625,0.06666666666666667,0.0,0.4485368780577864,False,True,False,False,False,True,False,False,False,False,True,False,False,False,False,True
1,0.21311475409836064,1.0,0.00819672131147541,0.6,0.4,0.5,0.3333333333333333,0.0,0.06666666666666667,0.0625,0.0,0.021739130434782608,0.5147235299547678,False,False,False,False,False,True,False,False,True,False,True,False,False,False,True,False
0,0.13114754098360656,0.0,0.09016393442622951,0.6,0.8,0.75,0.09523809523809523,0.0,0.26666666666666666,0.3125,0.4666666666666667,0.06521739130434782,0.6498969199052279,True,False,False,False,True,False,False,False,False,False,False,False,False,False,False,True
1,0.32786885245901637,0.0,0.07377049180327869,0.4,0.4,0.5,0.19047619047619047,0.0,0.8666666666666667,0.0625,0.0,0.0,0.3839810455706329,False,True,True,False,False,False,False,False,True,False,False,True,False,False,False,True
0,0.4262295081967213,0.0,0.04918032786885246,0.4,0.4,0.5,0.19047619047619047,0.0,0.0,0.0625,0.2,0.17391304347826086,0.8952275454629373,True,False,False,False,False,False,False,True,False,False,False,False,False,True,True,False
1,0.14754098360655737,0.0,0.21311475409836064,0.4,0.8,0.5,0.047619047619047616,0.0,0.06666666666666667,0.0,0.0,0.021739130434782608,0.378257792547463,False,True,False,False,False,True,False,False,True,False,False,True,False,False,False,True
1,0.32786885245901637,0.0,0.13114754098360656,0.8,0.6,0.75,0.47619047619047616,1.0,0.5333333333333333,0.25,0.26666666666666666,0.08695652173913043,0.5373396104495523,True,False,False,False,False,True,False,False,False,False,False,False,True,False,True,False
0,0.14754098360655737,0.0,0.02459016393442623,0.8,0.8,1.0,0.09523809523809523,0.0,0.6,0.125,0.06666666666666667,0.06521739130434782,0.4600141542816702,False,True,False,False,True,False,False,False,True,False,False,False,True,False,False,True
1,0.01639344262295082,0.0,0.05737704918032787,0.6,0.8,0.5,0.09523809523809523,1.0,0.26666666666666666,0.0625,0.06666666666666667,0.17391304347826086,0.4574294593679805,False,False,False,False,True,False,False,False,False,False,False,False,True,False,True,False
1,0.22950819672131148,1.0,0.040983606557377046,0.6,0.8,0.5,0.09523809523809523,1.0,0.26666666666666666,0.0625,0.06666666666666667,0.06521739130434782,0.46718360564940464,True,False,False,False,False,False,True,False,True,False,False,False,True,False,False,False
0,0.11475409836065574,0.0,0.02459016393442623,0.4,0.6,1.0,0.047619047619047616,0.0,0.0,0.0625,0.0,0.06521739130434782,0.4425059232591772,False,True,False,False,True,False,False,False,False,False,False,False,True,False,False,True
0,0.14754098360655737,0.0,0.09836065573770492,0.4,0.4,0.75,0.047619047619047616,0.0,0.13333333333333333,0.0625,0.0,0.043478260869565216,0.3767500538478107,False,True,False,False,False,False,False,False,False,False,False,True,False,False,False,False
1,0.0,0.0,0.07377049180327869,0.6,0.8,0.25,0.047619047619047616,1.0,0.4666666666666667,0.0625,0.0,0.0,0.37970399089202744,False,True,True,False,False,False,False,False,True,False,False,True,False,False,False,True
0,0.03278688524590164,0.0,0.08196721311475409,0.8,0.6,0.25,0.09523809523809523,0.0,0.7333333333333333,0.0625,0.06666666666666667,0.06521739130434782,0.48647650696944517,True,False,False,False,False,True,False,False,False,False,False,False,True,False,False,True
1,0.0,0.0,0.09016393442622951,0.4,0.4,0.5,0.047619047619047616,1.0,0.0,0.0625,0.0,0.021739130434782608,0.33874888458106406,True,False,False,False,True,False,False,False,True,False,False,False,True,False,False,True
0,0.14754098360655737,1.0,0.09016393442622951,0.4,0.4,0.75,0.047619047619047616,0.0,0.2,0.125,0.06666666666666667,0.043478260869565216,0.3783808732576387,False,True,False,False,False,False,True,False,True,False,False,True,False,False,True,False
0,0.4426229508196721,0.0,0.040983606557377046,0.6,0.6,0.5,0.19047619047619047,1.0,0.26666666666666666,0.125,0.06666666666666667,0.08695652173913043,0.9256900212314224,True,False,False,False,True,False,False,False,True,True,False,False,False,False,True,False
1,0.01639344262295082,0.5,0.09016393442622951,0.6,0.6,0.5,0.09523809523809523,0.0,0.3333333333333333,0.125,0.13333333333333333,0.06521739130434782,0.4689990461244961,True,False,True,False,False,False,False,False,False,False,False,False,True,False,False,False
1,0.06557377049180328,1.0,0.19672131147540983,0.8,0.8,0.5,0.14285714285714285,1.0,0.13333333333333333,0.125,0.06666666666666667,0.021739130434782608,0.5809409520292932,True,False,False,False,False,False,True,False,True,False,True,False,False,False,True,False
1,0.01639344262295082,1.0,0.06557377049180328,0.6,1.0,0.5,0.047619047619047616,0.0,0.4,0.125,0.06666666666666667,0.021739130434782608,0.4569679067048216,False,False,False,False,False,False,True,False,False,False,False,False,True,False,True,False
0,0.19672131147540983,0.0,0.1885245901639344,0.4,0.4,1.0,0.047619047619047616,1.0,0.13333333333333333,0.0625,0.06666666666666667,0.17391304347826086,0.6424813071171421,False,False,False,False,True,False,False,False,False,False,False,False,False,False,False,True
1,0.01639344262295082,0.0,0.07377049180327869,0.8,0.6,0.5,0.09523809523809523,0.0,0.5333333333333333,0.125,0.06666666666666667,0.043478260869565216,0.5348779962460384,True,False,False,False,False,True,False,False,True,False,True,False,False,False,False,False
1,0.0,0.0,0.07377049180327869,0.4,0.6,1.0,0.047619047619047616,1.0,0.0,0.0,0.0,0.0,0.37905781716360504,False,True,False,False,False,True,False,False,False,False,False,True,False,False,False,False
0,0.0,1.0,0.18032786885245902,0.6,0.0,0.0,0.047619047619047616,0.0,0.4,0.125,0.06666666666666667,0.043478260869565216,0.3901043109018739,False,True,False,False,False,False,True,False,True,False,False,True,False,False,False,True
0,0.18032786885245902,0.0,0.1885245901639344,0.8,0.2,1.0,0.09523809523809523,1.0,0.13333333333333333,0.125,0.06666666666666667,0.17391304347826086,0.49429213206560196,True,False,False,False,False,True,False,False,True,False,False,False,True,False,True,False
0,0.04918032786885246,0.0,0.00819672131147541,0.4,0.8,0.5,0.14285714285714285,0.0,0.6666666666666666,0.0625,0.0,0.043478260869565216,0.42564386596510667,False,True,False,False,False,True,False,False,True,False,False,False,True,False,False,False
0,0.11475409836065574,1.0,0.2459016393442623,0.4,0.4,0.75,0.14285714285714285,0.0,0.06666666666666667,0.0625,0.0,0.06521739130434782,0.5923259177205452,True,False,True,False,False,False,False,False,True,False,False,False,False,False,True,False
0,0.47540983606557374,0.0,0.08196721311475409,0.6,0.8,0.75,0.09523809523809523,1.0,0.3333333333333333,0.25,1.0,0.021739130434782608,0.8023939198129172,False,False,False,False,True,False,False,False,True,True,False,False,False,False,True,False
0,0.39344262295081966,0.0,0.01639344262295082,0.6,0.8,0.5,0.14285714285714285,0.0,0.3333333333333333,0.0625,0.06666666666666667,0.06521739130434782,0.4981691744361365,True,False,False,False,True,False,False,False,True,False,False,False,True,False,False,False
1,0.18032786885245902,1.0,0.23770491803278687,0.8,0.2,0.5,0.23809523809523808,1.0,0.13333333333333333,0.0625,0.06666666666666667,0.08695652173913043,0.5814640450475399,False,False,False,False,False,True,False,False,False,False,True,False,False,False,False,True
1,0.0,1.0,0.10655737704918032,0.6,0.0,0.75,0.047619047619047616,0.0,0.26666666666666666,0.0,0.0,0.0,0.39127357764854304,False,True,False,False,False,True,False,False,False,False,False,True,False,False,False,True
1,0.0,0.0,0.03278688524590164,0.6,0.4,1.0,0.047619047619047616,1.0,0.0,0.5625,0.5333333333333333,0.15217391304347827,0.41072032985630325,False,False,False,False,False,True,False,False,True,False,False,True,False,False,False,True
0,0.21311475409836064,0.0,0.08196721311475409,0.4,0.4,0.75,0.38095238095238093,1.0,0.2,0.0,0.0,0.0,0.4189975076156189,False,False,False,False,True,False,False,False,True,False,False,False,True,False,True,False
1,0.01639344262295082,0.0,0.1885245901639344,0.6,0.6,0.5,0.09523809523809523,0.0,0.6666666666666666,0.125,0.06666666666666667,0.021739130434782608,0.4577679313209637,False,True,False,False,True,False,False,False,True,False,False,False,True,False,True,False
0,0.2459016393442623,0.0,0.07377049180327869,0.4,0.6,1.0,0.0,1.0,0.0,0.4375,0.4,0.17391304347826086,0.38748884581064036,False,True,False,False,False,False,False,False,False,False,False,True,False,False,True,False
1,0.0,0.0,0.04918032786885246,0.4,0.4,0.5,0.047619047619047616,1.0,0.13333333333333333,0.125,0.06666666666666667,0.043478260869565216,0.41358195636788825,False,True,True,False,False,False,False,False,True,False,False,True,False,False,False,True
1,0.01639344262295082,0.0,0.1557377049180328,0.8,0.6,0.75,0.09523809523809523,0.0,0.2,0.0625,0.06666666666666667,0.021739130434782608,0.4526293116711283,False,True,False,False,False,True,False,False,False,False,False,False,True,False,False,False
0,0.39344262295081966,0.5,0.04918032786885246,0.4,0.4,0.75,0.047619047619047616,1.0,0.0,0.0,0.06666666666666667,0.21739130434782608,0.7392842856703282,True,False,False,False,False,True,False,False,True,True,False,False,False,False,True,False
0,0.16393442622950818,0.0,0.09016393442622951,0.4,0.4,0.75,0.09523809523809523,1.0,0.06666666666666667,0.0,0.0,0.021739130434782608,0.4368442105910951,False,True,False,False,False,True,False,False,True,False,True,False,False,False,False,True
0,0.3442622950819672,0.5,0.22950819672131148,0.8,0.6,0.5,0.19047619047619047,0.0,0.26666666666666666,0.125,0.06666666666666667,0.021739130434782608,0.9895073694575217,True,False,False,False,False,True,False,False,False,False,False,False,False,True,True,False
0,0.14754098360655737,1.0,0.1721311475409836,0.4,0.4,0.25,0.047619047619047616,0.0,0.26666666666666666,0.0,0.0,0.043478260869565216,0.37407304840148925,False,False,False,True,False,False,False,False,False,False,False,True,False,False,False,False
1,0.01639344262295082,0.0,0.03278688524590164,0.8,0.6,0.0,0.3333333333333333,1.0,0.2,0.1875,0.13333333333333333,0.06521739130434782,0.49915382011754206,False,False,False,False,False,True,False,False,True,False,False,False,True,False,False,False
0,0.21311475409836064,0.0,0.02459016393442623,0.4,0.4,1.0,0.19047619047619047,0.0,0.4,0.0625,0.0,0.043478260869565216,0.4116126650050771,False,True,False,False,False,True,False,False,False,False,False,True,False,False,True,False
0,0.09836065573770492,0.0,0.13114754098360656,0.6,0.4,0.0,0.0,1.0,0.13333333333333333,0.3125,0.4666666666666667,0.021739130434782608,0.036924213052709313,True,False,False,False,True,False,False,False,False,False,True,False,False,False,True,False
1,0.0,0.0,0.13114754098360656,0.4,0.4,0.5,0.3333333333333333,0.0,0.2,0.0,0.0,0.0,0.45644481368657497,False,True,False,False,False,False,False,True,True,False,True,False,False,False,True,False
1,0.0,0.0,0.040983606557377046,0.6,0.4,1.0,0.047619047619047616,0.0,0.5333333333333333,0.0625,0.0,0.0,0.3991815132773316,False,True,True,False,False,False,False,False,True,False,False,True,False,False,False,True
0,0.3442622950819672,0.0,0.09016393442622951,0.8,0.6,0.5,0.23809523809523808,0.0,0.13333333333333333,0.0625,0.13333333333333333,0.021739130434782608,0.4493984430290163,False,True,False,False,False,True,False,False,False,False,False,False,True,False,False,True
0,0.06557377049180328,0.0,0.07377049180327869,0.4,0.6,0.75,0.0,1.0,0.3333333333333333,0.0625,0.06666666666666667,0.043478260869565216,0.38945813717345146,False,True,False,False,False,True,False,False,True,False,False,True,False,False,False,True
0,0.22950819672131148,0.0,0.09016393442622951,0.6,0.6,0.5,0.19047619047619047,0.0,0.06666666666666667,0.0625,0.06666666666666667,0.17391304347826086,0.506938675036155,False,False,False,False,False,False,False,True,True,False,True,False,False,False,True,False
0,0.4426229508196721,0.0,0.01639344262295082,0.4,0.4,0.5,0.3333333333333333,0.0,0.4,0.0,0.0,0.08695652173913043,0.6308501800055386,False,False,False,False,False,True,False,False,False,False,False,False,False,False,True,False
1,0.0,0.0,0.03278688524590164,0.4,0.4,0.5,0.0,1.0,0.5333333333333333,0.0625,0.0,0.043478260869565216,0.4360441859749531,False,True,False,False,False,True,False,False,False,False,True,False,False,False,False,False
0,0.19672131147540983,0.0,0.2540983606557377,0.6,0.6,0.0,0.09523809523809523,0.0,0.06666666666666667,0.4375,0.6,0.21739130434782608,0.4586602664697375,False,False,False,False,False,True,False,False,False,False,True,False,False,False,False,True
1,0.0,0.0,0.040983606557377046,0.4,0.6,0.5,0.23809523809523808,0.0,0.3333333333333333,0.0625,0.0,0.043478260869565216,0.427520846795286,False,False,True,False,False,False,False,False,True,False,False,False,True,False,False,True
0,0.4918032786885246,0.0,0.09016393442622951,0.8,0.6,0.5,0.14285714285714285,0.0,0.6,0.125,0.06666666666666667,0.08695652173913043,0.47515308163328096,False,False,False,False,True,False,False,False,False,False,False,False,True,False,True,False
1,0.01639344262295082,1.0,0.14754098360655737,0.8,0.6,1.0,0.2857142857142857,0.0,0.3333333333333333,0.125,0.06666666666666667,0.06521739130434782,0.5484476445429091,True,False,False,False,False,False,True,False,False,False,True,False,False,False,False,True
0,0.0,1.0,0.09016393442622951,0.6,0.6,0.25,0.047619047619047616,1.0,0.0,0.125,0.2,0.08695652173913043,0.4852149296901443,True,False,False,False,False,False,True,False,False,False,True,False,False,False,False,False
0,0.2459016393442623,1.0,0.10655737704918032,0.6,0.4,0.0,0.14285714285714285,1.0,0.06666666666666667,0.0,0.0,0.0,0.46422966860518783,True,False,False,False,False,False,True,False,True,False,True,False,False,False,True,False
0,0.3770491803278688,0.0,0.23770491803278687,0.4,0.4,1.0,0.19047619047619047,1.0,0.0,0.0625,0.0,0.043478260869565216,0.8271023723806886,True,False,False,False,False,True,False,False,False,True,False,False,False,False,True,False
1,0.01639344262295082,0.0,0.01639344262295082,0.8,0.8,0.5,0.047619047619047616,1.0,0.26666666666666666,0.0625,0.06666666666666667,0.06521739130434782,0.4993999815378935,True,False,False,False,False,True,False,False,True,False,False,False,True,False,False,True
0,0.45901639344262296,0.0,0.07377049180327869,0.8,0.6,0.0,0.23809523809523808,0.0,0.3333333333333333,0.125,0.06666666666666667,0.17391304347826086,0.5955260161851134,True,False,False,False,True,False,False,False,False,False,True,False,False,False,True,False
0,0.3442622950819672,0.0,0.02459016393442623,0.8,0.6,0.75,0.047619047619047616,0.0,0.5333333333333333,0.0625,0.06666666666666667,0.2826086956521739,0.7525462321917598,False,False,False,False,True,False,False,False,False,False,False,False,False,False,True,False
1,0.3442622950819672,0.0,0.03278688524590164,0.6,0.8,0.25,0.47619047619047616,1.0,0.26666666666666666,0.0625,0.06666666666666667,0.021739130434782608,0.45786024185359553,False,False,False,False,False,True,False,False,True,False,False,False,True,False,True,False
1,0.14754098360655737,0.5,0.1721311475409836,0.6,0.4,0.75,0.0,1.0,0.0,0.0,0.0,0.08695652173913043,0.3737961168035939,False,True,False,False,False,False,False,False,False,False,False,True,False,False,True,False
1,0.14754098360655737,0.0,0.07377049180327869,0.6,0.4,0.5,0.047619047619047616,0.0,0.06666666666666667,0.0,0.0,0.0,0.36628819348287633,False,False,False,False,False,False,False,False,True,False,False,False,True,False,False,True
1,0.01639344262295082,1.0,0.10655737704918032,0.6,0.4,0.5,0.42857142857142855,0.0,0.13333333333333333,0.125,0.06666666666666667,0.06521739130434782,0.5294624449983076,False,False,False,False,False,False,False,True,True,False,True,False,False,False,False,False
0,0.16393442622950818,0.0,0.06557377049180328,0.8,0.2,1.0,0.19047619047619047,1.0,0.2,0.0625,0.06666666666666667,0.06521739130434782,0.555770946798363,False,False,False,False,False,True,False,False,True,False,True,False,False,False,True,False
1,0.0,1.0,0.08196721311475409,0.6,0.8,0.75,0.047619047619047616,0.0,0.13333333333333333,0.0625,0.06666666666666667,0.043478260869565216,0.39262746546047567,False,True,False,False,False,False,True,False,False,False,False,True,False,False,False,True
1,0.0,0.0,0.07377049180327869,0.6,0.6,1.0,0.2857142857142857,0.0,0.13333333333333333,0.0625,0.0,0.15217391304347827,0.3803809347979938,False,True,True,False,False,False,False,False,True,False,False,True,False,False,False,True
0,0.01639344262295082,0.0,0.13934426229508196,0.6,0.0,1.0,0.0,0.0,0.5333333333333333,0.0,0.0,0.15217391304347827,0.4818917505154005,True,False,False,False,True,False,False,False,True,False,True,False,False,False,False,True
0,0.3770491803278688,0.0,0.06557377049180328,0.6,0.8,0.5,0.14285714285714285,1.0,0.6,0.0625,0.13333333333333333,0.2826086956521739,0.814363518877504,True,False,False,False,False,True,False,False,False,True,False,False,False,False,True,False
0,0.2459016393442623,0.0,0.02459016393442623,0.6,0.6,0.25,0.14285714285714285,0.0,0.8,0.0,0.0,0.0,0.5163543493645958,True,False,False,False,False,False,False,True,True,False,True,False,False,False,False,True
1,0.14754098360655737,1.0,0.08196721311475409,0.4,0.4,1.0,0.047619047619047616,0.0,0.5333333333333333,0.0625,0.0,0.0,0.36278039324286904,False,False,False,False,False,False,True,False,True,False,False,False,True,False,True,False
1,0.0,0.0,0.12295081967213115,0.4,0.6,0.75,0.047619047619047616,1.0,0.8666666666666667,0.0625,0.0,0.043478260869565216,0.4228745499861534,False,True,False,False,False,False,False,True,True,False,False,False,True,False,True,False
0,0.32786885245901637,0.0,0.08196721311475409,0.8,0.8,1.0,0.42857142857142855,1.0,0.8666666666666667,0.125,0.06666666666666667,0.17391304347826086,0.5266315886642666,True,False,False,False,False,True,False,False,False,False,True,False,False,False,True,False
0,0.14754098360655737,0.0,0.03278688524590164,0.2,0.4,0.75,0.19047619047619047,0.0,0.06666666666666667,0.375,0.4,0.15217391304347827,0.4457060217237453,False,True,True,False,False,False,False,False,True,False,True,False,False,False,False,True
0,0.11475409836065574,0.0,0.06557377049180328,0.4,0.4,0.75,0.0,0.0,0.0,0.0,0.06666666666666667,0.06521739130434782,0.6767592849010738,True,False,False,False,False,True,False,False,False,False,False,False,False,False,False,True
0,0.47540983606557374,0.0,0.03278688524590164,0.6,0.8,1.0,0.38095238095238093,0.0,0.26666666666666666,0.25,0.4,0.06521739130434782,0.9002123142250531,False,False,False,False,True,False,False,False,True,True,False,False,False,False,False,True
0,0.0,0.0,0.19672131147540983,0.6,0.4,0.25,0.047619047619047616,0.0,0.7333333333333333,0.0625,0.0,0.043478260869565216,0.3965045078310102,False,True,False,False,False,True,False,False,False,False,False,True,False,False,True,False
0,0.01639344262295082,0.0,0.08196721311475409,0.8,0.6,0.0,0.09523809523809523,0.0,0.06666666666666667,0.125,0.06666666666666667,0.10869565217391304,0.490630480937875,True,False,False,False,True,False,False,False,False,False,False,False,True,False,False,True
1,0.0,0.0,0.20491803278688525,0.6,0.6,1.0,0.047619047619047616,0.0,0.06666666666666667,0.0,0.0,0.1956521739130435,0.5760792639773531,False,False,True,False,False,False,False,False,True,False,False,False,False,False,False,True
0,0.29508196721311475,0.0,0.07377049180327869,0.6,0.6,0.0,0.047619047619047616,1.0,0.26666666666666666,0.0625,0.06666666666666667,0.2391304347826087,0.9707683313332718,True,False,False,False,True,False,False,False,False,False,False,False,False,True,True,False
0,0.01639344262295082,0.0,0.01639344262295082,0.6,0.6,0.75,0.09523809523809523,0.0,0.06666666666666667,0.0625,0.06666666666666667,0.10869565217391304,0.5020462168066709,True,False,False,False,True,False,False,False,True,False,False,False,True,False,True,False
1,0.01639344262295082,0.0,0.09016393442622951,0.6,0.8,1.0,0.047619047619047616,1.0,0.8,0.0625,0.06666666666666667,0.06521739130434782,0.45604480137850395,False,False,False,False,True,False,False,False,True,False,False,False,True,False,False,True
0,0.14754098360655737,0.0,0.03278688524590164,0.6,0.6,0.75,0.2857142857142857,0.0,0.06666666666666667,0.0625,0.06666666666666667,0.06521739130434782,0.520785254930921,False,False,False,False,True,False,False,False,False,False,True,False,False,False,False,True
1,0.01639344262295082,0.0,0.06557377049180328,0.8,0.2,1.0,0.09523809523809523,1.0,0.7333333333333333,0.0625,0.06666666666666667,0.021739130434782608,0.4338902735468783,False,True,False,False,False,True,False,False,True,False,False,False,True,False,True,False
0,0.14754098360655737,0.0,0.16393442622950818,0.6,0.2,1.0,0.09523809523809523,0.0,0.06666666666666667,0.0625,0.06666666666666667,0.2391304347826087,0.5448783039478138,True,False,False,False,False,True,False,False,True,False,True,False,False,False,True,False
1,0.01639344262295082,0.0,0.09836065573770492,0.6,1.0,0.0,0.38095238095238093,0.0,0.2,0.0625,0.06666666666666667,0.08695652173913043,0.48949198436874986,True,False,False,False,True,False,False,False,True,False,False,False,True,False,True,False
1,0.0,0.5,0.19672131147540983,0.4,0.4,1.0,0.42857142857142855,1.0,0.26666666666666666,0.0625,0.0,0.043478260869565216,0.6138650420012923,False,False,False,False,False,False,False,True,False,False,False,False,False,False,True,False
1,0.0,0.0,0.07377049180327869,0.4,0.6,1.0,0.047619047619047616,1.0,0.0,0.0,0.0,0.0,0.37905781716360504,False,True,False,False,False,True,False,False,False,False,False,True,False,False,True,False
1,0.01639344262295082,1.0,0.14754098360655737,0.8,0.6,1.0,0.2857142857142857,0.0,0.3333333333333333,0.125,0.06666666666666667,0.06521739130434782,0.5484476445429091,True,False,False,False,False,False,True,False,False,False,True,False,False,False,False,True
1,0.01639344262295082,0.0,0.22131147540983606,0.8,0.8,0.75,0.2857142857142857,0.0,0.4,0.0625,0.06666666666666667,0.043478260869565216,0.46296809132588695,True,False,True,False,False,False,False,False,False,False,False,False,True,False,False,False
0,0.03278688524590164,0.0,0.16393442622950818,0.4,0.4,0.0,0.19047619047619047,0.0,0.06666666666666667,0.0625,0.0,0.043478260869565216,0.4388442721314502,False,True,True,False,False,False,False,False,True,False,True,False,False,False,True,False
1,0.01639344262295082,0.0,0.02459016393442623,0.6,0.6,0.0,0.47619047619047616,1.0,0.26666666666666666,0.1875,0.13333333333333333,0.06521739130434782,0.5319240592018216,True,False,False,False,True,False,False,False,True,False,False,False,True,False,True,False
0,0.14754098360655737,1.0,0.08196721311475409,0.8,0.6,0.25,0.09523809523809523,0.0,0.4,0.0625,0.06666666666666667,0.06521739130434782,0.463768115942029,True,False,False,False,False,True,False,False,False,False,False,False,True,False,False,False
0,0.01639344262295082,0.0,0.1721311475409836,0.8,0.8,1.0,0.09523809523809523,0.0,0.06666666666666667,0.0625,0.06666666666666667,0.17391304347826086,0.509738761192652,True,False,False,False,False,False,False,True,True,False,False,False,True,False,True,False
1,0.14754098360655737,0.0,0.03278688524590164,0.4,0.4,0.5,0.047619047619047616,0.0,0.13333333333333333,0.0,0.0,0.0,0.3513954275516169,True,False,False,False,False,True,False,False,True,False,False,False,True,False,False,True
0,0.01639344262295082,0.0,0.10655737704918032,0.6,0.6,0.75,0.09523809523809523,0.0,0.2,0.125,0.06666666666666667,0.06521739130434782,0.4536754977076218,False,True,False,False,True,False,False,False,False,False,False,False,True,False,False,False
0,0.4918032786885246,1.0,0.02459016393442623,0.4,0.4,0.75,0.19047619047619047,0.0,0.7333333333333333,0.625,0.8666666666666667,0.30434782608695654,0.0,False,False,False,False,True,False,False,False,True,True,False,False,False,False,True,False
1,0.06557377049180328,1.0,0.22131147540983606,0.6,0.8,0.75,0.14285714285714285,1.0,0.13333333333333333,0.0625,0.06666666666666667,0.06521739130434782,0.664451213883504,True,False,False,False,False,False,True,False,True,False,False,False,False,False,False,True
0,0.03278688524590164,0.0,0.14754098360655737,0.8,0.2,1.0,0.047619047619047616,0.0,0.6,0.0625,0.06666666666666667,0.17391304347826086,0.5588171943752116,True,False,False,False,True,False,False,False,True,False,True,False,False,False,False,True
0,0.18032786885245902,1.0,0.00819672131147541,0.4,0.6,0.25,0.19047619047619047,0.0,0.7333333333333333,0.0625,0.0,0.021739130434782608,0.5749715375857719,True,False,False,False,False,True,False,False,False,False,True,False,False,False,False,True
0,0.06557377049180328,0.0,0.03278688524590164,0.6,0.4,0.5,0.42857142857142855,0.0,0.06666666666666667,0.0625,0.06666666666666667,0.043478260869565216,0.7284839533524108,False,False,False,False,True,False,False,False,True,False,False,False,False,False,True,False
1,0.14754098360655737,1.0,0.22950819672131148,0.8,0.6,1.0,0.14285714285714285,0.0,0.26666666666666666,0.0625,0.06666666666666667,0.021739130434782608,0.5165082002523155,False,False,False,False,False,True,False,False,False,False,True,False,False,False,False,False
1,0.22950819672131148,1.0,0.01639344262295082,0.6,0.6,0.5,0.19047619047619047,1.0,0.26666666666666666,0.125,0.06666666666666667,0.021739130434782608,0.5301086187267301,False,False,False,False,False,False,False,True,True,False,True,False,False,False,False,True
1,0.0,0.0,0.07377049180327869,0.4,0.6,1.0,0.3333333333333333,0.0,0.0,0.0,0.0,0.0,0.38650420012923475,False,False,False,False,False,False,False,False,True,False,False,True,False,False,False,True
0,0.03278688524590164,0.0,0.03278688524590164,0.6,0.8,0.25,0.09523809523809523,1.0,0.13333333333333333,0.1875,0.13333333333333333,0.06521739130434782,0.5036154958614111,False,False,False,False,False,True,False,False,True,False,False,False,True,False,False,False
1,0.0,0.5,0.1885245901639344,0.6,0.6,0.75,0.047619047619047616,0.0,0.06666666666666667,0.0625,0.0,0.0,0.3957967937474999,False,False,False,False,False,False,False,True,False,False,False,True,False,False,True,False
1,0.0,1.0,0.09836065573770492,0.4,0.2,0.5,0.38095238095238093,0.0,0.06666666666666667,0.0625,0.0,0.043478260869565216,0.45253700113849654,False,False,False,False,False,False,False,True,True,False,True,False,False,False,False,False
1,0.0,1.0,0.02459016393442623,0.6,0.4,1.0,0.0,0.0,0.0,0.0,0.0,0.043478260869565216,0.40127388535031844,False,True,False,False,False,False,True,False,True,False,False,True,False,False,True,False
1,0.0,1.0,0.11475409836065574,0.4,0.4,0.5,0.14285714285714285,1.0,0.0,0.0,0.06666666666666667,0.043478260869565216,0.6109111049570756,True,False,False,False,False,False,True,False,False,False,True,False,False,False,False,True
1,0.01639344262295082,1.0,0.03278688524590164,0.6,0.8,0.25,0.38095238095238093,0.0,0.26666666666666666,0.0625,0.06666666666666667,0.021739130434782608,0.47032216375888486,False,False,False,False,False,True,False,False,False,False,False,False,True,False,False,True
1,0.03278688524590164,0.0,0.19672131147540983,0.6,0.4,1.0,0.0,0.0,0.13333333333333333,0.0,0.0,0.06521739130434782,0.4278285485707252,False,True,False,False,True,False,False,False,True,False,False,False,True,False,False,True
0,0.18032786885245902,0.0,0.01639344262295082,0.6,0.6,0.25,0.09523809523809523,0.0,0.13333333333333333,0.125,0.3333333333333333,0.17391304347826086,0.44970614480445553,False,True,False,False,False,True,False,False,False,False,False,False,True,False,False,True
0,0.47540983606557374,0.0,0.07377049180327869,0.6,0.4,1.0,0.19047619047619047,1.0,0.4666666666666667,0.0625,0.06666666666666667,0.043478260869565216,0.43869042124373053,False,True,False,False,False,True,False,False,False,False,False,False,True,False,True,False
0,0.06557377049180328,0.0,0.040983606557377046,0.8,0.6,0.5,0.09523809523809523,0.0,0.6666666666666666,0.125,0.06666666666666667,0.021739130434782608,0.44872149912305,False,False,False,False,True,False,False,False,False,False,False,False,True,False,True,False
0,0.04918032786885246,0.0,0.23770491803278687,0.8,0.6,0.5,0.23809523809523808,0.0,0.13333333333333333,0.125,0.06666666666666667,0.043478260869565216,0.5180159389519677,True,False,False,False,True,False,False,False,False,False,True,False,False,False,False,False
1,0.01639344262295082,0.0,0.20491803278688525,0.6,0.8,0.5,0.19047619047619047,1.0,0.2,0.125,0.06666666666666667,0.043478260869565216,0.5666635896489123,True,False,False,False,False,True,False,False,True,False,True,False,False,False,False,False
1,0.01639344262295082,1.0,0.11475409836065574,0.6,0.4,0.75,0.09523809523809523,0.0,0.3333333333333333,0.0625,0.06666666666666667,0.021739130434782608,0.4681990215083541,True,False,False,False,False,True,False,False,False,False,False,False,True,False,False,True
1,0.11475409836065574,0.0,0.1557377049180328,0.6,0.8,0.5,0.47619047619047616,1.0,0.4,0.125,0.06666666666666667,0.021739130434782608,0.4596141419735992,False,False,True,False,False,False,False,False,True,False,False,False,True,False,True,False
1,0.0,1.0,0.13934426229508196,0.6,0.4,1.0,0.09523809523809523,1.0,0.6,0.0625,0.0,0.0,0.571217575925413,True,False,False,False,False,True,False,False,False,False,False,False,False,False,False,True
0,0.2459016393442623,0.0,0.040983606557377046,0.4,0.4,0.25,0.047619047619047616,0.0,0.26666666666666666,0.0,0.6666666666666666,0.32608695652173914,0.8994738299639988,True,False,False,True,False,False,False,False,True,False,False,False,False,True,False,False
1,0.0,1.0,0.11475409836065574,0.4,0.4,0.75,0.23809523809523808,0.0,0.0,0.0625,0.0,0.0,0.4850918489799686,False,False,True,False,False,False,False,False,False,False,True,False,False,False,False,True
0,0.4918032786885246,1.0,0.21311475409836064,0.8,0.4,1.0,0.3333333333333333,0.0,0.0,0.375,0.4,0.1956521739130435,0.5426936213421951,True,False,False,False,False,True,False,False,False,False,False,False,False,False,False,True
0,0.11475409836065574,0.0,0.13934426229508196,0.8,0.6,0.0,0.047619047619047616,1.0,0.2,0.375,0.5333333333333333,0.043478260869565216,0.11384965691252039,True,False,False,False,True,False,False,False,False,False,True,False,False,False,True,False
1,0.0,0.0,0.03278688524590164,0.4,0.4,0.5,0.047619047619047616,0.0,0.06666666666666667,0.125,0.4,0.15217391304347827,0.43336718052863166,False,False,False,False,False,True,False,False,False,False,False,False,True,False,False,True
0,0.18032786885245902,0.5,0.08196721311475409,0.6,0.6,0.75,0.14285714285714285,0.0,0.2,0.3125,0.26666666666666666,0.17391304347826086,0.5098926120803717,True,False,False,False,False,False,False,True,True,False,True,False,False,False,True,False
0,0.29508196721311475,0.0,0.00819672131147541,0.6,0.2,0.25,0.0,0.0,0.26666666666666666,0.0625,0.0,0.15217391304347827,0.898550724637681,True,False,False,False,False,False,False,True,True,False,False,False,False,True,False,False
0,0.18032786885245902,0.0,0.14754098360655737,0.6,0.6,0.5,0.0,0.0,0.4666666666666667,0.0,0.0,0.1956521739130435,0.5791870519092894,True,False,False,False,False,True,False,False,False,False,False,False,False,False,False,False
0,0.0,1.0,0.23770491803278687,0.4,0.6,0.5,0.09523809523809523,0.0,0.4666666666666667,0.0625,0.06666666666666667,0.043478260869565216,0.5735253392412074,True,False,False,False,False,True,False,False,True,False,True,False,False,False,True,False
0,0.08196721311475409,1.0,0.05737704918032787,0.4,0.4,0.5,0.047619047619047616,0.0,0.3333333333333333,0.3125,0.26666666666666666,0.15217391304347827,0.46186036493430566,True,False,False,False,True,False,False,False,True,False,True,False,False,False,False,True
0,0.01639344262295082,0.0,0.03278688524590164,0.6,0.4,0.75,0.0,0.0,0.4,0.0,0.0,0.15217391304347827,0.5432474845379858,True,False,False,False,True,False,False,False,False,False,False,False,False,False,True,False
1,0.04918032786885246,1.0,0.20491803278688525,0.6,0.0,0.75,0.19047619047619047,1.0,0.3333333333333333,0.0625,0.06666666666666667,0.0,0.7136834979537832,False,False,False,False,False,True,False,False,False,True,False,False,False,False,False,True
0,0.03278688524590164,0.0,0.06557377049180328,0.6,0.8,0.5,0.09523809523809523,1.0,0.26666666666666666,0.125,0.06666666666666667,0.06521739130434782,0.46779900920028306,False,False,False,False,False,True,False,False,True,False,False,False,True,False,True,False
0,0.16393442622950818,1.0,0.14754098360655737,0.8,0.8,1.0,0.23809523809523808,0.0,0.2,0.125,0.06666666666666667,0.06521739130434782,0.5583864118895966,True,False,False,False,False,False,True,False,False,False,True,False,False,False,False,False
0,0.16393442622950818,0.0,0.03278688524590164,0.8,0.6,0.75,0.23809523809523808,1.0,0.8,0.125,0.06666666666666667,0.021739130434782608,0.5988491953598573,True,False,False,False,False,False,False,True,False,False,True,False,False,False,True,False
0,0.3114754098360656,0.0,0.02459016393442623,0.4,0.4,0.5,0.2857142857142857,0.0,0.13333333333333333,0.0625,0.0,0.021739130434782608,0.8572879165512786,True,False,False,False,False,True,False,False,True,True,False,False,False,False,False,False
1,0.18032786885245902,1.0,0.23770491803278687,0.8,0.2,0.5,0.23809523809523808,1.0,0.13333333333333333,0.125,0.06666666666666667,0.08695652173913043,0.5814640450475399,False,False,False,False,False,True,False,False,False,False,True,False,False,False,False,True
1,0.0,1.0,0.13934426229508196,0.6,0.4,0.5,0.09523809523809523,0.0,0.13333333333333333,0.0625,0.0,0.0,0.5588171943752116,True,False,False,False,False,False,True,False,True,False,False,False,False,False,True,False
1,0.01639344262295082,1.0,0.1721311475409836,0.6,0.8,0.75,0.09523809523809523,1.0,0.5333333333333333,0.0625,0.06666666666666667,0.021739130434782608,0.45887565771254496,False,True,False,False,False,False,True,False,True,False,False,False,True,False,False,False
0,0.14754098360655737,0.0,0.04918032786885246,0.6,0.4,0.75,0.38095238095238093,0.0,0.3333333333333333,0.125,0.13333333333333333,0.15217391304347827,0.4896766054340133,True,False,False,False,False,True,False,False,True,False,True,False,False,False,False,True
1,0.21311475409836064,1.0,0.07377049180327869,0.4,0.4,0.5,0.14285714285714285,1.0,0.2,0.0,0.0,0.06521739130434782,0.5168159020277547,False,False,True,False,False,False,False,False,True,False,True,False,False,False,True,False
1,0.01639344262295082,0.0,0.13114754098360656,0.6,0.6,0.25,0.047619047619047616,1.0,0.13333333333333333,0.1875,0.4666666666666667,0.17391304347826086,0.6170343702883165,False,False,False,False,False,False,False,True,False,False,False,False,False,False,False,True
0,0.4098360655737705,0.0,0.23770491803278687,0.4,0.0,0.5,0.09523809523809523,1.0,0.0,0.0625,0.06666666666666667,0.043478260869565216,0.7153143173636113,False,False,False,False,True,False,False,False,False,True,False,False,False,False,True,False
1,0.03278688524590164,0.0,0.03278688524590164,0.6,0.6,0.75,0.23809523809523808,0.0,0.06666666666666667,0.125,0.06666666666666667,0.10869565217391304,0.5340164312748085,True,False,False,False,True,False,False,False,True,False,True,False,False,False,True,False
0,0.11475409836065574,0.0,0.03278688524590164,0.6,0.6,0.0,0.047619047619047616,0.0,0.26666666666666666,0.125,0.06666666666666667,0.06521739130434782,0.4615526631588664,True,False,False,False,False,True,False,False,True,False,False,False,True,False,False,True
1,0.14754098360655737,0.0,0.21311475409836064,0.4,0.8,0.5,0.047619047619047616,0.0,0.06666666666666667,0.0625,0.0,0.021739130434782608,0.378257792547463,False,True,False,False,False,True,False,False,True,False,False,True,False,False,False,True
0,0.29508196721311475,0.0,0.03278688524590164,0.8,0.2,0.0,0.09523809523809523,1.0,0.6,0.4375,0.4,0.17391304347826086,0.6270654481676359,True,False,False,False,False,True,False,False,False,False,False,False,False,False,True,False
1,0.08196721311475409,0.0,0.05737704918032787,0.8,0.8,1.0,0.3333333333333333,0.0,0.4666666666666667,0.0625,0.06666666666666667,0.021739130434782608,0.4494599833841041,False,False,False,False,False,True,False,False,True,False,False,False,True,False,True,False
1,0.0,0.0,0.02459016393442623,0.4,0.6,0.25,0.047619047619047616,0.0,0.7333333333333333,0.0,0.0,0.0,0.341610511092649,True,False,False,False,False,True,False,False,True,False,False,False,True,False,False,True
0,0.2459016393442623,1.0,0.10655737704918032,0.6,0.4,0.0,0.14285714285714285,1.0,0.06666666666666667,0.0625,0.0,0.0,0.46422966860518783,True,False,False,False,False,False,True,False,True,False,True,False,False,False,True,False
1,0.01639344262295082,1.0,0.03278688524590164,0.6,0.6,1.0,0.047619047619047616,0.0,0.06666666666666667,0.0625,0.06666666666666667,0.06521739130434782,0.47819932921012953,True,False,False,False,False,False,True,False,True,False,False,False,True,False,True,False
1,0.01639344262295082,1.0,0.04918032786885246,0.6,0.8,0.0,0.09523809523809523,1.0,0.13333333333333333,0.3125,0.4666666666666667,0.10869565217391304,0.5639558140250469,True,False,False,False,False,False,True,False,True,False,True,False,False,False,False,True
0,0.0,1.0,0.040983606557377046,0.4,0.6,1.0,0.047619047619047616,0.0,0.06666666666666667,0.0625,0.0,0.06521739130434782,0.43865965106618665,False,True,False,False,False,False,True,False,True,False,True,False,False,False,False,False
1,0.14754098360655737,0.0,0.21311475409836064,0.4,0.6,0.75,0.19047619047619047,1.0,0.6,0.0,0.06666666666666667,0.043478260869565216,0.37887319609834147,False,True,False,False,False,False,False,False,True,False,False,True,False,False,False,True
0,0.04918032786885246,0.0,0.13934426229508196,0.6,0.4,0.0,0.047619047619047616,0.0,0.06666666666666667,0.0,0.0,0.17391304347826086,0.395766023569956,False,True,False,False,False,True,False,False,True,False,False,True,False,False,True,False
1,0.3114754098360656,1.0,0.12295081967213115,0.6,0.2,0.5,0.3333333333333333,1.0,0.4666666666666667,0.0625,0.2,0.1956521739130435,0.8060248007631003,True,False,False,False,False,False,True,False,True,True,False,False,False,False,False,True
0,0.21311475409836064,0.5,0.05737704918032787,0.4,0.4,0.0,0.047619047619047616,1.0,0.6666666666666666,0.0625,0.4,0.15217391304347827,0.8134711837287301,True,False,False,False,True,False,False,False,True,True,False,False,False,False,False,True
0,0.01639344262295082,0.0,0.01639344262295082,0.6,0.8,1.0,0.2857142857142857,0.0,0.6,0.1875,0.13333333333333333,0.021739130434782608,0.5168774423828425,False,False,True,False,False,False,False,False,True,False,True,False,False,False,True,False
0,0.32786885245901637,0.0,0.21311475409836064,0.4,0.4,0.5,0.09523809523809523,0.0,0.8,0.0625,0.7333333333333333,0.2391304347826087,0.5733407181759439,True,False,False,False,True,False,False,False,True,False,False,False,False,False,False,True
0,0.29508196721311475,0.5,0.040983606557377046,0.4,0.8,0.5,0.19047619047619047,0.0,0.6666666666666666,0.0625,0.0,0.06521739130434782,0.607895627557771,True,False,False,False,False,True,False,False,False,False,False,False,False,False,True,False
1,0.0,0.0,0.07377049180327869,0.4,0.6,0.5,0.047619047619047616,0.0,0.6,0.0625,0.06666666666666667,0.043478260869565216,0.3884734914920459,False,False,False,False,False,True,False,False,False,False,False,True,False,False,False,True
0,0.21311475409836064,0.0,0.09836065573770492,0.8,0.6,0.5,0.38095238095238093,0.0,0.7333333333333333,0.1875,0.06666666666666667,0.06521739130434782,0.7989168897504538,True,False,False,False,True,False,False,False,True,False,False,False,False,False,False,True
1,0.21311475409836064,1.0,0.23770491803278687,0.4,0.6,1.0,0.19047619047619047,1.0,0.13333333333333333,0.0,0.06666666666666667,0.0,0.6416812825010001,True,False,False,False,False,False,True,False,True,False,False,False,False,False,True,False
0,0.2786885245901639,1.0,0.22950819672131148,0.8,0.6,0.0,0.09523809523809523,1.0,0.26666666666666666,0.125,0.26666666666666666,0.2826086956521739,0.9064586602664696,False,False,False,False,False,True,False,False,True,True,False,False,False,False,True,False
1,0.14754098360655737,0.0,0.00819672131147541,0.6,0.4,0.25,0.09523809523809523,1.0,0.3333333333333333,0.125,0.06666666666666667,0.0,0.378257792547463,False,True,False,False,False,False,False,False,True,False,False,True,False,False,False,False
1,0.01639344262295082,0.0,0.2459016393442623,0.6,0.4,1.0,0.3333333333333333,1.0,0.5333333333333333,0.0625,0.0,0.0,0.513031170189852,True,False,False,False,True,False,False,False,True,False,True,False,False,False,True,False
0,0.11475409836065574,0.0,0.06557377049180328,0.6,0.4,0.0,0.047619047619047616,0.0,0.13333333333333333,0.0,0.0,0.0,0.39915074309978765,False,True,False,False,False,False,False,False,True,False,False,True,False,False,False,True
0,0.21311475409836064,0.0,0.09016393442622951,0.8,0.6,0.75,0.47619047619047616,0.0,0.3333333333333333,0.125,0.06666666666666667,0.08695652173913043,0.5933105634019508,False,False,False,False,False,True,False,False,True,False,True,False,False,False,False,True
1,0.01639344262295082,0.5,0.06557377049180328,0.8,0.6,1.0,0.23809523809523808,1.0,0.8,0.125,0.06666666666666667,0.06521739130434782,0.44841379734761067,False,True,False,False,False,False,False,True,True,False,False,False,True,False,True,False
1,0.01639344262295082,0.0,0.03278688524590164,0.6,0.6,0.5,0.3333333333333333,0.0,0.4666666666666667,0.0625,0.13333333333333333,0.043478260869565216,0.5194621372965321,True,False,False,False,True,False,False,False,True,False,False,False,True,False,False,True
0,0.18032786885245902,1.0,0.03278688524590164,0.6,0.4,0.5,0.0,0.0,0.06666666666666667,0.0625,0.26666666666666666,0.2826086956521739,0.6341425890027385,True,False,False,False,False,True,False,False,True,False,False,False,False,False,True,False
0,0.04918032786885246,1.0,0.2459016393442623,0.4,0.4,0.75,0.14285714285714285,0.0,0.06666666666666667,0.0,0.0,0.06521739130434782,0.5923259177205452,True,False,True,False,False,False,False,False,True,False,False,False,False,False,True,False
1,0.14754098360655737,0.0,0.04918032786885246,0.6,0.6,1.0,0.2857142857142857,0.0,0.4,0.0,0.0,0.0,0.37253453952429305,False,False,False,False,False,True,False,False,True,False,False,True,False,False,True,False
1,0.01639344262295082,1.0,0.01639344262295082,0.8,1.0,1.0,0.047619047619047616,0.0,0.7333333333333333,0.125,0.06666666666666667,0.021739130434782608,0.45616788208867964,False,False,True,False,False,False,False,False,False,False,False,False,True,False,False,True
0,0.13114754098360656,1.0,0.03278688524590164,0.6,0.6,0.25,0.09523809523809523,0.0,0.8,0.0625,0.06666666666666667,0.10869565217391304,0.5776793132096373,True,False,False,False,False,False,False,True,True,False,True,False,False,False,False,True
1,0.08196721311475409,1.0,0.18032786885245902,0.8,0.6,0.75,0.09523809523809523,1.0,0.8,0.0625,0.06666666666666667,0.06521739130434782,0.48124557678697805,True,False,False,False,False,False,True,False,False,False,False,False,True,False,False,True
0,0.06557377049180328,1.0,0.05737704918032787,0.6,0.6,0.25,0.14285714285714285,0.0,0.13333333333333333,0.1875,0.4666666666666667,0.06521739130434782,0.6744515215852795,True,False,False,False,False,True,False,False,False,False,False,False,False,False,False,False
1,0.0,0.0,0.02459016393442623,0.6,0.4,0.0,0.2857142857142857,1.0,0.13333333333333333,0.125,0.06666666666666667,0.043478260869565216,0.42222837625773096,False,False,False,False,False,True,False,False,True,False,False,False,True,False,False,False
1,0.0,1.0,0.22950819672131148,0.4,0.4,0.0,0.047619047619047616,1.0,0.4666666666666667,0.1875,0.4,0.15217391304347827,0.486568817502077,True,False,False,False,False,True,False,False,True,False,True,False,False,False,False,True
0,0.32786885245901637,0.0,0.12295081967213115,0.6,0.4,0.75,0.38095238095238093,0.0,0.4666666666666667,0.0,0.0,0.15217391304347827,0.47592233607187906,False,False,True,False,False,False,False,False,True,False,True,False,False,False,True,False
1,0.01639344262295082,0.0,0.040983606557377046,0.8,0.6,1.0,0.2857142857142857,0.0,0.2,0.125,0.06666666666666667,0.06521739130434782,0.5086618049786147,True,False,False,False,True,False,False,False,True,False,False,False,True,False,False,False
0,0.08196721311475409,1.0,0.22131147540983606,0.6,0.4,0.0,0.0,0.0,0.4666666666666667,0.125,0.06666666666666667,0.043478260869565216,0.4450906181728669,False,False,False,False,False,False,True,False,True,False,True,False,False,False,True,False
1,0.0,1.0,0.04918032786885246,0.6,0.4,0.5,0.047619047619047616,1.0,0.13333333333333333,0.0,0.0,0.0,0.3954275516169728,False,True,False,False,False,False,True,False,False,False,False,True,False,False,False,True
0,0.3114754098360656,1.0,0.02459016393442623,0.6,0.4,1.0,0.38095238095238093,0.0,0.8,0.0625,0.9333333333333333,0.1956521739130435,0.832271762208068,True,False,False,False,False,False,True,False,False,True,False,False,False,False,True,False
0,0.04918032786885246,1.0,0.09836065573770492,0.6,0.6,0.75,0.09523809523809523,0.0,0.26666666666666666,0.1875,0.13333333333333333,0.06521739130434782,0.45530631711744973,False,True,False,False,False,False,True,False,True,False,False,False,True,False,True,False
1,0.01639344262295082,0.5,0.16393442622950818,0.6,0.2,1.0,0.047619047619047616,0.0,0.4666666666666667,0.125,0.06666666666666667,0.021739130434782608,0.47558386411889597,True,False,False,False,False,False,False,True,True,False,False,False,True,False,True,False
1,0.0,0.0,0.07377049180327869,0.4,0.6,0.5,0.047619047619047616,1.0,0.2,0.0,0.0,0.15217391304347827,0.3805040155081695,False,False,False,False,False,False,False,False,False,False,False,True,False,False,False,False
1,0.01639344262295082,0.0,0.13934426229508196,0.6,0.6,0.5,0.38095238095238093,1.0,0.13333333333333333,0.0625,0.4666666666666667,0.17391304347826086,0.8034093356718669,True,False,False,False,True,False,False,False,True,False,False,False,False,False,True,False
1,0.14754098360655737,0.0,0.04918032786885246,0.6,0.6,1.0,0.2857142857142857,0.0,0.4,0.0625,0.0,0.0,0.37253453952429305,False,False,False,False,False,True,False,False,True,False,False,True,False,False,True,False
1,0.0,0.0,0.07377049180327869,0.6,0.6,1.0,0.2857142857142857,0.0,0.13333333333333333,0.0,0.0,0.15217391304347827,0.3803809347979938,False,True,True,False,False,False,False,False,True,False,False,True,False,False,False,True
1,0.0,1.0,0.03278688524590164,0.4,0.6,0.0,0.047619047619047616,1.0,0.0,0.1875,0.13333333333333333,0.15217391304347827,0.625403858580264,True,False,False,False,False,True,False,False,True,False,False,False,False,False,True,False
0,0.5081967213114754,1.0,0.2540983606557377,0.6,0.8,0.0,0.19047619047619047,0.0,0.13333333333333333,0.0625,0.06666666666666667,0.021739130434782608,0.8190405858641804,True,False,False,False,False,False,True,False,True,True,False,False,False,False,True,False
1,0.01639344262295082,0.0,0.13114754098360656,0.6,0.6,0.25,0.2857142857142857,1.0,0.2,0.0625,0.06666666666666667,0.10869565217391304,0.4595833717960553,False,True,False,False,True,False,False,False,True,False,False,False,True,False,False,False
1,0.0,1.0,0.11475409836065574,0.4,0.4,0.75,0.23809523809523808,0.0,0.0,0.0,0.0,0.0,0.4850918489799686,False,False,True,False,False,False,False,False,False,False,True,False,False,False,False,True
